연번,보험구분,사업장명,사업장우편번호,사업장주소,고용보험 업종코드,고용보험 업종명,산재보험 성립일자,고용보험 성립일자,산재보험 상시근로자수,고용보험 상시근로자수,산재보험 사업구분,고용보험 사업구분,사업자등록번호,사업장관리번호,고용보험 업종코드(제11차),고용보험 업종명(제11차)
737765,0,광주광역시 동구청소년문화의집,61411,동구 필문대로171번길 1-17,85614,청소년 수련시설 운영업,45017,45017,7,7,계속,계속,2558200514,25582005140,85614,청소년 수련시설 운영업
989112,0,주식회사 동인시스템,61488,광주 동구,47912,전자상거래 소매업,44682,44682,15,14,계속,계속,3508702734,35087027340,47912,전자상거래 소매업
368242,0,무진하우징,61407,광주 동구 갈마로  12,42412,"도배, 실내장식 및 내장 목공사업",45393,45393,1,1,일괄유기,일괄유기,1391103674,13911036746,42412,"도배, 실내장식 및 내장 목공사업"
124534,0,제인한의원,61409,광주 동구 갈마로 46,86203,한의원,43801,43801,2,2,계속,계속,1179201073,11792010730,86203,한의원
205136,0,파리바게트두암타운점,61409,광주 동구 갈마로 46,56150,제과점업,43101,43101,7,7,계속,계속,1254500237,12545002370,56150,제과점업
350150,0,두암개발,61409,광주 동구 갈마로 46,68112,비주거용 건물 임대업,42705,42705,1,1,계속,계속,1375700140,13757001400,68112,비주거용 건물 임대업
465566,0,두암한방병원,61409,광주 동구 갈마로 46,86104,한방 병원,43228,43228,42,42,계속,계속,1809400703,18094007030,86104,한방 병원
828761,0,메가엠지씨커피 광주두암사거리점,61409,광주 동구 갈마로 46,56221,커피 전문점,45813,45813,1,1,계속,계속,3023301655,30233016550,56221,커피 전문점
820321,0,배스킨라빈스 광주두암점,61409,광주 동구 갈마로 48,56199,간이음식 포장 판매 전문점,44081,44081,6,6,계속,계속,3015200372,30152003720,56199,간이음식 포장 판매 전문점
555229,0,명품상무팥죽두암점,61409,광주 동구 갈마로 50,56111,한식 일반 음식점업,43872,43872,1,1,계속,계속,2093112897,20931128970,56111,한식 일반 음식점업
790317,0,비젼골프존,61409,광주 동구 갈마로 56,91136,골프연습장 운영업,44682,44682,1,1,계속,계속,2850902320,28509023200,91136,골프연습장 운영업
923575,0,씨유산수그린점,61409,광주 동구 갈마로 58,47122,체인화 편의점,44867,44867,7,7,계속,계속,3162201774,31622017740,47122,체인화 편의점
944842,0,바른까페,61409,광주 동구 갈마로 58,56221,커피 전문점,44621,44621,2,2,계속,계속,3250402448,32504024480,56221,커피 전문점
123013,0,주식회사 유은플러스,61424,광주 동구 경양로  234,41999,건설업본사,43740,43740,4,4,계속,계속,1178192224,11781922240,41999,건설업본사
507503,1,동성인테리어,61423,광주 동구 경양로  269,,,45071,,1,0,일괄유기,,2020799957,20207999576,,
498247,0,남평부영식육점광주본점,61421,광주 동구 경양로 215,47212,육류 소매업,45170,45170,17,17,계속,계속,1999901434,19999014340,47212,육류 소매업
941694,0,피자풀(PIZZAFULL)동구점,61428,광주 동구 경양로 270,56161,"피자, 햄버거, 샌드위치 및 유사 음식점업",45323,45323,1,1,계속,계속,3231802167,32318021670,56161,"피자, 햄버거, 샌드위치 및 유사 음식점업"
543730,0,씨유광주산수점,61430,광주 동구 경양로 322,47122,체인화 편의점,42580,42580,3,3,계속,계속,2071793302,20717933020,47122,체인화 편의점
680482,0,푸른길약국,61417,광주 동구 경양로 349,47811,의약품 및 의료용품 소매업,44823,44823,1,1,계속,계속,2271652346,22716523460,47811,의약품 및 의료용품 소매업
156412,0,건강녹즙,61433,광주 동구 경양로 372-1,46319,기타 신선식품 및 단순 가공식품 도매업,45111,45111,1,1,계속,계속,1217700027,12177000270,46319,기타 신선식품 및 단순 가공식품 도매업
396620,0,뭉몽만남,61433,광주 동구 경양로 374,56221,커피 전문점,45352,45352,1,1,계속,계속,1432001866,14320018660,56221,커피 전문점
967233,0,건양씨푸드냉동,61418,광주 동구 경양로 377-1,47214,"신선, 냉동 및 기타 수산물 소매업",44256,44256,1,1,계속,계속,3379801039,33798010390,47214,"신선, 냉동 및 기타 수산물 소매업"
58323,0,그랜드공인중개사사무소,61421,광주 동구 경양로217번길 1,68221,부동산 중개 및 대리업,43901,43901,1,1,계속,계속,1081128481,10811284810,68221,부동산 중개 및 대리업
350053,0,좋은온누리약국,61421,광주 동구 경양로235번길 1,47811,의약품 및 의료용품 소매업,44965,44965,3,3,계속,계속,1374401042,13744010420,47811,의약품 및 의료용품 소매업
578317,0,강덕화치과의원,61421,광주 동구 경양로235번길 1,86202,치과 의원,44789,44789,3,3,계속,계속,2119670507,21196705070,86202,치과 의원
833889,0,CU광주센트럴점,61421,광주 동구 경양로235번길 1,47122,체인화 편의점,44788,44788,6,6,계속,계속,3032262192,30322621920,47122,체인화 편의점
877257,0,메가엠지씨커피 광주계림센트럴점,61421,광주 동구 경양로235번길 1,56221,커피 전문점,45554,45554,6,6,계속,계속,3101094248,31010942480,56221,커피 전문점
552075,0,(유)건호기업,61423,광주 동구 경양로259번길  21,25999,그 외 기타 분류 안된 금속 가공 제품 제조업,43862,43862,4,4,계속,계속,2088801616,20888016160,25999,그 외 기타 분류 안된 금속 가공 제품 제조업
496471,0,유캔두잇2영어학원,61415,광주 동구 경양로305번길 11,85631,외국어학원,45103,45103,2,2,계속,계속,1989801623,19898016230,85631,외국어학원
146056,0,광주충장베이스볼클럽,61418,광주 동구 경양로379번길 19,85612,기타 스포츠 교육기관,44621,44621,2,2,계속,계속,1208276213,12082762130,85612,기타 스포츠 교육기관
400397,0,용흥상사,61421,광주 동구 무등로306번길 27,47599,그 외 기타 분류 안된 가정용품 소매업,43070,43070,1,1,계속,계속,1440500509,14405005090,47599,그 외 기타 분류 안된 가정용품 소매업
733993,0,더블유유통계림점,61421,광주 동구 계림동,47121,슈퍼마켓,44228,44228,2,2,계속,계속,2536300536,25363005360,47121,슈퍼마켓
924878,0,(주)이스터건설,61413,광주 동구 계림로 5-1,42499,그 외 기타 건축 마무리 공사업,40981,40981,2,1,일괄유기,일괄유기,3168118501,31681185016,42499,그 외 기타 건축 마무리 공사업
425344,0,기살림빛고을사회적협동조합,61415,광주 동구 계림로20번길 13,87299,그 외 기타 비거주 복지 서비스업,44105,44105,3,3,계속,계속,1578200281,15782002810,87299,그 외 기타 비거주 복지 서비스업
991918,0,두산위브어린이집,61414,광주 동구 계림로30번길 15,87210,보육시설 운영업,43711,43711,8,8,계속,계속,3528001523,35280015230,87210,보육시설 운영업
557663,1,민물장어양식수산업협동조합 광주금융센터,61480,광주 동구 구성로 156-1,,,45293,,9,0,계속,,2098212676,20982126760,,
107762,0,비트원,61480,광주 동구 구성로 156-5,42412,"도배, 실내장식 및 내장 목공사업",44972,44972,1,1,일괄유기,일괄유기,1145800557,11458005576,42412,"도배, 실내장식 및 내장 목공사업"
114625,0,티카페(T-cafe),61477,광주 동구 구성로 159,56221,커피 전문점,44200,44200,1,1,계속,계속,1161201627,11612016270,56221,커피 전문점
772251,0,사)광주귀금속보석기술협회,61480,광주 동구 구성로 162-1,94990,그 외 기타 협회 및 단체,45292,45292,1,1,계속,계속,2748200553,27482005530,94990,그 외 기타 협회 및 단체
411631,0,세무법인선앤문충장로지점,61480,광주 동구 구성로 166,71202,세무사업,45292,45292,3,3,계속,계속,1498502367,14985023670,71202,세무사업
563209,0,충장공원지역주택조합추진위원회,61481,광주 동구 구성로 168-1,68121,주거용 건물 개발 및 공급업,44385,44385,1,1,계속,계속,2108020361,21080203610,68121,주거용 건물 개발 및 공급업
418604,0,(주)광주에어,61472,광주 동구 구성로 180,75210,여행사업,43191,43191,1,0,계속,계속,1538600628,15386006280,75210,여행사업
735949,0,딕스어스광주(주),61472,광주 동구 구성로 180,75992,"전시, 컨벤션 및 행사 대행업",45173,45173,1,1,계속,계속,2548102040,25481020400,75992,"전시, 컨벤션 및 행사 대행업"
688611,0,(주)아파트너스,61472,광주 동구 구성로 190,71531,경영 컨설팅업,42528,42528,23,23,계속,계속,2298140617,22981406170,71531,경영 컨설팅업
418969,0,에스에이치코리아 유한회사,61473,광주 동구 구성로 194-1,46107,그 외 기타 특정 상품 중개업,45659,45659,7,7,계속,계속,1538802784,15388027840,46107,그 외 기타 특정 상품 중개업
472268,0,하오주식회사,61426,광주 동구 구성로 215,47911,전자상거래 소매 중개업,45121,45121,2,2,계속,계속,1848802492,18488024920,47911,전자상거래 소매 중개업
765034,0,다미식당,61426,광주 동구 구성로 215,56111,한식 일반 음식점업,44595,44595,1,1,계속,계속,2703700089,27037000890,56111,한식 일반 음식점업
799236,0,한국별관,61427,광주 동구 구성로 216,56111,한식 일반 음식점업,44348,44348,2,2,계속,계속,2902301256,29023012560,56111,한식 일반 음식점업
948276,0,정,61427,광주 동구 구성로 220,56111,한식 일반 음식점업,44287,44287,1,1,계속,계속,3270400785,32704007850,56111,한식 일반 음식점업
506100,0,농업회사법인솔빛농원유한회사,61428,광주 동구 구성로 240,71519,기타 산업 회사 본부,44866,44866,1,1,계속,계속,2018801916,20188019160,71519,기타 산업 회사 본부
545653,0,케이야크(K-YARC)문화예술교류,61422,광주 동구 구성로 263,75992,"전시, 컨벤션 및 행사 대행업",43344,43344,0,0,계속,계속,2078093913,20780939130,75992,"전시, 컨벤션 및 행사 대행업"
999868,0,디메이슨,61423,광주 동구 구성로 266,59113,광고 영화 및 비디오물 제작업,44268,44268,1,1,계속,계속,3571201330,35712013300,59113,광고 영화 및 비디오물 제작업
862963,0,스테이호텔,61479,광주 동구 구성로144번길 5,55101,호텔업,43952,43952,2,2,계속,계속,3075800294,30758002940,55101,호텔업
476525,0,돈일촌,61480,광주 동구 구성로152번길 19,56111,한식 일반 음식점업,44256,44256,3,3,계속,계속,1874500254,18745002540,56111,한식 일반 음식점업
439631,0,플루크,61479,광주 동구 구성로152번길 28-4,56221,커피 전문점,44409,44409,3,3,계속,계속,1660401516,16604015160,56221,커피 전문점
402068,0,주식회사 에이에이앤티,61480,광주 동구 구성로152번길 5,46443,화장품 및 화장용품 도매업,42065,42065,1,1,계속,계속,1448122375,14481223750,46443,화장품 및 화장용품 도매업
166297,0,명신상사,61480,광주 동구 구성로152번길 5-4,46622,"철물, 금속 파스너 및 수공구 도매업",44562,44562,1,1,계속,계속,1223714794,12237147940,46622,"철물, 금속 파스너 및 수공구 도매업"
409293,0,빵굼터,61473,광주 동구 구성로194번길 15-21,10602,빵류 제조업,45170,45170,3,3,계속,계속,1482801402,14828014020,10602,빵류 제조업
742214,1,광명건재,61472,광주 동구 구성로194번길 18,,,44638,,1,0,일괄유기,,2582201288,25822012886,,
859000,0,(주)홍진건설,61473,광주 동구 구성로204번길 13,42121,토공사업,43733,43733,87,156,일괄유기,일괄유기,3068137705,30681377056,42121,토공사업
707126,0,대양건설기술단(주),61473,광주 동구 구성로204번길 15-7,72919,"기타 기술 시험, 검사 및 분석업",44927,44927,11,11,계속,계속,2378702595,23787025950,72919,"기타 기술 시험, 검사 및 분석업"
780327,0,세무사 임진정사무소,61473,광주 동구 구성로204번길 19,71202,세무사업,45292,45292,7,7,계속,계속,2794001294,27940012940,71202,세무사업
655365,0,유한회사 디에스어패럴,61473,광주 동구 구성로204번길 26,14192,"근무복, 작업복 및 유사의복 제조업",44859,44859,3,3,계속,계속,2228602975,22286029750,14192,"근무복, 작업복 및 유사의복 제조업"
419714,1,에스엠산업,61428,광주 동구 구성로238번길 17-18,,,44160,,1,0,일괄유기,,1543700550,15437005506,,
523911,0,금남로지하상가상인회,61475,광주 동구 서석로 56,74100,사업시설 유지관리 서비스업,43462,43462,0,0,계속,계속,2048281580,20482815800,74100,사업시설 유지관리 서비스업
782590,0,(주)에스씨에이게임광주,61482,광주 동구 금남로  238,85669,기타 기술 및 직업훈련학원,44228,44228,8,8,계속,계속,2808500786,28085007860,85669,기타 기술 및 직업훈련학원
546354,0,사회적협동조합 살림,61482,광주 동구 금남로  246,71531,경영 컨설팅업,42730,42730,6,6,계속,계속,2078207594,20782075940,71531,경영 컨설팅업
758296,0,종착역 금남점,61471,광주 동구 금남로 161-20,56111,한식 일반 음식점업,45231,45231,6,6,계속,계속,2667800443,26678004430,56111,한식 일반 음식점업
731462,0,홍월 대인점,61471,광주 동구 금남로 161-42,56121,중식 음식점업,45231,45231,3,3,계속,계속,2520302949,25203029490,56121,중식 음식점업
715790,0,주식회사네고지오,61472,광주 동구 금남로 181,71519,기타 산업 회사 본부,44434,44434,1,1,계속,계속,2428802139,24288021390,71519,기타 산업 회사 본부
384487,0,광주중앙영상의학과의원,61481,광주 동구 금남로 184,86201,일반 의원,42522,42522,17,17,계속,계속,1415300253,14153002530,86201,일반 의원
781061,0,유한회사위드씨엔엠,61481,광주 동구 금남로 184,68212,비주거용 부동산 관리업,44228,44228,2,2,계속,계속,2798700984,27987009840,68212,비주거용 부동산 관리업
749639,0,지에스이십오광주금남로점,61472,광주 동구 금남로 185,47122,체인화 편의점,43557,43557,5,1,계속,계속,2621800980,26218009800,47122,체인화 편의점
547002,0,주식회사퍼니플럭스광주,61481,광주 동구 금남로 186,59112,애니메이션 영화 및 비디오물 제작업,43891,43891,26,26,계속,계속,2078801665,20788016650,59112,애니메이션 영화 및 비디오물 제작업
705370,0,주식회사새인,61472,광주 동구 금남로 187,41121,사무상업용 및 공공기관용 건물 건설업,44662,44662,1,1,일괄유기,일괄유기,2368701647,23687016476,41121,사무상업용 및 공공기관용 건물 건설업
115338,0,와이케이컨설팅(yk컨설팅),61481,광주 동구 금남로 188-1,71531,경영 컨설팅업,45126,45126,1,1,계속,계속,1166500610,11665006100,71531,경영 컨설팅업
809938,0,광주맛집소신식당,61481,광주 동구 금남로 188-1,56111,한식 일반 음식점업,45111,45111,1,1,계속,계속,2964900916,29649009160,56111,한식 일반 음식점업
496962,0,엘인(LiN),61472,광주 동구 금남로 193-12,58222,응용 소프트웨어 개발 및 공급업,44635,44635,1,1,계속,계속,1992601309,19926013090,58222,응용 소프트웨어 개발 및 공급업
826248,0,주식회사위에이드,61472,광주 동구 금남로 193-12,26219,기타 표시장치 제조업,45128,45128,3,3,계속,계속,3018802817,30188028170,26219,기타 표시장치 제조업
81646,0,금남지하도상가1공구특성화첫걸음시장육성사업단,61472,광주 동구 금남로 193-22,75919,기타 사무지원 서비스업,43899,43899,1,1,계속,계속,1108282979,11082829790,75919,기타 사무지원 서비스업
343476,0,(주)일리오,61472,광주 동구 금남로 193-22,58222,응용 소프트웨어 개발 및 공급업,43678,43678,9,9,계속,계속,1368601239,13686012390,58222,응용 소프트웨어 개발 및 공급업
375784,0,아이피가디언즈,61472,광주 동구 금남로 193-22,63991,데이터베이스 및 온라인정보 제공업,44419,44419,1,1,계속,계속,1401401546,14014015460,63991,데이터베이스 및 온라인정보 제공업
480646,0,(주)어필엑터,61472,광주 동구 금남로 193-22,75110,고용 알선업,44259,44259,3,3,계속,계속,1898702020,18987020200,75110,고용 알선업
744685,0,주식회사바로운파트너스,61472,광주 동구 금남로 193-22,71531,경영 컨설팅업,44690,44690,2,1,계속,계속,2598602642,25986026420,71531,경영 컨설팅업
856686,0,에이아이(AI)민트,61472,광주 동구 금남로 193-22,70119,기타 자연과학 연구개발업,45146,45146,2,2,계속,계속,3061947152,30619471520,70119,기타 자연과학 연구개발업
980274,0,주식회사 이오타랩스,61472,광주 동구 금남로 193-22,58222,응용 소프트웨어 개발 및 공급업,42894,42894,0,0,계속,계속,3458100300,34581003000,58222,응용 소프트웨어 개발 및 공급업
999488,0,주식회사 빌더앤,61472,광주 동구 금남로 193-22,71531,경영 컨설팅업,45748,45748,1,1,계속,계속,3568803062,35688030620,71531,경영 컨설팅업
783661,1,생각대로충장점,61472,광주 동구 금남로 193-6,,,43617,,0,0,계속,,2812500640,28125006400,,
918958,0,카페잇샌드,61481,광주 동구 금남로 194,56221,커피 전문점,44333,44333,4,4,계속,계속,3150640037,31506400370,56221,커피 전문점
989219,0,에프2엠지 주식회사,61472,광주 동구 금남로 195,68212,비주거용 부동산 관리업,43668,43668,2,2,계속,계속,3508801300,35088013000,68212,비주거용 부동산 관리업
731792,0,로머스카페,61481,광주 동구 금남로 202,56161,"피자, 햄버거, 샌드위치 및 유사 음식점업",44774,44774,3,3,계속,계속,2521801662,25218016620,56161,"피자, 햄버거, 샌드위치 및 유사 음식점업"
751362,0,로머스치과의원,61481,광주 동구 금남로 202,86202,치과 의원,44977,44977,4,4,계속,계속,2631502151,26315021510,86202,치과 의원
765931,0,주식회사케이에이치원,61481,광주 동구 금남로 202,47811,의약품 및 의료용품 소매업,44378,44378,2,2,계속,계속,2708802148,27088021480,47811,의약품 및 의료용품 소매업
931303,0,마아주식회사 지점,61481,광주 동구 금남로 202,71310,광고 대행업,44621,44621,5,5,계속,계속,3178518216,31785182160,71310,광고 대행업
442288,0,주식회사수리솔루션,61482,광주 동구 금남로 220,47911,전자상거래 소매 중개업,44868,44868,4,4,계속,계속,1678102881,16781028810,47911,전자상거래 소매 중개업
505126,0,(주)다이렉트삼성티엠,61482,광주 동구 금남로 224,66202,보험 대리 및 중개업,41022,44378,0,0,계속,계속,2018626330,20186263300,66202,보험 대리 및 중개업
766523,0,업다운,61475,광주 동구 금남로 229,47312,통신기기 소매업,45352,45352,1,1,계속,계속,2712101998,27121019980,47312,통신기기 소매업
159058,0,아시아문화진흥원,61475,광주 동구 금남로 231,75992,"전시, 컨벤션 및 행사 대행업",42814,42814,1,1,계속,계속,1218282931,12182829310,75992,"전시, 컨벤션 및 행사 대행업"
538650,0,주식회사이야기의숲,61482,광주 동구 금남로 232,59120,"영화, 비디오물 및 방송프로그램 제작 관련 서비스업",44392,44392,1,1,계속,계속,2068545091,20685450910,59120,"영화, 비디오물 및 방송프로그램 제작 관련 서비스업"
425492,0,서우종합건설 주식회사,61482,광주 동구 금남로 236,41999,건설업본사,43971,43971,15,15,계속,계속,1578601686,15786016860,41999,건설업본사
425493,0,서우종합건설 주식회사,61482,광주 동구 금남로 236,41129,기타 비주거용 건물 건설업,44085,44085,35,30,일괄유기,일괄유기,1578601686,15786016866,41129,기타 비주거용 건물 건설업
586577,0,오네스타,61482,광주 동구 금남로 238,28909,그 외 기타 전기장비 제조업,44151,44151,1,1,계속,계속,2131330003,21313300030,28909,그 외 기타 전기장비 제조업
701687,0,주식회사 케이페이스,61482,광주 동구 금남로 238,47852,반려용동물 및 관련용품 소매업,43160,43160,2,2,계속,계속,2348600679,23486006790,47852,반려용동물 및 관련용품 소매업
942699,0,주식회사 올댓뷰티아카데미 광주,61482,광주 동구 금남로 238,85669,기타 기술 및 직업훈련학원,44270,44270,6,6,계속,계속,3238701878,32387018780,85669,기타 기술 및 직업훈련학원
743981,0,맨션프로젝트,61475,광주 동구 금남로 239,41999,건설업본사,43318,43318,2,2,계속,계속,2592800644,25928006440,41999,건설업본사
743982,0,맨션프로젝트,61475,광주 동구 금남로 239,42412,"도배, 실내장식 및 내장 목공사업",43374,43389,1,1,일괄유기,일괄유기,2592800644,25928006446,42412,"도배, 실내장식 및 내장 목공사업"
56170,0,(주)투케이시스템,61475,광주 동구 금남로 245,42321,일반 통신 공사업,43297,43297,1,1,일괄유기,일괄유기,1078785975,10787859756,42321,일반 통신 공사업
459163,0,샛별,61475,광주 동구 금남로 245,90132,비공연 예술가,45323,45323,4,4,계속,계속,1772501898,17725018980,90132,비공연 예술가
461830,0,케레스주식회사,61475,광주 동구 금남로 245,46323,"빵류, 과자류, 당류, 초콜릿 도매업",44042,44042,2,2,계속,계속,1788701924,17887019240,46323,"빵류, 과자류, 당류, 초콜릿 도매업"
472278,0,더링크 주식회사(THE LINK Co.Ltd),61475,광주 동구 금남로 245,58221,시스템 소프트웨어 개발 및 공급업,45261,45261,2,2,계속,계속,1848802740,18488027400,58221,시스템 소프트웨어 개발 및 공급업
682385,0,(주)팀호프,61475,광주 동구 금남로 245,73901,매니저업,45244,45244,7,7,계속,계속,2278124998,22781249980,73901,매니저업
691242,0,주식회사 온닷,61475,광주 동구 금남로 245,58212,모바일 게임 소프트웨어 개발 및 공급업,44986,44986,4,4,계속,계속,2308113478,23081134780,58212,모바일 게임 소프트웨어 개발 및 공급업
691732,0,(주)디아라,61475,광주 동구 금남로 245,58222,응용 소프트웨어 개발 및 공급업,43282,43282,2,2,계속,계속,2308700903,23087009030,58222,응용 소프트웨어 개발 및 공급업
701962,0,주식회사엑싸소프트,61475,광주 동구 금남로 245,58221,시스템 소프트웨어 개발 및 공급업,45292,45292,1,1,계속,계속,2348703315,23487033150,58221,시스템 소프트웨어 개발 및 공급업
728501,0,풍미산미,61475,광주 동구 금남로 245,47912,전자상거래 소매업,45300,45300,1,1,계속,계속,2503101613,25031016130,47912,전자상거래 소매업
838542,0,스튜디오지바바 주식회사,61475,광주 동구 금남로 245,59112,애니메이션 영화 및 비디오물 제작업,44795,44795,12,12,계속,계속,3038802531,30388025310,59112,애니메이션 영화 및 비디오물 제작업
972316,0,지엘티주식회사,61475,광주 동구 금남로 245,59111,일반 영화 및 비디오물 제작업,44197,44197,1,1,계속,계속,3408802020,34088020200,59111,일반 영화 및 비디오물 제작업
987520,0,주식회사앤더스팟,61475,광주 동구 금남로 245,58221,시스템 소프트웨어 개발 및 공급업,43511,43511,2,2,계속,계속,3498801237,34988012370,58221,시스템 소프트웨어 개발 및 공급업
824057,0,동구 청소년 상담복지센터,61482,광주 동구 금남로 246,87294,사회복지 상담서비스 제공업,43223,43223,6,5,계속,계속,3018285403,30182854030,87294,사회복지 상담서비스 제공업
414141,0,미스사이콩충장점,61482,광주 동구 금남로 250-8,56129,기타 외국식 음식점업,43449,43449,0,0,계속,계속,1511101017,15111010170,56129,기타 외국식 음식점업
934129,0,주식회사통구2,61482,광주 동구 금남로 지하 210,47312,통신기기 소매업,42592,42592,1,1,계속,계속,3188600531,31886005310,47312,통신기기 소매업
793963,0,포시즌스,61514,광주 동구 남계길  28,46329,기타 가공식품 도매업,42807,42807,1,1,계속,계속,2871600495,28716004950,46329,기타 가공식품 도매업
738683,0,아드우드,61514,광주 동구 남계길 12,32029,기타 목재가구 제조업,44795,44795,5,5,계속,계속,2561501829,25615018290,32029,기타 목재가구 제조업
485357,0,파인트리요양원,61514,광주 동구 남계길 23,87299,그 외 기타 비거주 복지 서비스업,45019,45019,19,20,계속,계속,1928002691,19280026910,87299,그 외 기타 비거주 복지 서비스업
691430,0,광주광역시동구다함께돌봄센터(책정원),61514,광주 동구 남계길 49,87299,그 외 기타 비거주 복지 서비스업,45261,45261,2,2,계속,계속,2308271723,23082717230,87299,그 외 기타 비거주 복지 서비스업
444206,0,주식회사더블유메디칼,61514,광주 동구 남문로  345,46441,의약품 도매업,43312,43312,4,4,계속,계속,1688600955,16886009550,46441,의약품 도매업
7908,0,(주)비케이에스건설,61514,광주 동구 남문로  345-1,41999,건설업본사,38643,38643,3,3,계속,계속,1018618258,10186182580,41999,건설업본사
7909,0,(주)비케이에스건설,61514,광주 동구 남문로  345-1,42110,건물 및 구축물 해체 공사업,39653,39475,5,5,일괄유기,일괄유기,1018618258,10186182586,42110,건물 및 구축물 해체 공사업
722150,0,운림전력주식회사,61512,광주 동구 남문로 266-38,42311,일반전기 공사업,44890,44890,1,1,일괄유기,일괄유기,2468102393,24681023936,42311,일반전기 공사업
239001,0,(주)고려건설기술개발,61512,광주 동구 남문로 272,41210,지반조성 건설업,42217,42217,1,1,일괄유기,일괄유기,1278700155,12787001556,41210,지반조성 건설업
376684,0,호반사임당어린이집,61513,광주 동구 남문로 307,87210,보육시설 운영업,42795,42795,14,14,계속,계속,1408024622,14080246220,87210,보육시설 운영업
531522,0,수학여우학원,61514,광주 동구 남문로 341-1,85501,일반 교과 학원,45931,45931,2,2,계속,계속,2059669534,20596695340,85501,일반 교과 학원
785851,0,주식회사 청우개발산업,61514,광주 동구 남문로 343-1,68129,기타 부동산 개발 및 공급업,42614,42614,1,1,계속,계속,2828100426,28281004260,68129,기타 부동산 개발 및 공급업
681011,0,명품 상무팥죽,61514,광주 동구 남문로 345,56111,한식 일반 음식점업,45292,45292,3,3,계속,계속,2272504870,22725048700,56111,한식 일반 음식점업
709558,0,아띠몽,61514,광주 동구 남문로 345,56221,커피 전문점,44779,44779,1,1,계속,계속,2392401525,23924015250,56221,커피 전문점
412157,0,파머스어학원,61514,광주 동구 남문로 349,85631,외국어학원,44805,44805,1,1,계속,계속,1499400828,14994008280,85631,외국어학원
999887,0,동원산업개발,61511,광주 동구 남문로 377,41999,건설업본사,43132,43132,7,7,계속,계속,3571300304,35713003040,41999,건설업본사
90769,0,백억,61511,광주 동구 남문로 413,10601,떡류 제조업,43200,43200,3,3,계속,계속,1124700273,11247002730,10601,떡류 제조업
169421,0,광주광역시동구장애인체육회,61512,광주 동구 남문로 418-13,94990,그 외 기타 협회 및 단체,44835,44835,3,3,계속,계속,1228288622,12282886220,94990,그 외 기타 협회 및 단체
622871,0,동구스포츠클럽,61512,광주 동구 남문로 418-13,91131,종합 스포츠시설 운영업,43070,43070,7,7,계속,계속,2178211663,21782116630,91131,종합 스포츠시설 운영업
722214,0,동구스포츠클럽,61512,광주 동구 남문로 418-13,91131,종합 스포츠시설 운영업,44562,44562,8,8,계속,계속,2468200368,24682003680,91131,종합 스포츠시설 운영업
16025,0,로맨스플라워,61504,광주 동구 남문로 517,47851,화초 및 식물 소매업,45292,45292,2,2,계속,계속,1039001842,10390018420,47851,화초 및 식물 소매업
413584,0,주식회사더쉴,61504,광주 동구 남문로 527,68129,기타 부동산 개발 및 공급업,44228,44228,4,4,계속,계속,1508701853,15087018530,68129,기타 부동산 개발 및 공급업
782566,0,재단법인한국승강기안전원,61504,광주 동구 남문로 527,72919,"기타 기술 시험, 검사 및 분석업",44348,44348,42,42,일괄계속,계속,2808200408,28082004080,72919,"기타 기술 시험, 검사 및 분석업"
943148,0,비에이치씨(BHC)소태점,61504,광주 동구 남문로 555,56162,치킨 전문점,44743,44743,2,2,계속,계속,3240602018,32406020180,56162,치킨 전문점
614712,0,소태역프리미엄골프존,61502,광주 동구 남문로 576,91136,골프연습장 운영업,45293,45293,3,3,계속,계속,2160721744,21607217440,91136,골프연습장 운영업
945623,0,성호기초,61504,광주 동구 남문로 589,41999,건설업본사,44238,44238,1,1,계속,계속,3256900361,32569003610,41999,건설업본사
14901,0,모란한의원,61500,광주 동구 남문로 596-1,86203,한의원,43313,43313,2,2,계속,계속,1029011084,10290110840,86203,한의원
608704,0,(주)두하피앤씨산업,61500,광주 동구 남문로 614-1,41999,건설업본사,37677,37677,3,3,계속,계속,2158638311,21586383110,41999,건설업본사
608705,0,(주)두하피앤씨산업,61500,광주 동구 남문로 614-1,42411,도장 공사업,38367,38367,2,2,일괄유기,일괄유기,2158638311,21586383116,42411,도장 공사업
276216,0,광주빛고을콜택시,61499,광주 동구 남문로 615,75991,콜센터 및 텔레마케팅 서비스업,42401,42401,7,7,계속,계속,1308061810,13080618100,75991,콜센터 및 텔레마케팅 서비스업
473543,0,지원1구역주택재개발정비사업조합,61500,광주 동구 남문로 618,68121,주거용 건물 개발 및 공급업,42251,42251,3,3,계속,계속,1858200011,18582000110,68121,주거용 건물 개발 및 공급업
703124,0,드림스쿨지역아동센터,61500,광주 동구 남문로 620,87299,그 외 기타 비거주 복지 서비스업,42675,42675,1,1,계속,계속,2358000423,23580004230,87299,그 외 기타 비거주 복지 서비스업
634781,0,오렌지약국,61498,광주 동구 남문로 642,47811,의약품 및 의료용품 소매업,43519,43519,0,0,계속,계속,2206100357,22061003570,47811,의약품 및 의료용품 소매업
113290,0,동구문화사회서비스센터,61498,광주 동구 남문로 646,87299,그 외 기타 비거주 복지 서비스업,44257,44257,2,1,계속,계속,1158001768,11580017680,87299,그 외 기타 비거주 복지 서비스업
727317,0,동구영상미디어센터(동구문화관광재단),61498,광주 동구 남문로 646,85699,그 외 기타 분류 안된 교육기관,42795,42795,1,1,계속,계속,2498200163,24982001630,85699,그 외 기타 분류 안된 교육기관
804429,0,바른플란트치과의원,61464,광주 동구 남문로 663,86103,치과 병원,42737,42737,7,7,계속,계속,2931400292,29314002920,86103,치과 병원
976253,0,이마트24광주학동점,61464,광주 동구 남문로 663,47122,체인화 편의점,43191,43191,7,7,계속,계속,3431700360,34317003600,47122,체인화 편의점
773304,0,모아약국,61464,광주 동구 남문로 667,47811,의약품 및 의료용품 소매업,45141,45141,2,2,계속,계속,2752201546,27522015460,47811,의약품 및 의료용품 소매업
985098,0,학동네일,61463,광주 동구 남문로 670,96119,기타 미용업,44928,44928,1,1,계속,계속,3485600457,34856004570,96119,기타 미용업
367549,0,대왕김밥,61464,광주 동구 남문로 671,56191,김밥 및 기타 간이 음식점업,44823,44823,1,1,계속,계속,1390619930,13906199300,56191,김밥 및 기타 간이 음식점업
663635,0,명랑핫도그,61464,광주 동구 남문로 671,56199,간이음식 포장 판매 전문점,44543,44543,1,1,계속,계속,2246600505,22466005050,56199,간이음식 포장 판매 전문점
981464,0,리본(RE:BORN),61463,광주 동구 남문로 672,96112,두발 미용업,43697,43697,0,0,계속,계속,3463000524,34630005240,96112,두발 미용업
742399,0,삼풍베이커리,61463,광주 동구 남문로 674,56150,제과점업,44986,44986,1,1,계속,계속,2583501333,25835013330,56150,제과점업
958455,0,천지인한방병원,61464,광주 동구 남문로 679,86203,한의원,36708,36069,32,32,계속,계속,3330100076,33301000760,86203,한의원
694553,0,주식회사 웰종합건설,61463,광주 동구 남문로 682,41129,기타 비주거용 건물 건설업,44286,44286,39,24,일괄유기,일괄유기,2318801955,23188019556,41129,기타 비주거용 건물 건설업
789395,0,유한회사든솔,61463,광주 동구 남문로 682,56161,"피자, 햄버거, 샌드위치 및 유사 음식점업",43770,43770,11,11,계속,계속,2848101547,28481015470,56161,"피자, 햄버거, 샌드위치 및 유사 음식점업"
755713,0,예담한의원,61463,광주 동구 남문로 684,86203,한의원,45523,45523,3,3,계속,계속,2649601950,26496019500,86203,한의원
461952,0,무경지엔씨(주),61463,광주 동구 남문로 686,38110,"지정 외 폐기물 수집, 운반업",42736,42736,51,50,계속,계속,1788800581,17888005810,38110,"지정 외 폐기물 수집, 운반업"
740364,0,연세강치과의원,61463,광주 동구 남문로 686,86202,치과 의원,44693,44693,18,18,계속,계속,2571202233,25712022330,86202,치과 의원
800875,0,골프존파크 학동 유전천점,61463,광주 동구 남문로 686,91136,골프연습장 운영업,44743,44743,2,2,계속,계속,2911600873,29116008730,91136,골프연습장 운영업
990933,0,황금농부,61464,광주 동구 남문로 687,46312,"채소류, 서류 및 향신작물류 도매업",44270,44270,1,1,계속,계속,3519101337,35191013370,46312,"채소류, 서류 및 향신작물류 도매업"
458065,0,재단법인광주광역시사회서비스원 빛고을50+센터,61463,광주 동구 남문로 692,94990,그 외 기타 협회 및 단체,44431,44431,5,5,계속,계속,2888200606,17682725440,94990,그 외 기타 협회 및 단체
424636,0,국밥 참 맛있는 집 광주학동점,61463,광주 동구 남문로 694-14,56213,생맥주 전문점,43678,43678,2,2,계속,계속,1571800989,15718009890,56213,생맥주 전문점
938028,0,아마넥스학동점,61457,광주 동구 남문로 710,47419,기타 의복 소매업,43922,43922,1,1,계속,계속,3210100961,32101009610,47419,기타 의복 소매업
120165,0,현동물병원,61457,광주 동구 남문로 730,73100,수의업,43833,43833,1,1,계속,계속,1171825906,11718259060,73100,수의업
690444,0,베이커리숨,61454,광주 동구 남문로 764,56150,제과점업,42814,42814,1,1,계속,계속,2303100380,23031003800,56150,제과점업
926540,0,넘버원정형외과,61454,광주 동구 남문로 768,86102,일반 병원,44061,44061,22,22,계속,계속,3169901058,31699010580,86102,일반 병원
27550,0,봄산부인과의원,61454,광주 동구 남문로 780,86201,일반 의원,43983,43983,3,3,계속,계속,1053105250,10531052500,86201,일반 의원
655620,0,주식회사학동카모터스,61498,광주 동구 남문로622번길 1,95212,자동차 전문 수리업,44419,44419,1,1,계속,계속,2228802192,22288021920,95212,자동차 전문 수리업
413196,0,주식회사무진이앤지,61498,광주 동구 남문로622번길 11-4,72129,기타 엔지니어링 서비스업,44022,44022,3,3,계속,계속,1508102035,15081020350,72129,기타 엔지니어링 서비스업
780799,0,사회적협동조합청람(지원지역아동센터),61500,광주 동구 남문로622번길 22-3,87139,그 외 기타 거주 복지시설 운영업,44197,44197,4,4,계속,계속,2798200354,27982003540,87139,그 외 기타 거주 복지시설 운영업
444919,0,아이파크美치과,61455,광주 동구 남문로753번길 20,86202,치과 의원,42971,42971,0,0,계속,계속,1691100455,16911004550,86202,치과 의원
513274,0,애니마트 정육,61455,광주 동구 남문로753번길 20,46313,육류 도매업,43160,43160,2,2,계속,계속,2032215763,20322157630,46313,육류 도매업
925858,0,손해사정백호주식회사,61454,광주 동구 남문로754번길 2-2,66201,손해 사정업,44348,44348,1,1,계속,계속,3168602095,31686020950,66201,손해 사정업
966216,0,예닮산업,61511,광주 동구 녹동길,41129,기타 비주거용 건물 건설업,43881,43881,1,1,일괄유기,일괄유기,3375300382,33753003826,41129,기타 비주거용 건물 건설업
964649,0,주식회사라일솔라,61511,광주 동구 녹동길80번길 9-8,68129,기타 부동산 개발 및 공급업,42963,42963,1,1,계속,계속,3368100742,33681007420,68129,기타 부동산 개발 및 공급업
491752,0,동진어패럴,61470,광주 동구 독립로  268,47411,남자용 겉옷 소매업,45611,45611,1,1,계속,계속,1962101867,19621018670,47411,남자용 겉옷 소매업
999883,0,바칼 롯데백화점 광주점,61470,광주 동구 독립로  268,56111,한식 일반 음식점업,45566,45566,4,4,계속,계속,3571202514,35712025140,56111,한식 일반 음식점업
739590,0,(유)마히나,61478,광주 동구 독립로 218,68129,기타 부동산 개발 및 공급업,43571,43571,1,1,계속,계속,2568601417,25686014170,68129,기타 부동산 개발 및 공급업
417431,0,선경산업,61477,광주 동구 독립로 228,41999,건설업본사,44835,44835,5,5,계속,계속,1530302545,15303025450,41999,건설업본사
441802,0,글로리,61471,광주 동구 독립로 258,47419,기타 의복 소매업,44126,44126,1,1,계속,계속,1673400496,16734004960,47419,기타 의복 소매업
39374,0,롯데광주BF(빈폴레이디스),61470,광주 동구 독립로 268,47412,여자용 겉옷 소매업,45201,45201,1,1,계속,계속,1063150914,10631509140,47412,여자용 겉옷 소매업
107002,0,엔제리너스 롯데백화점 광주점,61470,광주 동구 독립로 268,56229,기타 비알코올 음료점업,42278,42278,7,7,계속,계속,1141914877,11419148770,56229,기타 비알코올 음료점업
419391,0,오규당롯데광주점,61470,광주 동구 독립로 268,56122,일식 음식점업,44228,44228,1,1,계속,계속,1541401467,15414014670,56122,일식 음식점업
442374,0,유한회사 더클로이 클로이키친,61470,광주 동구 독립로 268,56123,서양식 음식점업,44240,44240,3,3,계속,계속,1678501798,16785017980,56123,서양식 음식점업
445312,0,뉴발란스(주)이랜드월드,61470,광주 동구 독립로 268,47422,의복 액세서리 및 모조 장신구 소매업,44075,44075,1,1,계속,계속,1694100016,16941000160,47422,의복 액세서리 및 모조 장신구 소매업
560172,0,닥스키즈(롯데백화점),61470,광주 동구 독립로 268,47417,유아용 의류 소매업,42248,42248,1,1,계속,계속,2101068381,21010683810,47417,유아용 의류 소매업
722932,0,아찌라멘 롯데백화점 광주점,61470,광주 동구 독립로 268,56122,일식 음식점업,45302,45302,1,1,계속,계속,2470403074,24704030740,56122,일식 음식점업
723596,0,이따리아나,61470,광주 동구 독립로 268,47412,여자용 겉옷 소매업,43730,43730,1,1,계속,계속,2475100426,24751004260,47412,여자용 겉옷 소매업
978110,0,롯데광주시스템옴므김동수,61470,광주 동구 독립로 268,47411,남자용 겉옷 소매업,45078,45078,2,2,계속,계속,3442400717,34424007170,47411,남자용 겉옷 소매업
978747,0,재주당광주롯데점,61470,광주 동구 독립로 268,56111,한식 일반 음식점업,44218,44218,1,1,계속,계속,3448501605,34485016050,56111,한식 일반 음식점업
967188,0,하이온 요양병원,61470,광주 동구 독립로 276,86105,요양 병원,45908,45908,29,29,계속,계속,3379302014,33793020140,86105,요양 병원
396751,0,사랑해베이글 광주대인점,61426,광주 동구 독립로 284,56150,제과점업,45755,45755,3,3,계속,계속,1432901888,14329018880,56150,제과점업
10909,0,철물일번가,61421,광주 동구 독립로 324,47912,전자상거래 소매업,44265,44265,1,1,계속,계속,1020462348,10204623480,47912,전자상거래 소매업
451973,0,해달컴퍼니,61421,광주 동구 독립로 324,71310,광고 대행업,42342,42342,2,2,계속,계속,1732400115,17324001150,71310,광고 대행업
730000,0,투탑스 기구필라테스&PT,61421,광주 동구 독립로 324,85612,기타 스포츠 교육기관,44378,44378,2,2,계속,계속,2511601200,25116012000,85612,기타 스포츠 교육기관
112714,0,모두사랑교육,61421,광주 동구 독립로 338,85709,기타 교육지원 서비스업,43556,43556,1,1,계속,계속,1149553118,11495531180,85709,기타 교육지원 서비스업
127329,0,주식회사준팜플러스,61421,광주 동구 독립로 338,47811,의약품 및 의료용품 소매업,43991,43991,3,3,계속,계속,1188133645,11881336450,47811,의약품 및 의료용품 소매업
406545,0,(주)한우리약품,61421,광주 동구 독립로 338,47811,의약품 및 의료용품 소매업,44013,44013,3,3,계속,계속,1468601288,14686012880,47811,의약품 및 의료용품 소매업
863066,0,현대도어,61419,광주 동구 독립로 346,46613,유리 및 창호 도매업,45175,45175,1,1,계속,계속,3077800410,30778004100,46613,유리 및 창호 도매업
668786,0,메디 인 컬쳐,61419,광주 동구 독립로 352,46592,의료기기 도매업,44470,44470,1,1,계속,계속,2250826264,22508262640,46592,의료기기 도매업
796794,0,유한회사청송빌딩,61419,광주 동구 독립로 352,74211,건축물 일반 청소업,44593,44593,1,1,계속,계속,2888702346,28887023460,74211,건축물 일반 청소업
716852,0,컨템포INC,61400,광주 동구 독립로 366,47912,전자상거래 소매업,44244,44244,2,2,계속,계속,2436900389,24369003890,47912,전자상거래 소매업
657273,0,대성어패럴,61478,광주 동구 독립로226번길 12-1,14192,"근무복, 작업복 및 유사의복 제조업",43586,43586,1,1,계속,계속,2230991053,22309910530,14192,"근무복, 작업복 및 유사의복 제조업"
119968,0,로이어패럴,61477,광주 동구 독립로226번길 13-7,14192,"근무복, 작업복 및 유사의복 제조업",43983,43983,1,1,계속,계속,1171587648,11715876480,14192,"근무복, 작업복 및 유사의복 제조업"
544726,0,진식당,61477,광주 동구 독립로226번길 21,56111,한식 일반 음식점업,44214,44214,1,1,계속,계속,2073851030,20738510300,56111,한식 일반 음식점업
809238,0,제이메디컬,61477,광주 동구 독립로226번길 21,46592,의료기기 도매업,43953,43953,3,3,계속,계속,2960101761,29601017610,46592,의료기기 도매업
11191,0,컴퍼니H,61471,광주 동구 독립로264번길 12,90191,공연 기획업,44715,44715,1,1,계속,계속,1020762994,10207629940,90191,공연 기획업
508792,0,한금식당,61471,광주 동구 독립로264번길 12,56111,한식 일반 음식점업,44886,44886,1,1,계속,계속,2022167524,20221675240,56111,한식 일반 음식점업
931381,0,주식회사에스씨앤아이,61471,광주 동구 독립로264번길 12,46521,가전제품 및 부품 도매업,43573,43573,2,2,계속,계속,3178601240,31786012400,46521,가전제품 및 부품 도매업
931382,0,주식회사에스씨앤아이,61471,광주 동구 독립로264번길 12,42321,일반 통신 공사업,43678,43678,1,0,일괄유기,일괄유기,3178601240,31786012406,42321,일반 통신 공사업
974167,0,골드쉘광주동구점,61470,광주 동구 독립로264번길 15,47830,시계 및 귀금속 소매업,44621,44621,1,1,계속,계속,3420201547,34202015470,47830,시계 및 귀금속 소매업
341735,0,금탑소머리국밥,61471,광주 동구 독립로264번길 6,56111,한식 일반 음식점업,42876,42876,3,3,계속,계속,1362100508,13621005080,56111,한식 일반 음식점업
416403,0,카페허니스,61471,광주 동구 독립로264번길 6,56229,기타 비알코올 음료점업,42217,42217,1,1,계속,계속,1525200106,15252001060,56229,기타 비알코올 음료점업
874035,0,배부장찌개계림점,61400,광주 동구 독립로368번길 18,56111,한식 일반 음식점업,43503,43503,2,2,계속,계속,3092400766,30924007660,56111,한식 일반 음식점업
476176,0,세림건축사사무소,61400,광주 동구 독립로368번길 22,72111,건축설계 및 관련 서비스업,44978,44978,1,1,계속,계속,1871601724,18716017240,72111,건축설계 및 관련 서비스업
899753,0,주식회사엠에이치종합건설,61400,광주 동구 독립로368번길 22,42412,"도배, 실내장식 및 내장 목공사업",44230,44230,10,9,일괄유기,일괄유기,3128701844,31287018446,42412,"도배, 실내장식 및 내장 목공사업"
407048,0,김영주음악학원,61414,광주 동구 동계로  61,85621,음악학원,45386,45386,1,1,계속,계속,1469601744,14696017440,85621,음악학원
449837,0,건행약국,61414,광주 동구 동계로 61,47811,의약품 및 의료용품 소매업,45002,45002,2,2,계속,계속,1720202928,17202029280,47811,의약품 및 의료용품 소매업
937984,0,중앙소아청소년과의원,61414,광주 동구 동계로 61,86201,일반 의원,45001,45001,3,3,계속,계속,3209401917,32094019170,86201,일반 의원
81691,0,계림2동주민자치회,61413,광주 동구 동계로 68,94990,그 외 기타 협회 및 단체,45173,45173,1,1,계속,계속,1108287445,11082874450,94990,그 외 기타 협회 및 단체
90786,0,칠복계,61432,광주 동구 동계로 8,56113,한식 육류요리 전문점,43374,43374,2,2,계속,계속,1124773892,11247738920,56113,한식 육류요리 전문점
986237,0,미노라멘,61432,광주 동구 동계로10번길 14,56122,일식 음식점업,45276,45276,1,1,계속,계속,3491002111,34910021110,56122,일식 음식점업
919224,0,얼스커피,61432,광주 동구 동계로10번길 16,56221,커피 전문점,44986,44986,1,1,계속,계속,3150906291,31509062910,56221,커피 전문점
4065,0,주바시,61432,광주 동구 동계로10번길 8,56111,한식 일반 음식점업,45323,45323,2,2,계속,계속,1012756314,10127563140,56111,한식 일반 음식점업
856157,0,산수커피,61432,광주 동구 동계로12번길 13,56221,커피 전문점,45839,45839,5,5,계속,계속,3061365857,30613658570,56221,커피 전문점
394501,0,주식회사환경조경,61430,광주 동구 동계로13번길 18-4,41999,건설업본사,43349,43349,1,1,계속,계속,1428601097,14286010970,41999,건설업본사
394502,0,주식회사환경조경,61430,광주 동구 동계로13번길 18-4,41226,조경 건설업,43454,43454,1,1,일괄유기,일괄유기,1428601097,14286010976,41226,조경 건설업
475027,0,어질현,61430,광주 동구 동계로13번길 19,56123,서양식 음식점업,45231,45231,1,1,계속,계속,1867300292,18673002920,56123,서양식 음식점업
856445,1,경승산업,61430,광주 동구 동계로15번길 4,,,45916,,4,0,일괄유기,,3061694620,30616946206,,
629178,0,더앨리웨이(TheAlleyway),61430,광주 동구 동계로1번길 10-15,56123,서양식 음식점업,45017,45017,1,1,계속,계속,2192101665,21921016650,56123,서양식 음식점업
807100,0,주식회사 비제로스튜디오,61436,광주 동구 동계천로  150,71310,광고 대행업,44550,44550,3,3,계속,계속,2948602456,29486024560,71310,광고 대행업
758071,0,홍디자인,61434,광주 동구 동계천로  159-12,42411,도장 공사업,45017,45017,2,1,일괄유기,일괄유기,2664000310,26640003106,42411,도장 공사업
753293,0,멘지 광주동명점,61436,광주 동구 동계천로  162,56122,일식 음식점업,45413,45413,1,1,계속,계속,2643401516,26434015160,56122,일식 음식점업
705405,0,주식회사 우주쏠라,61430,광주 동구 동계천로 103-4,68222,부동산 투자자문업,45474,45474,1,1,계속,계속,2368702632,23687026320,68222,부동산 투자자문업
527553,0,마당집,61430,광주 동구 동계천로 115,56123,서양식 음식점업,44317,44317,2,2,계속,계속,2050486504,20504865040,56123,서양식 음식점업
407538,0,모뷰헤어,61434,광주 동구 동계천로 121,96112,두발 미용업,45091,45091,1,1,계속,계속,1472301291,14723012910,96112,두발 미용업
923491,0,로렐(laurel),61436,광주 동구 동계천로 128,56123,서양식 음식점업,43794,43794,1,1,계속,계속,3161701009,31617010090,56123,서양식 음식점업
468203,0,진한면가,61436,광주 동구 동계천로 132,56111,한식 일반 음식점업,45311,45311,1,1,계속,계속,1824900918,18249009180,56111,한식 일반 음식점업
502198,0,커피로드뷰 광주동명점,61436,광주 동구 동계천로 132,56221,커피 전문점,45323,45323,1,1,계속,계속,2012723001,20127230010,56221,커피 전문점
751289,0,소바쿄다이,61434,광주 동구 동계천로 135-3,56122,일식 음식점업,44683,44683,3,3,계속,계속,2631102172,26311021720,56122,일식 음식점업
947298,0,메꾸리,61434,광주 동구 동계천로 137-13,56111,한식 일반 음식점업,45079,45079,1,1,계속,계속,3265900351,32659003510,56111,한식 일반 음식점업
745065,0,탑클레스아카데미학원,61434,광주 동구 동계천로 143,85501,일반 교과 학원,43865,43865,1,1,계속,계속,2599500234,25995002340,85501,일반 교과 학원
946904,0,구미구미,61434,광주 동구 동계천로 143-11,56122,일식 음식점업,44136,44136,3,3,계속,계속,3262101172,32621011720,56122,일식 음식점업
762593,0,미지도서,61434,광주 동구 동계천로 143-20,46453,"서적, 잡지 및 기타 인쇄물 도매업",43105,43105,1,1,계속,계속,2689500543,26895005430,46453,"서적, 잡지 및 기타 인쇄물 도매업"
27674,0,육값어치,61434,광주 동구 동계천로 143-5,56111,한식 일반 음식점업,44927,44927,4,4,계속,계속,1053351442,10533514420,56111,한식 일반 음식점업
410485,0,김태원영어학원,61434,광주 동구 동계천로 143-5,85631,외국어학원,43479,43479,1,1,계속,계속,1489500287,14895002870,85631,외국어학원
421334,0,데일리오아시스광주동명점,61434,광주 동구 동계천로 143-5,56221,커피 전문점,44105,44105,1,1,계속,계속,1552601008,15526010080,56221,커피 전문점
935168,0,분식집,61434,광주 동구 동계천로 143-5,56191,김밥 및 기타 간이 음식점업,44167,44167,2,2,계속,계속,3192800892,31928008920,56191,김밥 및 기타 간이 음식점업
724783,0,공차광주동명점,61434,광주 동구 동계천로 145,56229,기타 비알코올 음료점업,43929,43929,4,4,계속,계속,2481101271,24811012710,56229,기타 비알코올 음료점업
105372,0,디자인창작소사월,61436,광주 동구 동계천로 150,73203,시각 디자인업,41641,41641,3,3,계속,계속,1140635912,11406359120,73203,시각 디자인업
110522,0,주식회사 유티소프트,61436,광주 동구 동계천로 150,58221,시스템 소프트웨어 개발 및 공급업,39468,39468,5,5,계속,계속,1148664461,11486644610,58221,시스템 소프트웨어 개발 및 공급업
292154,0,(주)드림스테이,61436,광주 동구 동계천로 150,68129,기타 부동산 개발 및 공급업,43852,43852,11,11,계속,계속,1318642628,13186426280,68129,기타 부동산 개발 및 공급업
426693,0,코덕(KODUC),61436,광주 동구 동계천로 150,60310,영상물 제공 서비스업,43668,43668,3,3,계속,계속,1585400393,15854003930,60310,영상물 제공 서비스업
456153,0,에코아이디어스주식회사,61436,광주 동구 동계천로 150,46800,상품 종합 도매업,44621,44621,1,1,계속,계속,1758102164,17581021640,46800,상품 종합 도매업
605449,0,Dakong Solution,61436,광주 동구 동계천로 150,72121,건물 및 토목 엔지니어링 서비스업,42604,42604,3,3,계속,계속,2154868491,21548684910,72121,건물 및 토목 엔지니어링 서비스업
828239,0,재밍,61436,광주 동구 동계천로 150,27199,그 외 기타 의료용 기기 제조업,43252,43252,0,0,계속,계속,3021191117,30211911170,27199,그 외 기타 의료용 기기 제조업
977028,0,(주)팔칠구삼,61436,광주 동구 동계천로 150,58222,응용 소프트웨어 개발 및 공급업,42370,42370,6,6,계속,계속,3438600051,34386000510,58222,응용 소프트웨어 개발 및 공급업
449047,0,주식회사기프트프럼네이처,61434,광주 동구 동계천로 151-5,46319,기타 신선식품 및 단순 가공식품 도매업,43678,43678,1,1,계속,계속,1718100771,17181007710,46319,기타 신선식품 및 단순 가공식품 도매업
113693,0,주식회사 스마텍 (SMA Tech),61436,광주 동구 동계천로 162,58222,응용 소프트웨어 개발 및 공급업,44466,44466,1,1,계속,계속,1158802273,11588022730,58222,응용 소프트웨어 개발 및 공급업
729741,0,버거브릿지,61435,광주 동구 동계천로 177,56161,"피자, 햄버거, 샌드위치 및 유사 음식점업",42583,42583,3,3,계속,계속,2510400149,25104001490,56161,"피자, 햄버거, 샌드위치 및 유사 음식점업"
400669,0,겔란데커피룸,61435,광주 동구 동계천로 180,56221,커피 전문점,44378,44378,2,2,계속,계속,1441701476,14417014760,56221,커피 전문점
531194,0,주식회사대인산업개발,61435,광주 동구 동계천로 181,68221,부동산 중개 및 대리업,43651,43651,1,1,계속,계속,2058801145,20588011450,68221,부동산 중개 및 대리업
749084,0,주식회사모토케이,61435,광주 동구 동계천로 181,45302,모터사이클 및 부품 소매업,43770,43770,1,1,계속,계속,2618801368,26188013680,45302,모터사이클 및 부품 소매업
684761,0,펀노리터 광주,61426,광주 동구 동계천로 26,91229,기타 오락장 운영업,45383,45383,5,5,계속,계속,2283701016,22837010160,91229,기타 오락장 운영업
467785,0,흐름,61431,광주 동구 동계천로 84,56111,한식 일반 음식점업,44900,44900,1,1,계속,계속,1821601919,18216019190,56111,한식 일반 음식점업
3802,0,미니스톱광주계림점,61429,광주 동구 동계천로 85,47122,체인화 편의점,44257,44257,1,1,계속,계속,1012394625,10123946250,47122,체인화 편의점
384144,0,바빌론,61426,광주 동구 동계천로6번길 16,59142,비디오물 감상실 운영업,44410,44410,1,1,계속,계속,1412200491,14122004910,59142,비디오물 감상실 운영업
712182,0,유한회사에이치앤아이,61426,광주 동구 동계천로6번길 3,68129,기타 부동산 개발 및 공급업,43697,43697,1,1,계속,계속,2408701059,24087010590,68129,기타 부동산 개발 및 공급업
789445,0,유한회사 제이엠컴퍼니,61426,광주 동구 동계천로6번길 6-1,75121,임시 및 일용 인력 공급업,44927,44927,22,22,계속,계속,2848102788,28481027880,75121,임시 및 일용 인력 공급업
442021,0,꿈의대화,61430,광주 동구 동계천로95번길 18-15,56221,커피 전문점,44862,44862,1,1,계속,계속,1675900669,16759006690,56221,커피 전문점
171420,0,(주)시점,61429,광주 동구 동계천로95번길 27-7,90199,그 외 기타 창작 및 예술관련 서비스업,44375,44375,5,5,계속,계속,1228702255,12287022550,90199,그 외 기타 창작 및 예술관련 서비스업
479533,0,디엑스커피,61429,광주 동구 동계천로95번길 3,56221,커피 전문점,44946,44946,3,3,계속,계속,1891202186,18912021860,56221,커피 전문점
704649,0,이광원법률사무소,61445,광주 동구 동명로 102-2,71101,변호사업,43556,43556,1,1,계속,계속,2364100558,23641005580,71101,변호사업
474480,0,법무사 임승택 사무소,61445,광주 동구 동명로 106-2,71103,법무사업,42522,42522,1,1,계속,계속,1861500273,18615002730,71103,법무사업
478975,0,법무법인이노센스,61445,광주 동구 동명로 106-2,71101,변호사업,45231,45231,15,15,계속,계속,1888703443,18887034430,71101,변호사업
584453,0,유한회사행순,61445,광주 동구 동명로 106-2,74211,건축물 일반 청소업,42919,42919,1,1,계속,계속,2128613515,21286135150,74211,건축물 일반 청소업
129191,0,법무사 박종덕사무소,61440,광주 동구 동명로 107,71103,법무사업,38018,38018,2,2,계속,계속,1190541329,11905413290,71103,법무사업
667015,0,법무법인감동으로,61440,광주 동구 동명로 107,71101,변호사업,43171,43171,10,10,계속,계속,2248601083,22486010830,71101,변호사업
756425,0,법무사유헌종사무소,61440,광주 동구 동명로 107,71103,법무사업,42180,42180,4,4,계속,계속,2654600037,26546000370,71103,법무사업
765374,0,주식회사주훈,61440,광주 동구 동명로 107,74211,건축물 일반 청소업,43257,43257,1,1,계속,계속,2708101081,27081010810,74211,건축물 일반 청소업
795543,0,법률사무소홍해,61440,광주 동구 동명로 107,71101,변호사업,42586,42586,5,5,계속,계속,2880900409,28809004090,71101,변호사업
177189,0,법무사 김도승 사무소,61445,광주 동구 동명로 108,71103,법무사업,43558,43558,1,1,계속,계속,1237900217,12379002170,71103,법무사업
954212,0,공동법률사무소바로,61440,광주 동구 동명로 109,71101,변호사업,43908,43908,7,7,계속,계속,3306900325,33069003250,71101,변호사업
969657,0,법률사무소 좋은사람,61440,광주 동구 동명로 109,71101,변호사업,42699,42699,3,3,계속,계속,3394000151,33940001510,71101,변호사업
491407,0,이츠키,61431,광주 동구 동명로 11,56111,한식 일반 음식점업,44986,44986,2,2,계속,계속,1960402684,19604026840,56111,한식 일반 음식점업
34473,0,아이엔케이자산관리대부주식회사,61445,광주 동구 동명로 110,64919,그 외 기타 여신금융업,42005,42005,3,3,계속,계속,1058782856,10587828560,64919,그 외 기타 여신금융업
718351,0,법무사박우찬사무소,61445,광주 동구 동명로 110,71103,법무사업,42807,42807,2,2,계속,계속,2444200236,24442002360,71103,법무사업
771033,0,변호사오현석법률사무소,61445,광주 동구 동명로 110,71101,변호사업,43891,43891,1,1,계속,계속,2739101468,27391014680,71101,변호사업
880319,0,법무법인 송강 광주분사무소,61445,광주 동구 동명로 110,71101,변호사업,43476,43476,4,4,계속,계속,3108521535,31085215350,71101,변호사업
996638,0,법무사문병훈사무소,61445,광주 동구 동명로 110,71103,법무사업,44928,44928,2,2,계속,계속,3552201575,35522015750,71103,법무사업
38291,0,메가엠지씨커피 광주법원점,61445,광주 동구 동명로 114,56221,커피 전문점,45510,45510,1,1,계속,계속,1061552907,10615529070,56221,커피 전문점
445426,0,감정평가사사무소 가승,61445,광주 동구 동명로 114,71109,기타 법무관련 서비스업,44593,44593,1,1,계속,계속,1695600607,16956006070,71109,기타 법무관련 서비스업
354288,0,주식회사원케이피트니스동명점,61434,광주 동구 동명로 16,91132,체력단련시설 운영업,44755,44755,2,2,계속,계속,1378550769,13785507690,91132,체력단련시설 운영업
552489,0,심리카페멘토광주점,61430,광주 동구 동명로 19-6,87294,사회복지 상담서비스 제공업,44690,44690,1,1,계속,계속,2089969816,20899698160,87294,사회복지 상담서비스 제공업
991607,0,월간맥주 동명점,61430,광주 동구 동명로 23-1,56213,생맥주 전문점,45663,45663,1,1,계속,계속,3523501300,35235013000,56213,생맥주 전문점
717127,0,(주)소유오늘와인한잔광주동명점,61434,광주 동구 동명로 26,56123,서양식 음식점업,44312,44312,6,6,계속,계속,2438501490,24385014900,56123,서양식 음식점업
753528,0,캬베츠,61432,광주 동구 동명로 33-3,56122,일식 음식점업,45047,45047,4,4,계속,계속,2646100599,26461005990,56122,일식 음식점업
721669,0,이츠모동명점,61432,광주 동구 동명로 45-1,56111,한식 일반 음식점업,45071,45071,2,2,계속,계속,2463001349,24630013490,56111,한식 일반 음식점업
368858,0,규슈,61432,광주 동구 동명로 47-3,56111,한식 일반 음식점업,44866,44866,5,5,계속,계속,1393102770,13931027700,56111,한식 일반 음식점업
464083,0,이씨네 푸줏간,61434,광주 동구 동명로 48,56111,한식 일반 음식점업,44593,44593,5,5,계속,계속,1800702282,18007022820,56111,한식 일반 음식점업
453737,0,동명 현 호텔,61434,광주 동구 동명로 68,55101,호텔업,45931,45931,4,4,계속,계속,1742701743,17427017430,55101,호텔업
795848,0,탄요(TANYO),61436,광주 동구 동명로 8-1,56111,한식 일반 음식점업,45390,45390,4,4,계속,계속,2882401963,28824019630,56111,한식 일반 음식점업
553283,1,"누수112,누수119 누리개발",61433,광주 동구 동명로 81-5,,,41073,,1,0,일괄유기,,2090875157,20908751576,,
401116,0,베네루모(Bene Rumo),61431,광주 동구 동명로 9,56123,서양식 음식점업,45838,45838,1,1,계속,계속,1445301038,14453010380,56123,서양식 음식점업
780841,0,주식회사주디마리동명점,61431,광주 동구 동명로 9,56221,커피 전문점,45285,45285,1,1,계속,계속,2798502256,27985022560,56221,커피 전문점
411615,0,법무법인해율광주분사무소,61445,광주 동구 동명로 92,71101,변호사업,43759,43759,2,2,계속,계속,1498501164,14985011640,71101,변호사업
191340,0,프랜차이즈법률원기원,61445,광주 동구 동명로 96,71109,기타 법무관련 서비스업,45005,45005,1,1,계속,계속,1247900369,12479003690,71109,기타 법무관련 서비스업
663442,0,변호사박재천법률사무소,61445,광주 동구 동명로 96,71101,변호사업,44409,44409,1,1,계속,계속,2244100706,22441007060,71101,변호사업
713732,0,주식회사 이나라,61445,광주 동구 동명로 96,68111,주거용 건물 임대업,44571,44571,1,1,계속,계속,2418600809,24186008090,68111,주거용 건물 임대업
873529,0,법률사무소 기원,61445,광주 동구 동명로 96,71101,변호사업,44896,44896,5,5,계속,계속,3091024965,30910249650,71101,변호사업
962458,0,꼰뚜아,61445,광주 동구 동명로 98,56123,서양식 음식점업,42331,42331,1,1,계속,계속,3352500078,33525000780,56123,서양식 음식점업
407185,0,친절한법무사,61445,광주 동구 동명로110번길 6,71103,법무사업,44958,44958,2,2,계속,계속,1470502466,14705024660,71103,법무사업
513363,0,세븐일레븐 광주동명로점,61434,광주 동구 동명로14번길 1,47122,체인화 편의점,44440,44440,1,1,계속,계속,2032296922,20322969220,47122,체인화 편의점
819883,0,동명동이층,61434,광주 동구 동명로14번길 1,56111,한식 일반 음식점업,43314,43314,2,2,계속,계속,3013617970,30136179700,56111,한식 일반 음식점업
732101,0,계주,61434,광주 동구 동명로14번길 18,56111,한식 일반 음식점업,45541,45541,2,2,계속,계속,2524200955,25242009550,56111,한식 일반 음식점업
751179,0,모드니modeny,61434,광주 동구 동명로14번길 19,56221,커피 전문점,44563,44563,1,1,계속,계속,2630701292,26307012920,56221,커피 전문점
426346,0,금빛,61434,광주 동구 동명로14번길 26,47830,시계 및 귀금속 소매업,44114,44114,1,1,계속,계속,1582201348,15822013480,47830,시계 및 귀금속 소매업
713882,0,유한회사무등산브루어리,61434,광주 동구 동명로14번길 29,11112,맥아 및 맥주 제조업,43009,43009,1,1,계속,계속,2418700785,24187007850,11112,맥아 및 맥주 제조업
415768,0,온우,61434,광주 동구 동명로14번길 31,56111,한식 일반 음식점업,45148,45148,2,2,계속,계속,1520701838,15207018380,56111,한식 일반 음식점업
424364,0,커프커프하우스(동명),61434,광주 동구 동명로14번길 5,56221,커피 전문점,45145,45145,3,3,계속,계속,1570403091,15704030910,56221,커피 전문점
736939,0,중산건기,61434,광주 동구 동명로20번길 17,42600,건설장비 운영업,43435,43435,1,1,계속,계속,2551400631,25514006310,42600,건설장비 운영업
947215,0,카패동심,61430,광주 동구 동명로25번길 7-2,56229,기타 비알코올 음료점업,43679,43679,0,0,계속,계속,3264700509,32647005090,56229,기타 비알코올 음료점업
52917,0,동명동주민자치회,61434,광주 동구 동명로26번길 13,94990,그 외 기타 협회 및 단체,44081,44081,1,1,계속,계속,1078277621,10782776210,94990,그 외 기타 협회 및 단체
690273,0,오듀어랩(Odeurlab),61434,광주 동구 동명로26번길 15-1,20424,표면광택제 및 실내가향제 제조업,44540,44540,1,1,계속,계속,2301900146,23019001460,20424,표면광택제 및 실내가향제 제조업
11117,0,동명하노쿠,61434,광주 동구 동명로26번길 9-1,56111,한식 일반 음식점업,45054,45054,1,1,계속,계속,1020694636,10206946360,56111,한식 일반 음식점업
448413,0,자리,61434,광주 동구 동명로26번길 9-5,56111,한식 일반 음식점업,43507,43507,1,1,계속,계속,1711700824,17117008240,56111,한식 일반 음식점업
679644,0,콩카페 광주동명점,61432,광주 동구 동명로67번길 1,56221,커피 전문점,45929,45929,3,3,계속,계속,2270694070,22706940700,56221,커피 전문점
476276,0,동명동 나른한 오후,61432,광주 동구 동명로67번길 14-1,56111,한식 일반 음식점업,43922,43922,4,4,계속,계속,1872301004,18723010040,56111,한식 일반 음식점업
659683,0,주식회사에코데이즈,61432,광주 동구 동명로67번길 20,13221,침구 및 관련제품 제조업,44931,44931,1,1,계속,계속,2238602323,22386023230,13221,침구 및 관련제품 제조업
966986,0,주식회사 21세기이앤지,61432,광주 동구 동명로67번길 22-31,72111,건축설계 및 관련 서비스업,42233,42233,25,25,계속,계속,3378800123,33788001230,72111,건축설계 및 관련 서비스업
714668,0,빛고을닭강정(산수점),61432,광주 동구 동명로67번길 39,56191,김밥 및 기타 간이 음식점업,44835,44835,1,1,계속,계속,2422401050,24224010500,56191,김밥 및 기타 간이 음식점업
788333,0,"더조은영어,수학학원",61432,광주 동구 동명로67번길 41,85501,일반 교과 학원,44593,44593,2,2,계속,계속,2839400735,28394007350,85501,일반 교과 학원
487829,0,동명병원,61435,광주 동구 동명로70번길 5,86201,일반 의원,44879,44879,202,206,계속,계속,1939801384,19398013840,86201,일반 의원
506483,0,푸른길 정형외과 의원,61435,광주 동구 동명로70번길 5,86201,일반 의원,44866,44866,24,24,계속,계속,2019849597,20198495970,86201,일반 의원
546598,0,법무법인 태창 광주분사무소,61445,광주 동구 동명로98번길 4,71101,변호사업,45017,45017,5,5,계속,계속,2078556951,20785569510,71101,변호사업
724315,0,청년문화트럭협동조합,61445,광주 동구 동명로98번길 7-44,71519,기타 산업 회사 본부,43100,43100,1,1,계속,계속,2478800553,24788005530,71519,기타 산업 회사 본부
478646,0,늘봄 동구 발달장애인 주간활동센터,61400,광주 동구 무등로 301-1,87299,그 외 기타 비거주 복지 서비스업,45292,45292,5,5,계속,계속,1888200873,18882008730,87299,그 외 기타 비거주 복지 서비스업
766293,0,아이피아안경,61419,광주 동구 무등로 314,47822,안경 및 렌즈 소매업,42186,42186,0,0,계속,계속,2710900089,27109000890,47822,안경 및 렌즈 소매업
902882,0,더(The)울림교육센터,61419,광주 동구 무등로 326-1,85709,기타 교육지원 서비스업,45352,45352,1,1,계속,계속,3136100678,31361006780,85709,기타 교육지원 서비스업
467414,0,로제타스톤영여교실 계림점 영어교습소,61412,광주 동구 무등로 374,85631,외국어학원,43466,43466,1,1,계속,계속,1819600748,18196007480,85631,외국어학원
97457,0,리메디얼필라테스계림1호점,61417,광주 동구 무등로 386,85612,기타 스포츠 교육기관,44378,44378,2,2,계속,계속,1132921113,11329211130,85612,기타 스포츠 교육기관
311710,0,밝은소아청소년과,61417,광주 동구 무등로 386,86201,일반 의원,43584,43584,3,3,계속,계속,1339480910,13394809100,86201,일반 의원
936282,0,대치NS(엔에스)계림수학학원,61417,광주 동구 무등로 386,85501,일반 교과 학원,45931,45931,1,1,계속,계속,3199502058,31995020580,85501,일반 교과 학원
18708,0,오로지한우명가식육식당,61417,광주 동구 무등로 392,56113,한식 육류요리 전문점,43647,43647,2,2,계속,계속,1042065604,10420656040,56113,한식 육류요리 전문점
916911,0,(주)와이식자재마트계림점,61417,광주 동구 무등로 394,47121,슈퍼마켓,42541,42541,18,18,계속,계속,3148700332,31487003320,47121,슈퍼마켓
755097,0,주식회사하이엔드캐슬,61417,광주 동구 무등로 402,41999,건설업본사,44630,44630,1,1,계속,계속,2648152552,26481525520,41999,건설업본사
417291,0,로제타스톤영어전문학원,61405,광주 동구 무등로 405,85501,일반 교과 학원,44682,44682,1,1,계속,계속,1529001432,15290014320,85501,일반 교과 학원
740293,0,하늘약국,61405,광주 동구 무등로 405,47811,의약품 및 의료용품 소매업,44628,44628,1,1,계속,계속,2570902024,25709020240,47811,의약품 및 의료용품 소매업
938164,0,라라브레드광주계림점,61417,광주 동구 무등로 406-1,56150,제과점업,45237,45237,6,6,계속,계속,3210602853,32106028530,56150,제과점업
426104,0,은진물류,61405,광주 동구 무등로 411,49301,일반 화물자동차 운송업,43971,43971,0,0,계속,계속,1580701398,15807013980,49301,일반 화물자동차 운송업
953381,0,엠씨(M.C),61418,광주 동구 무등로 458,41999,건설업본사,45078,45078,1,1,계속,계속,3300201302,33002013020,41999,건설업본사
990922,0,유진축산,61437,광주 동구 무등로 482,47212,육류 소매업,44294,44294,1,1,계속,계속,3519000705,35190007050,47212,육류 소매업
828907,0,세븐일레븐광주산수무등점,61437,광주 동구 무등로 484,47121,슈퍼마켓,43157,43157,5,4,계속,계속,3024600224,30246002240,47121,슈퍼마켓
698281,0,기쁨준재가노인복지센터,61411,광주 동구 무등로 485-1,87111,노인 요양 복지시설 운영업,45792,45792,3,3,계속,계속,2338005096,23380050960,87111,노인 요양 복지시설 운영업
548535,0,산수살롱,61411,광주 동구 무등로 493-1,96112,두발 미용업,43801,43801,1,1,계속,계속,2081171987,20811719870,96112,두발 미용업
983648,0,유한회사빛그린나무병원,61411,광주 동구 무등로 499-2,74300,조경 관리 및 유지 서비스업,45152,45152,2,2,일괄계속,계속,3478102885,34781028850,74300,조경 관리 및 유지 서비스업
706729,0,주식회사에이스에프엔비(ACEF&B),61438,광주 동구 무등로 524,10122,육류 포장육 및 냉동육 가공업 (가금류 제외),44331,44331,5,5,계속,계속,2378102195,23781021950,10122,육류 포장육 및 냉동육 가공업 (가금류 제외)
179871,0,이레네공동생활가정,61438,광주 동구 무등로 532,87139,그 외 기타 거주 복지시설 운영업,43556,43556,1,1,계속,계속,1238277322,12382773220,87139,그 외 기타 거주 복지시설 운영업
490739,0,주식회사베비에르과자점브레드세븐무등산점,61446,광주 동구 무등로 590,56150,제과점업,43586,43586,1,1,계속,계속,1958501172,19585011720,56150,제과점업
715440,0,유한회사 노스토스,61419,광주 동구 무등로304번길 8,68121,주거용 건물 개발 및 공급업,43864,43864,1,1,계속,계속,2428601591,24286015910,68121,주거용 건물 개발 및 공급업
795054,0,유한회사 펀스토리,61421,광주 동구 무등로306번길  22,90191,공연 기획업,44348,44348,1,1,계속,계속,2878702061,28787020610,90191,공연 기획업
586857,1,대성산업인테리어,61421,광주 동구 무등로306번길  25-26,,,45203,,1,0,일괄유기,,2131865230,21318652306,,
432501,0,주식회사 승화산업,61421,광주 동구 무등로306번길 22,42209,기타 건물 관련설비 설치 공사업,44835,44835,1,1,일괄유기,일괄유기,1618701907,16187019076,42209,기타 건물 관련설비 설치 공사업
776378,0,더디자인,61421,광주 동구 무등로306번길 25-14,42412,"도배, 실내장식 및 내장 목공사업",43476,43476,1,1,일괄유기,일괄유기,2770300746,27703007466,42412,"도배, 실내장식 및 내장 목공사업"
430295,0,한걸음노인복지센터,61421,광주 동구 무등로306번길 25-6,87293,방문 복지서비스 제공업,43709,43709,4,1,계속,계속,1608001394,16080013940,87293,방문 복지서비스 제공업
513192,1,지에스25계림새롬점,61421,광주 동구 무등로306번길 29-5,,,45270,,1,0,계속,,2032004092,20320040920,,
626044,0,라이크(Like)호텔,61401,광주 동구 무등로321번길 20-5,55101,호텔업,44249,44249,3,3,계속,계속,2182669935,21826699350,55101,호텔업
628843,0,돈드림병천순대,61404,광주 동구 무등로375번길  18,56111,한식 일반 음식점업,45992,45992,4,4,계속,계속,2191302714,21913027140,56111,한식 일반 음식점업
962543,0,장성식당,61402,광주 동구 무등로375번길 21-1,56111,한식 일반 음식점업,43983,43983,3,3,계속,계속,3353200848,33532008480,56111,한식 일반 음식점업
931115,0,동구영재캠프어린이집,61402,광주 동구 무등로375번길 23-8,87210,보육시설 운영업,44166,44166,12,11,계속,계속,3178279319,31782793190,87210,보육시설 운영업
838235,0,주식회사민들레씨앤비,61417,광주 동구 무등로384번길 25,56150,제과점업,44739,44739,6,6,계속,계속,3038602385,30386023850,56150,제과점업
768427,0,요켈,61417,광주 동구 무등로384번길 25-2,56219,기타 주점업,43831,43831,2,2,계속,계속,2724000595,27240005950,56219,기타 주점업
680900,0,무등왕돈까스 계림점,61405,광주 동구 무등로415번길 1,56111,한식 일반 음식점업,45525,45525,8,8,계속,계속,2272162076,22721620760,56111,한식 일반 음식점업
507241,0,대영페인트,61406,광주 동구 무등로433번길 23,41999,건설업본사,44288,44288,1,1,계속,계속,2020582087,20205820870,41999,건설업본사
779027,0,(주)문호,61406,광주 동구 무등로433번길 26,41999,건설업본사,43362,43362,2,3,계속,계속,2788101197,27881011970,41999,건설업본사
687787,0,산수1동주민자치회,61406,광주 동구 무등로449번길 12,94990,그 외 기타 협회 및 단체,44431,44431,1,1,계속,계속,2298000753,22980007530,94990,그 외 기타 협회 및 단체
338711,0,주식회사디자인화이트,61487,광주 동구 문화전당로 15-4,75992,"전시, 컨벤션 및 행사 대행업",44743,44743,1,1,계속,계속,1358702756,13587027560,75992,"전시, 컨벤션 및 행사 대행업"
429469,0,한국정책연구원,61487,광주 동구 문화전당로 19-1,71400,시장조사 및 여론조사업,43009,43009,2,2,계속,계속,1600301035,16003010350,71400,시장조사 및 여론조사업
495750,0,사랑채재가복지센터,61487,광주 동구 문화전당로 19-1,87293,방문 복지서비스 제공업,45901,45901,5,5,계속,계속,1988003795,19880037950,87293,방문 복지서비스 제공업
572708,0,공정사회연구원,61487,광주 동구 문화전당로 19-1,70209,기타 인문 및 사회과학 연구개발업,44452,44452,1,1,계속,계속,2118272639,21182726390,70209,기타 인문 및 사회과학 연구개발업
736059,0,알제이퓨쳐스주식회사,61487,광주 동구 문화전당로 29,56111,한식 일반 음식점업,45139,45139,4,4,계속,계속,2548502242,25485022420,56111,한식 일반 음식점업
774820,0,수앤수빌딩,61487,광주 동구 문화전당로 29-1,74211,건축물 일반 청소업,43745,43745,1,1,계속,계속,2761200712,27612007120,74211,건축물 일반 청소업
995669,0,주식회사세호산업개발,61487,광주 동구 문화전당로 35-1,68121,주거용 건물 개발 및 공급업,43466,43466,5,5,계속,계속,3548601180,35486011800,68121,주거용 건물 개발 및 공급업
546931,0,유한회사마한지,61487,광주 동구 문화전당로 37-2,56111,한식 일반 음식점업,42278,42278,64,62,계속,계속,2078800180,20788001800,56111,한식 일반 음식점업
404687,0,캐스퍼커피 주식회사,61487,광주 동구 문화전당로 45,56221,커피 전문점,45295,45295,4,4,계속,계속,1458102936,14581029360,56221,커피 전문점
424758,0,백종현임대,61487,광주 동구 문화전당로 45,68212,비주거용 부동산 관리업,43466,43466,1,1,계속,계속,1572600500,15726005000,68212,비주거용 부동산 관리업
979339,0,신광빌딩,61487,광주 동구 문화전당로 45,68112,비주거용 건물 임대업,44866,44866,1,1,계속,계속,3450201129,34502011290,68112,비주거용 건물 임대업
506965,0,오늘웨딩컨설팅,61488,광주 동구 문화전당로23번길  38-1,96994,결혼 상담 및 준비 서비스업,45545,45545,3,3,계속,계속,2020354103,20203541030,96994,결혼 상담 및 준비 서비스업
486390,0,호텔반트,61487,광주 동구 문화전당로23번길 12-1,55102,여관업,43709,43709,1,1,계속,계속,1931201167,19312011670,55102,여관업
985492,0,주식회사 성은제책사,61488,광주 동구 문화전당로23번길 28-8,18122,제책업,42887,42887,3,3,계속,계속,3488600696,34886006960,18122,제책업
666480,0,5 18민주화운동부상자회,61488,광주 동구 문화전당로23번길 29-1,18111,경 인쇄업,44896,44896,1,1,계속,계속,2248217350,22482173500,18111,경 인쇄업
806297,0,밥풀릭스구시청점,61487,광주 동구 문화전당로23번길 3,56111,한식 일반 음식점업,45109,45109,5,5,계속,계속,2942201552,29422015520,56111,한식 일반 음식점업
954170,0,하나인디고,61487,광주 동구 문화전당로23번길 5-16,18111,경 인쇄업,43191,43191,7,7,계속,계속,3306100315,33061003150,18111,경 인쇄업
120297,0,대신프린트,61487,광주 동구 문화전당로23번길 5-19,18111,경 인쇄업,43528,43528,1,1,계속,계속,1172012030,11720120300,18111,경 인쇄업
368843,0,나우프린팅,61487,광주 동구 문화전당로23번길 7,18111,경 인쇄업,44958,44958,1,1,계속,계속,1393092144,13930921440,18111,경 인쇄업
807811,0,직지미디어,61487,광주 동구 문화전당로23번길 9-1,18111,경 인쇄업,44935,44935,1,1,계속,계속,2951101637,29511016370,18111,경 인쇄업
966289,0,소맥베이커리,61486,광주 동구 문화전당로26번길 10-2,56229,기타 비알코올 음료점업,42979,42979,9,9,계속,계속,3376400199,33764001990,56229,기타 비알코올 음료점업
64642,0,주식회사라나,61486,광주 동구 문화전당로26번길 2,63999,그 외 기타 정보 서비스업,43969,43969,2,2,계속,계속,1088701231,10887012310,63999,그 외 기타 정보 서비스업
652345,0,노군꼬치구시청점,61487,광주 동구 문화전당로35번길 11-1,56111,한식 일반 음식점업,43101,43101,1,1,계속,계속,2221295677,22212956770,56111,한식 일반 음식점업
481827,0,플로어(Floor),61487,광주 동구 문화전당로35번길 12-1,56122,일식 음식점업,45355,45355,1,1,계속,계속,1906900334,19069003340,56122,일식 음식점업
795838,0,인쌩맥주문화전당점,61487,광주 동구 문화전당로35번길 13,56213,생맥주 전문점,44014,44014,2,4,계속,계속,2882401089,28824010890,56213,생맥주 전문점
984899,0,타코in카페 동구점,61488,광주 동구 문화전당로35번길 21-1,56229,기타 비알코올 음료점업,45017,45017,1,1,계속,계속,3483301194,34833011940,56229,기타 비알코올 음료점업
753334,0,송하,61488,광주 동구 문화전당로35번길 28-5,56111,한식 일반 음식점업,44140,44140,8,8,계속,계속,2643800742,26438007420,56111,한식 일반 음식점업
44724,0,(주)제이디스포츠,61488,광주 동구 문화전당로35번길 35-1,85612,기타 스포츠 교육기관,43188,43188,1,1,계속,계속,1068713051,10687130510,85612,기타 스포츠 교육기관
471597,0,삼육오,61487,광주 동구 문화전당로35번길 4,56111,한식 일반 음식점업,44229,44229,2,2,계속,계속,1847400333,18474003330,56111,한식 일반 음식점업
463869,0,봄비와새싹아동청소년발달센터,61410,광주 동구 밤실로 100,87299,그 외 기타 비거주 복지 서비스업,42583,43831,3,4,계속,계속,1799600221,17996002210,87299,그 외 기타 비거주 복지 서비스업
765213,0,경희궁한방병원,61408,광주 동구 밤실로 127,86104,한방 병원,43283,43283,28,28,계속,계속,2706400222,27064002220,86104,한방 병원
746039,0,한아름개발(주),61444,광주 동구 밤실로 13,41999,건설업본사,42542,42542,2,3,계속,계속,2608100367,26081003670,41999,건설업본사
746040,0,한아름개발(주),61444,광주 동구 밤실로 13,42209,기타 건물 관련설비 설치 공사업,42556,42556,1,14,일괄유기,일괄유기,2608100367,26081003676,42209,기타 건물 관련설비 설치 공사업
982124,0,주식회사라인,61408,광주 동구 밤실로 147,71531,경영 컨설팅업,44986,44986,1,1,계속,계속,3468601684,34686016840,71531,경영 컨설팅업
623080,0,두암그린파크입주자대표회의,61409,광주 동구 밤실로 150,68211,주거용 부동산 관리업,43831,43831,14,14,계속,계속,2178281290,21782812900,68211,주거용 부동산 관리업
557270,0,(유)금호관광여행사,61409,광주 동구 밤실로 154,75210,여행사업,43101,43101,1,1,계속,계속,2098165079,20981650790,75210,여행사업
737238,0,본죽&비빔밥두암점,61409,광주 동구 밤실로 154,56111,한식 일반 음식점업,45200,45200,1,1,계속,계속,2553101485,25531014850,56111,한식 일반 음식점업
459240,0,법률사무소 연후,61441,광주 동구 밤실로 19,71101,변호사업,43647,43647,3,3,계속,계속,1773200577,17732005770,71101,변호사업
527709,0,법률사무소 파란,61441,광주 동구 밤실로 19,71101,변호사업,44378,44378,1,1,계속,계속,2050597901,20505979010,71101,변호사업
847939,0,종합법률사무소진율,61441,광주 동구 밤실로 19,71101,변호사업,44431,44431,9,9,계속,계속,3054769175,30547691750,71101,변호사업
399227,0,만덕토건(주),61443,광주 동구 밤실로 20-1,42132,콘크리트 및 철근 공사업,42709,42709,2,1,일괄유기,일괄유기,1438700405,14387004056,42132,콘크리트 및 철근 공사업
512820,0,민율법률사무소,61443,광주 동구 밤실로 20-1,71101,변호사업,42366,42366,1,1,계속,계속,2031371822,20313718220,71101,변호사업
812901,0,변호사황준홍법률사무소,61441,광주 동구 밤실로 21,71101,변호사업,42436,42436,2,2,계속,계속,2981200255,29812002550,71101,변호사업
874333,0,변호사정상문법률사무소,61441,광주 동구 밤실로 21,71101,변호사업,42401,42401,3,3,계속,계속,3094013150,30940131500,71101,변호사업
766144,0,와.이지글러벌(Y.GGlobal),61441,광주 동구 밤실로 43,47912,전자상거래 소매업,44678,44678,1,1,계속,계속,2710301107,27103011070,47912,전자상거래 소매업
696177,0,주식회사 조양,61438,광주 동구 밤실로 78-1,41999,건설업본사,45460,45460,1,1,계속,계속,2328106823,23281068230,41999,건설업본사
696178,0,주식회사 조양/건설일괄,61438,광주 동구 밤실로 78-1,42412,"도배, 실내장식 및 내장 목공사업",45482,45482,2,2,일괄유기,일괄유기,2328106823,23281068236,42412,"도배, 실내장식 및 내장 목공사업"
787895,0,유한회사건파트너스,61410,광주 동구 밤실로116번길 7,68122,비주거용 건물 개발 및 공급업,44774,44774,1,1,계속,계속,2838602325,28386023250,68122,비주거용 건물 개발 및 공급업
529708,0,법무사김은섭사무소,61442,광주 동구 밤실로30번길 1,71103,법무사업,44749,44749,3,3,계속,계속,2054500794,20545007940,71103,법무사업
799793,0,토브디자인(주),61442,광주 동구 밤실로30번길 11,41129,기타 비주거용 건물 건설업,44055,44055,1,1,일괄유기,일괄유기,2908101799,29081017996,41129,기타 비주거용 건물 건설업
696079,0,주식회사클린앤클리어,61443,광주 동구 밤실로30번길 6,75310,경비 및 경호 서비스업,43525,43525,3,3,계속,계속,2328104510,23281045100,75310,경비 및 경호 서비스업
381292,0,주식회사쥬스팩토리,61488,광주 동구 백서로 115-1,46799,그 외 기타 상품 전문 도매업,43102,43102,5,3,계속,계속,1408600850,14086008500,46799,그 외 기타 상품 전문 도매업
467564,0,지에스(GS)25금동중앙점,61488,광주 동구 백서로 115-1,47122,체인화 편의점,44604,44604,6,5,계속,계속,1820502362,18205023620,47122,체인화 편의점
970233,0,유)첫번째,61489,광주 동구 백서로 120,55102,여관업,44045,44045,11,11,계속,계속,3398601987,33986019870,55102,여관업
731206,0,주식회사자승,61488,광주 동구 백서로 121-1,41999,건설업본사,43636,43636,1,1,계속,계속,2518801357,25188013570,41999,건설업본사
743699,0,광명의료기,61489,광주 동구 백서로 130,47812,의료용 기구 소매업,44123,44123,1,1,계속,계속,2591001027,25910010270,47812,의료용 기구 소매업
968156,0,한미약국,61489,광주 동구 백서로 136-3,47811,의약품 및 의료용품 소매업,44621,44621,4,4,계속,계속,3386700382,33867003820,47811,의약품 및 의료용품 소매업
481512,0,지오크리에이티브호남지사,61468,광주 동구 백서로 145-1,46593,정밀기기 및 과학기기 도매업,42556,42556,2,2,계속,계속,1903000300,19030003000,46593,정밀기기 및 과학기기 도매업
126458,0,이층집백반,61468,광주 동구 백서로 153,56111,한식 일반 음식점업,45117,45117,4,4,계속,계속,1184101147,11841011470,56111,한식 일반 음식점업
680783,0,365 대기없는약국,61468,광주 동구 백서로 157,47811,의약품 및 의료용품 소매업,44838,44838,2,2,계속,계속,2271997719,22719977190,47811,의약품 및 의료용품 소매업
811803,0,훈이네,61468,광주 동구 백서로 165,56111,한식 일반 음식점업,43525,43525,1,1,계속,계속,2977800108,29778001080,56111,한식 일반 음식점업
936132,0,주식회사 스틸소프트,61468,광주 동구 백서로 167,58222,응용 소프트웨어 개발 및 공급업,43739,43739,0,0,계속,계속,3198801425,31988014250,58222,응용 소프트웨어 개발 및 공급업
788738,0,더블케이(DoubleK),61468,광주 동구 백서로 171-6,59113,광고 영화 및 비디오물 제작업,44409,44409,1,1,계속,계속,2841801596,28418015960,59113,광고 영화 및 비디오물 제작업
259878,0,100세동안,61468,광주 동구 백서로 172,46592,의료기기 도매업,42934,42934,2,2,계속,계속,1294013438,12940134380,46592,의료기기 도매업
400337,0,위트앤드,61468,광주 동구 백서로 174,56221,커피 전문점,44332,44332,1,1,계속,계속,1440282043,14402820430,56221,커피 전문점
994879,0,검은책방 흰책방,61468,광주 동구 백서로 179,47611,"서적, 신문 및 잡지류 소매업",43678,43678,0,0,계속,계속,3542200312,35422003120,47611,"서적, 신문 및 잡지류 소매업"
453409,0,지에스25조대정문점,61467,광주 동구 백서로 190,47122,체인화 편의점,43711,43711,2,2,계속,계속,1740901166,17409011660,47122,체인화 편의점
287653,0,빌레트,61467,광주 동구 백서로 194-1,56221,커피 전문점,44562,44562,3,3,계속,계속,1314400725,13144007250,56221,커피 전문점
789377,0,유한회사미미원,61467,광주 동구 백서로 216,56111,한식 일반 음식점업,43344,43344,9,8,계속,계속,2848101116,28481011160,56111,한식 일반 음식점업
49115,0,모락,61466,광주 동구 백서로 219,56111,한식 일반 음식점업,44986,44986,9,9,계속,계속,1073471475,10734714750,56111,한식 일반 음식점업
765886,0,주식회사가원산업개발,61436,광주 동구 백서로 221,68221,부동산 중개 및 대리업,44896,44896,2,2,계속,계속,2708800970,27088009700,68221,부동산 중개 및 대리업
831202,0,주식회사 주식푸드,61487,광주 동구 백서로125번길 32-4,10122,육류 포장육 및 냉동육 가공업 (가금류 제외),45047,45047,2,2,계속,계속,3028802955,30288029550,10122,육류 포장육 및 냉동육 가공업 (가금류 제외)
686633,0,로프트28(Loft28),61487,광주 동구 백서로125번길 34,56129,기타 외국식 음식점업,44232,44232,2,2,계속,계속,2290802551,22908025510,56129,기타 외국식 음식점업
871797,0,주식회사 파우디,61487,광주 동구 백서로125번길 34-2,71310,광고 대행업,45663,45663,1,1,계속,계속,3088602847,30886028470,71310,광고 대행업
986429,0,엘에이(LA),61487,광주 동구 백서로125번길 34-2,56219,기타 주점업,45292,45292,2,2,계속,계속,3492101855,34921018550,56219,기타 주점업
707040,0,주식회사스플릿볼링(split),61488,광주 동구 백서로125번길 35,91134,볼링장 운영업,42675,42675,2,2,계속,계속,2378700199,23787001990,91134,볼링장 운영업
155954,0,사랑각,61488,광주 동구 백서로125번길 35-1,56213,생맥주 전문점,42976,42976,15,15,계속,계속,1214992276,12149922760,56213,생맥주 전문점
700537,0,쭉심 구시청점,61488,광주 동구 백서로125번길 43,56111,한식 일반 음식점업,43668,43668,9,9,계속,계속,2343300692,23433006920,56111,한식 일반 음식점업
464450,0,160st BEAUTY(구시청점),61488,광주 동구 백서로125번길 47,96119,기타 미용업,43709,43709,1,1,계속,계속,1802600873,18026008730,96119,기타 미용업
805131,0,주식회사 스케치북,61488,광주 동구 백서로125번길 7-4,73203,시각 디자인업,43957,43957,2,2,계속,계속,2938101731,29381017310,73203,시각 디자인업
646361,0,제일싸인기획,61487,광주 동구 백서로125번길 8,33910,간판 및 광고물 제조업,44370,44370,1,1,계속,계속,2213392105,22133921050,33910,간판 및 광고물 제조업
413314,0,정글북,61487,광주 동구 백서로125번길 8-1,56221,커피 전문점,43344,43344,1,1,계속,계속,1508500919,15085009190,56221,커피 전문점
628867,0,한옥신사 (HANOKSINSA),61487,광주 동구 백서로137번길 19-1,14192,"근무복, 작업복 및 유사의복 제조업",43668,43668,1,1,계속,계속,2191411961,21914119610,14192,"근무복, 작업복 및 유사의복 제조업"
435943,0,주식회사우리출력,61487,광주 동구 백서로137번길 23-1,18113,오프셋 인쇄업,43100,43100,2,2,계속,계속,1638800920,16388009200,18113,오프셋 인쇄업
627591,0,더랩협동조합,61487,광주 동구 백서로137번길 31,85699,그 외 기타 분류 안된 교육기관,42872,42872,0,0,계속,계속,2188800744,21888007440,85699,그 외 기타 분류 안된 교육기관
28305,0,헤이키,61468,광주 동구 백서로167번길 4,56221,커피 전문점,45475,45475,4,4,계속,계속,1054515342,10545153420,56221,커피 전문점
781983,0,PULLPC,61468,광주 동구 백서로176번길 10,91222,컴퓨터 게임방 운영업,45292,45292,1,1,계속,계속,2803400519,28034005190,91222,컴퓨터 게임방 운영업
756322,0,해브어굿데이,61417,광주 동구 산수길 11-10,56221,커피 전문점,45355,45355,1,1,계속,계속,2653601037,26536010370,56221,커피 전문점
89366,0,아토(페인트),61417,광주 동구 산수길35번길 20,41999,건설업본사,43474,43474,1,1,계속,계속,1121113541,11211135410,41999,건설업본사
956510,0,주식회사서건메디칼,61417,광주 동구 산수길35번길 21,46441,의약품 도매업,43437,43437,5,5,계속,계속,3318801099,33188010990,46441,의약품 도매업
370355,0,산수3구역 재개발정비사업조합,61417,광주 동구 산수길39번길 20-4,68121,주거용 건물 개발 및 공급업,43985,43985,3,3,계속,계속,1398146297,13981462970,68121,주거용 건물 개발 및 공급업
399444,0,주식회사에스에이치컴퍼니,61417,광주 동구 산수길39번길 20-8,46312,"채소류, 서류 및 향신작물류 도매업",44602,44602,8,8,계속,계속,1438802303,14388023030,46312,"채소류, 서류 및 향신작물류 도매업"
546976,0,유한회사교원조합지원센터,61417,광주 동구 산수길39번길 20-8,75999,그 외 기타 분류 안된 사업지원 서비스업,43556,43556,2,2,계속,계속,2078801272,20788012720,75999,그 외 기타 분류 안된 사업지원 서비스업
805314,0,(주)케이시건설,61468,광주 동구 서남로  20,42412,"도배, 실내장식 및 내장 목공사업",42766,42766,1,1,일괄유기,일괄유기,2938600208,29386002086,42412,"도배, 실내장식 및 내장 목공사업"
634167,0,소바세 교육연구소,61468,광주 동구 서남로 14,85709,기타 교육지원 서비스업,43586,43586,1,1,계속,계속,2201268698,22012686980,85709,기타 교육지원 서비스업
620856,0,굽네치킨조선대점,61468,광주 동구 서남로 20,56162,치킨 전문점,44866,44866,1,1,계속,계속,2173333581,21733335810,56162,치킨 전문점
805313,0,(주)케이시건설,61468,광주 동구 서남로 20,41999,건설업본사,42247,42247,1,1,계속,계속,2938600208,29386002080,41999,건설업본사
877327,0,텐퍼센트(조선대점),61467,광주 동구 서남로 33,56221,커피 전문점,45717,45717,6,6,계속,계속,3101153550,31011535500,56221,커피 전문점
447343,0,(주) 현대나라투어,61483,광주 동구 서석로  37-2,75210,여행사업,45480,45480,1,1,계속,계속,1708100915,17081009150,75210,여행사업
988487,1,세븐일레븐 광주그랜드점,61487,광주 동구 서석로 26,,,43739,,1,0,계속,,3505700419,35057004190,,
811465,0,제이앤에이치웨딩,61484,광주 동구 서석로 3,96994,결혼 상담 및 준비 서비스업,42954,42954,2,2,계속,계속,2973100419,29731004190,96994,결혼 상담 및 준비 서비스업
999598,0,이유헤어(2U헤어),61487,광주 동구 서석로 34,96112,두발 미용업,45017,45017,2,2,계속,계속,3570102084,35701020840,96112,두발 미용업
752144,0,주식회사베비에르에프앤비(베비에르문화의전당점),61487,광주 동구 서석로 36,56150,제과점업,42955,42955,12,12,계속,계속,2638500646,26385006460,56150,제과점업
462005,0,주식회사 온클라우드99,61487,광주 동구 서석로 36-2,90110,공연시설 운영업,43138,43138,1,1,계속,계속,1788801595,17888015950,90110,공연시설 운영업
210692,0,안산개발주식회사,61487,광주 동구 서석로 42,41999,건설업본사,44830,44830,1,1,계속,계속,1258802120,12588021200,41999,건설업본사
262249,0,주식회사 남해종합조경,61487,광주 동구 서석로 42,42199,기타 옥외 시설물 축조 관련 전문공사업,38809,38809,6,2,일괄유기,일괄유기,1298193662,12981936626,42199,기타 옥외 시설물 축조 관련 전문공사업
666994,0,유한회사웨딩지세븐,61487,광주 동구 서석로 42,96994,결혼 상담 및 준비 서비스업,43132,43132,2,2,계속,계속,2248600560,22486005600,96994,결혼 상담 및 준비 서비스업
883596,0,살롱드 추상,61483,광주 동구 서석로 43,96112,두발 미용업,43525,43525,2,2,계속,계속,3114600382,31146003820,96112,두발 미용업
466258,0,무등산호랭이,61482,광주 동구 서석로 49,56123,서양식 음식점업,44562,44562,1,1,계속,계속,1813301188,18133011880,56123,서양식 음식점업
271805,0,몬트,61485,광주 동구 서석로 56,47411,남자용 겉옷 소매업,43556,43556,0,0,계속,계속,1303328267,13033282670,47411,남자용 겉옷 소매업
871395,0,금남지하도상가2공구문화관광형시장육성사업단,61485,광주 동구 서석로 56,94990,그 외 기타 협회 및 단체,44634,44634,1,1,계속,계속,3088275264,30882752640,94990,그 외 기타 협회 및 단체
878321,0,투미,61485,광주 동구 서석로 56,46413,남녀용 겉옷 및 셔츠 도매업,42905,42905,1,1,계속,계속,3106200114,31062001140,46413,남녀용 겉옷 및 셔츠 도매업
938369,0,모다,61485,광주 동구 서석로 56,47430,신발 소매업,43393,43393,1,1,계속,계속,3211700661,32117006610,47430,신발 소매업
992163,0,주식회사 투어앤모어,61488,광주 동구 서석로 6,75210,여행사업,42269,42269,3,3,계속,계속,3528600152,35286001520,75210,여행사업
775005,0,와이에이치(YH)커뮤니케이션,61475,광주 동구 서석로 69,75992,"전시, 컨벤션 및 행사 대행업",44023,44023,0,0,계속,계속,2762200481,27622004810,75992,"전시, 컨벤션 및 행사 대행업"
748544,0,웨딩청담주식회사,61484,광주 동구 서석로 7,96994,결혼 상담 및 준비 서비스업,43282,43282,0,0,계속,계속,2618127049,26181270490,96994,결혼 상담 및 준비 서비스업
759286,0,파더스베이글,61474,광주 동구 서석로 87,56111,한식 일반 음식점업,42951,42951,6,6,계속,계속,2670800540,26708005400,56111,한식 일반 음식점업
171265,0,한국문화산업개발주식회사,61474,광주 동구 서석로 89,55101,호텔업,44532,44532,1,1,계속,계속,1228648614,12286486140,55101,호텔업
476934,0,오늘이행복한학교,61474,광주 동구 서석로 89,85640,사회교육시설,45379,45379,1,1,계속,계속,1878200749,18782007490,85640,사회교육시설
332628,0,올포유광주금남지하점,61485,광주 동구 서석로 지하 56,46413,남녀용 겉옷 및 셔츠 도매업,42370,42370,1,1,계속,계속,1353800013,13538000130,46413,남녀용 겉옷 및 셔츠 도매업
989468,0,아리따움금남지하상가점,61485,광주 동구 서석로 지하 56,47813,"화장품, 비누 및 방향제 소매업",42767,42767,1,1,계속,계속,3510300554,35103005540,47813,"화장품, 비누 및 방향제 소매업"
490500,0,루쏘소,61488,광주 동구 서석로10번길 2,47411,남자용 겉옷 소매업,43252,43252,1,1,계속,계속,1957700130,19577001300,47411,남자용 겉옷 소매업
811092,0,시크릿,61488,광주 동구 서석로10번길 6,76292,의류 임대업,43497,43497,4,4,계속,계속,2970800968,29708009680,76292,의류 임대업
674129,0,드라이빙존운전면허광주충장점,61484,광주 동구 서석로7번길 11,85661,운전학원,44000,44000,4,4,계속,계속,2262062396,22620623960,85661,운전학원
659052,0,주식회사해온,61484,광주 동구 서석로7번길 12-24,68119,기타 부동산 임대업,43282,43282,2,2,계속,계속,2238118679,22381186790,68119,기타 부동산 임대업
479398,0,웨딩라프와,61484,광주 동구 서석로7번길 16-1,76292,의류 임대업,43719,43719,1,1,계속,계속,1890601468,18906014680,76292,의류 임대업
287724,0,자매떡볶이충장로점,61484,광주 동구 서석로7번길 17,56191,김밥 및 기타 간이 음식점업,44197,44197,3,3,계속,계속,1315200429,13152004290,56191,김밥 및 기타 간이 음식점업
513453,0,더스페셜,61484,광주 동구 서석로7번길 2,96994,결혼 상담 및 준비 서비스업,44321,44321,2,2,계속,계속,2032394732,20323947320,96994,결혼 상담 및 준비 서비스업
789463,0,더파인코리아센트럴개봉 주식회사,61474,광주 동구 서석로85번길  8-12,68121,주거용 건물 개발 및 공급업,45323,45323,1,1,계속,계속,2848103190,28481031900,68121,주거용 건물 개발 및 공급업
939034,0,(주)글로벌에듀케이션컴퍼니,61474,광주 동구 서석로85번길 10,85709,기타 교육지원 서비스업,44713,44713,1,1,계속,계속,3218102919,32181029190,85709,기타 교육지원 서비스업
393717,0,(주)플랜티,61474,광주 동구 서석로85번길 4,85631,외국어학원,43709,43709,3,3,계속,계속,1428185258,14281852580,85631,외국어학원
749596,0,카피카피룸룸,61474,광주 동구 서석로85번길 8-14,75911,문서작성 및 복사업,43132,43132,1,1,계속,계속,2621600216,26216002160,75911,문서작성 및 복사업
965440,0,광주인테리어필름학원,61400,광주 동구 서암대로 304,85669,기타 기술 및 직업훈련학원,42681,42681,1,1,계속,계속,3370200395,33702003950,85669,기타 기술 및 직업훈련학원
127505,0,광주광역시청소년노동인권센터,61401,광주 동구 서암대로 324,87299,그 외 기타 비거주 복지 서비스업,42461,42461,6,6,계속,계속,1188261380,11882613800,87299,그 외 기타 비거주 복지 서비스업
832023,0,로이젠광주서방점,61401,광주 동구 서암대로 328,47419,기타 의복 소매업,39022,39022,1,1,계속,계속,3030732434,30307324340,47419,기타 의복 소매업
830558,0,겨자씨교육선교회,61512,광주 동구 선교로 201,94912,기독교 단체,44743,44743,28,28,계속,계속,3028275117,30282751170,94912,기독교 단체
698985,0,동구선교리포레어린이집,61512,광주 동구 선교로 38-33,87210,보육시설 운영업,45292,45292,10,10,계속,계속,2338273128,23382731280,87210,보육시설 운영업
167659,0,더조은노인복지센터,61502,광주 동구 소태길 1,87293,방문 복지서비스 제공업,45292,45292,58,46,계속,계속,1228035567,12280355670,87293,방문 복지서비스 제공업
506521,0,박은호이비인후과의원,61502,광주 동구 소태길 1,86102,일반 병원,44424,44424,9,10,계속,계속,2019971437,20199714370,86102,일반 병원
450603,0,백제유통,61495,광주 동구 소태길 124,47992,계약배달 판매업,45306,45306,1,1,계속,계속,1726400442,17264004420,47992,계약배달 판매업
504289,0,NK아이리스아파트,61503,광주 동구 소태길 16,68112,비주거용 건물 임대업,43739,43739,1,1,계속,계속,2018265941,20182659410,68112,비주거용 건물 임대업
787056,0,세모스쿠알랜 광주지점,61505,광주 동구 소태길 34,47222,건강보조식품 소매업,43845,43845,1,1,계속,계속,2832200892,28322008920,47222,건강보조식품 소매업
486845,0,하이가스,61495,광주 동구 소태길 72,47713,운송장비용 기타 가스 충전업,44352,44352,2,2,계속,계속,1934800527,19348005270,47713,운송장비용 기타 가스 충전업
977813,0,태영유통,61503,광주 동구 소태길27번길 7,46329,기타 가공식품 도매업,44958,44958,2,2,계속,계속,3440900617,34409006170,46329,기타 가공식품 도매업
802552,0,등불전업,61496,광주 동구 소태동,46595,전기용 기계장비 및 관련 기자재 도매업,43773,43773,3,3,계속,계속,2921200539,29212005390,46595,전기용 기계장비 및 관련 기자재 도매업
497578,0,주식회사 화랑보안공사,61490,광주 동구 양림로  110,75310,경비 및 경호 서비스업,45654,45654,1,1,계속,계속,1998103475,19981034750,75310,경비 및 경호 서비스업
450544,0,황진이노래연습장,61489,광주 동구 양림로 123-1,91223,노래연습장 운영업,43891,43891,0,0,계속,계속,1725400424,17254004240,91223,노래연습장 운영업
734781,0,샘물수산,61490,광주 동구 양림로 124,47214,"신선, 냉동 및 기타 수산물 소매업",42644,42644,1,1,계속,계속,2539200026,25392000260,47214,"신선, 냉동 및 기타 수산물 소매업"
673667,0,리젠시,61489,광주 동구 양림로115번길 26,55102,여관업,43802,43802,0,0,계속,계속,2261461800,22614618000,55102,여관업
554623,0,일등건설중기,61489,광주 동구 양림로119번길  7,42600,건설장비 운영업,45474,45474,1,1,계속,계속,2092168524,20921685240,42600,건설장비 운영업
722836,0,하임북,61489,광주 동구 양림로119번길 20,17901,문구용 종이제품 제조업,42171,42171,10,10,계속,계속,2470100038,24701000380,17901,문구용 종이제품 제조업
724884,0,건강한약국,61489,광주 동구 양림로119번길 21,47811,의약품 및 의료용품 소매업,44907,44907,1,1,계속,계속,2481700968,24817009680,47811,의약품 및 의료용품 소매업
326959,0,주식회사보아스유통,61489,광주 동구 양림로119번길 7,47812,의료용 기구 소매업,44593,44593,1,1,계속,계속,1348801713,13488017130,47812,의료용 기구 소매업
404818,0,남호종합건설주식회사,61489,광주 동구 양림로119번길 7,42500,시설물 유지관리 공사업,43381,43381,1,0,일괄유기,일괄유기,1458601010,14586010106,42500,시설물 유지관리 공사업
497796,0,주식회사 민아메디칼,61489,광주 동구 양림로119번길 7,46441,의약품 도매업,44802,44802,6,6,계속,계속,1998602729,19986027290,46441,의약품 도매업
669044,0,일등건설중기,61489,광주 동구 양림로119번길 7,42600,건설장비 운영업,43282,43282,3,3,계속,계속,2251300477,22513004770,42600,건설장비 운영업
88272,0,마스터만화애니미술학원,61475,광주 동구 예술길 10,85622,미술학원,43647,43647,2,2,계속,계속,1119081357,11190813570,85622,미술학원
455343,0,살롱드재즈,61474,광주 동구 예술길 19-2,90110,공연시설 운영업,43525,43525,0,0,계속,계속,1751000846,17510008460,90110,공연시설 운영업
397050,0,벌크커피금남로점,61475,광주 동구 예술길 2,56221,커피 전문점,44987,44987,1,1,계속,계속,1437000367,14370003670,56221,커피 전문점
650656,0,나인갤러리,61475,광주 동구 예술길 20-6,47841,예술품 및 골동품 소매업,44075,44075,1,1,계속,계속,2219114583,22191145830,47841,예술품 및 골동품 소매업
396731,0,전철우맛있는주방광주점,61474,광주 동구 예술길 31-11,56111,한식 일반 음식점업,43111,43111,1,1,계속,계속,1432900569,14329005690,56111,한식 일반 음식점업
751240,0,교동집,61474,광주 동구 예술길 31-11,56121,중식 음식점업,45215,45215,1,1,계속,계속,2630902505,26309025050,56121,중식 음식점업
547183,0,라랄라뮤직아카데미(LalallaMusicAcademy)학원,61474,광주 동구 예술길 31-13,85629,기타 예술학원,43584,43584,0,0,계속,계속,2079278929,20792789290,85629,기타 예술학원
18875,0,바위클라이밍짐,61474,광주 동구 예술길 31-15,85612,기타 스포츠 교육기관,44378,44378,1,1,계속,계속,1042400180,10424001800,85612,기타 스포츠 교육기관
23543,0,(유)광주아트,61474,광주 동구 예술길 31-15,68112,비주거용 건물 임대업,44826,44826,1,1,계속,계속,1048802502,10488025020,68112,비주거용 건물 임대업
771307,0,제로나인스포츠랩,61474,광주 동구 예술길 31-15,85612,기타 스포츠 교육기관,44378,44378,1,1,계속,계속,2740901675,27409016750,85612,기타 스포츠 교육기관
416444,0,카페정원,61474,광주 동구 예술길 31-3,56221,커피 전문점,44228,44228,1,1,계속,계속,1525700381,15257003810,56221,커피 전문점
506389,0,사제동행태권도,61508,광주 동구 용산1로 12,85611,태권도 및 무술 교육기관,43800,43800,1,1,계속,계속,2019301055,20193010550,85611,태권도 및 무술 교육기관
601194,0,새빛치과의원,61508,광주 동구 용산1로 12,86202,치과 의원,43689,43689,6,6,계속,계속,2149605679,21496056790,86202,치과 의원
794132,0,파리바게뜨광주용산점,61508,광주 동구 용산1로 12,56150,제과점업,43678,43678,1,1,계속,계속,2872600816,28726008160,56150,제과점업
761414,0,해성골프존,61508,광주 동구 용산2길 23,91136,골프연습장 운영업,44652,44652,13,13,계속,계속,2682901339,26829013390,91136,골프연습장 운영업
77762,0,더원티앤씨,61508,광주 동구 용산2로 3,46522,"통신, 방송장비 및 부품 도매업",45159,45159,2,2,계속,계속,1102295280,11022952800,46522,"통신, 방송장비 및 부품 도매업"
405057,0,주식회사 에이치엔에이치,61508,광주 동구 용산3길 16,62010,컴퓨터 프로그래밍 서비스업,44428,44428,1,1,계속,계속,1458702302,14587023020,62010,컴퓨터 프로그래밍 서비스업
707316,0,태산물산,61508,광주 동구 용산3길 17,47212,육류 소매업,45293,45293,1,1,계속,계속,2379101915,23791019150,47212,육류 소매업
987376,0,주식회사 금단,61508,광주 동구 용산3길 24,41999,건설업본사,43872,43872,1,1,계속,계속,3498701701,34987017010,41999,건설업본사
987377,0,(주)금단,61508,광주 동구 용산3길 24,42201,배관 및 냉ㆍ난방 공사업,44033,44033,1,1,일괄유기,일괄유기,3498701701,34987017016,42201,배관 및 냉ㆍ난방 공사업
112619,0,온에어영어학원,61508,광주 동구 용산3길 4,85631,외국어학원,44657,44657,1,1,계속,계속,1149210781,11492107810,85631,외국어학원
477793,0,한우큰마당용산점,61508,광주 동구 용산3길 4,46313,육류 도매업,44409,44409,1,1,계속,계속,1881201980,18812019800,46313,육류 도매업
767493,0,(주)더싼코코식자재마트,61508,광주 동구 용산4길 5,47121,슈퍼마켓,43891,43891,6,6,계속,계속,2718701581,27187015810,47121,슈퍼마켓
958442,0,원 미트하우스,61492,광주 동구 운림길 24,47212,육류 소매업,43525,43525,1,1,계속,계속,3329900522,33299005220,47212,육류 소매업
992502,0,(유)지마트,61492,광주 동구 운림길 24,47121,슈퍼마켓,42693,42693,4,4,계속,계속,3528800568,35288005680,47121,슈퍼마켓
87244,0,창진이앤씨 주식회사,61493,광주 동구 의재로  221,41229,기타 토목시설물 건설업,42240,42240,7,4,일괄유기,일괄유기,1118191722,11181917226,41229,기타 토목시설물 건설업
128166,0,이글스클럽,61492,광주 동구 의재로 149-7,85611,태권도 및 무술 교육기관,44105,44105,1,1,계속,계속,1189100497,11891004970,85611,태권도 및 무술 교육기관
343129,0,오름직업재활센터,61492,광주 동구 의재로 151,27301,광학렌즈 및 광학요소 제조업,43934,43934,17,17,계속,계속,1368208103,13682081030,27301,광학렌즈 및 광학요소 제조업
788548,0,운림신짬뽕,61492,광주 동구 의재로 153,56121,중식 음식점업,44418,44418,2,2,계속,계속,2840802015,28408020150,56121,중식 음식점업
87243,0,창진이앤씨(주),61493,광주 동구 의재로 221,41999,건설업본사,42186,42186,14,21,계속,계속,1118191722,11181917220,41999,건설업본사
905658,0,그린라이프,61493,광주 동구 의재로 231,13221,침구 및 관련제품 제조업,39661,39661,3,3,계속,계속,3140253244,31402532440,13221,침구 및 관련제품 제조업
713164,0,학동참조은약국,61459,광주 동구 의재로 23-1,46441,의약품 도매업,44375,44375,1,1,계속,계속,2413800939,24138009390,46441,의약품 도매업
798875,0,미친고기학동점,61463,광주 동구 의재로 34,56111,한식 일반 음식점업,44958,44958,3,3,계속,계속,2900402763,29004027630,56111,한식 일반 음식점업
435039,0,신가네고깃간,61460,광주 동구 의재로 45,47212,육류 소매업,44732,44732,1,1,계속,계속,1633101060,16331010600,47212,육류 소매업
838907,0,고기사랑,61460,광주 동구 의재로 49,47212,육류 소매업,44835,44835,1,1,계속,계속,3039555792,30395557920,47212,육류 소매업
875016,0,학운동주민자치회,61460,광주 동구 의재로 53,94990,그 외 기타 협회 및 단체,44390,44390,1,1,계속,계속,3098262613,30982626130,94990,그 외 기타 협회 및 단체
529094,0,굽네치킨,61462,광주 동구 의재로 54,56162,치킨 전문점,43252,43252,1,1,계속,계속,2053030974,20530309740,56162,치킨 전문점
674417,0,탕화쿵푸마라탕학동점,61462,광주 동구 의재로 54-1,56121,중식 음식점업,44774,44774,1,1,계속,계속,2262511266,22625112660,56121,중식 음식점업
323232,0,주식회사보일,61460,광주 동구 의재로 59,41999,건설업본사,38353,38353,5,13,계속,계속,1348617846,13486178460,41999,건설업본사
323233,0,주식회사보일,61460,광주 동구 의재로 59,42311,일반전기 공사업,38553,38553,8,100,일괄유기,일괄유기,1348617846,13486178466,42311,일반전기 공사업
48657,0,에치와이(hy)학동점,61462,광주 동구 의재로 60,46324,낙농품 및 동식물성 유지 도매업,45292,45292,1,1,계속,계속,1072411838,10724118380,46324,낙농품 및 동식물성 유지 도매업
764359,0,물구나무심리상담센터,61462,광주 동구 의재로 60,87294,사회복지 상담서비스 제공업,43151,43151,4,4,계속,계속,2699800396,26998003960,87294,사회복지 상담서비스 제공업
445004,0,바나나수산학동점,61462,광주 동구 의재로 64,56111,한식 일반 음식점업,44417,44417,1,1,계속,계속,1691601314,16916013140,56111,한식 일반 음식점업
587479,0,BHC 광주학동점,61462,광주 동구 의재로 64,56162,치킨 전문점,44275,44275,1,1,계속,계속,2136301707,21363017070,56162,치킨 전문점
950059,0,우리동네당구장,61460,광주 동구 의재로 69,91135,당구장 운영업,44378,44378,1,1,계속,계속,3280801261,32808012610,91135,당구장 운영업
977992,0,빽다방 광주학운점,61460,광주 동구 의재로 71-1,56221,커피 전문점,45809,45809,4,4,계속,계속,3441702250,34417022500,56221,커피 전문점
999897,0,메가엠지씨커피광주학운점,61496,광주 동구 의재로 82,56221,커피 전문점,44991,44991,9,9,계속,계속,3571302374,35713023740,56221,커피 전문점
415861,0,블랙포레스트,61494,광주 동구 의재로136번길  22-8,42412,"도배, 실내장식 및 내장 목공사업",43831,43831,1,1,일괄유기,일괄유기,1521100985,15211009856,42412,"도배, 실내장식 및 내장 목공사업"
957132,0,카페더박스(cafeTheBox),61494,광주 동구 의재로136번길 26,56229,기타 비알코올 음료점업,43491,43491,0,0,계속,계속,3322000133,33220001330,56229,기타 비알코올 음료점업
356983,0,주식회사굿데이코리아,61494,광주 동구 의재로136번길 32-6,58222,응용 소프트웨어 개발 및 공급업,44440,44440,1,1,계속,계속,1378802026,13788020260,58222,응용 소프트웨어 개발 및 공급업
553810,0,디자인플로우,61494,광주 동구 의재로136번길 6,73203,시각 디자인업,40878,40878,4,4,계속,계속,2091399717,20913997170,73203,시각 디자인업
719088,0,(주)동부그린인테리어,61460,광주 동구 의재로35번길 28,41999,건설업본사,44013,44013,9,9,계속,계속,2448701560,24487015600,41999,건설업본사
972736,0,우리정,61496,광주 동구 의재로82번길 3-1,56111,한식 일반 음식점업,43629,43629,1,1,계속,계속,3411201179,34112011790,56111,한식 일반 음식점업
688832,0,아이티케어복지회 기전사업단,61496,광주 동구 의재로88번길 11-12,28123,배전반 및 전기 자동제어반 제조업,44958,44958,12,12,계속,계속,2298202338,22982023380,28123,배전반 및 전기 자동제어반 제조업
688833,0,아이티케어복지회 기전사업단,61496,광주 동구 의재로88번길 11-12,42321,일반 통신 공사업,45215,45215,1,0,일괄유기,일괄유기,2298202338,22982023386,42321,일반 통신 공사업
432924,0,관가 카페 mill,61496,광주 동구 의재로96번길 18,56221,커피 전문점,44138,44138,1,1,계속,계속,1620601629,16206016290,56221,커피 전문점
953278,0,한국보건안마센터,61496,광주 동구 의재로96번길 26-1,96122,마사지업,44170,44170,2,2,계속,계속,3299200755,32992007550,96122,마사지업
481536,0,가내수공업동명,61436,광주 동구 장동로 15-2,56111,한식 일반 음식점업,44593,44593,1,1,계속,계속,1903101010,19031010100,56111,한식 일반 음식점업
958524,0,씨앤피미디어랩,61436,광주 동구 장동로 1-7,59113,광고 영화 및 비디오물 제작업,42825,42825,3,3,계속,계속,3330400174,33304001740,59113,광고 영화 및 비디오물 제작업
505775,0,주식회사황톳길,61436,광주 동구 장동로 23-11,56111,한식 일반 음식점업,43556,43556,5,5,계속,계속,2018646281,20186462810,56111,한식 일반 음식점업
115076,0,그랩앤고,61436,광주 동구 장동로 23-12,56123,서양식 음식점업,45469,45469,1,1,계속,계속,1163401444,11634014440,56123,서양식 음식점업
796176,0,메가엠지씨커피광주동명점,61436,광주 동구 장동로 23-20,56221,커피 전문점,43466,43466,6,6,계속,계속,2886000322,28860003220,56221,커피 전문점
419513,0,다이닝야경,61436,광주 동구 장동로 23-22,56123,서양식 음식점업,44562,44562,1,1,계속,계속,1542201763,15422017630,56123,서양식 음식점업
673627,0,저스트텐동동리단길점,61436,광주 동구 장동로 23-22,56122,일식 음식점업,44487,44487,3,3,계속,계속,2261392344,22613923440,56122,일식 음식점업
996716,0,벌크커피동명점,61436,광주 동구 장동로 23-41,56221,커피 전문점,43617,43617,2,2,계속,계속,3552700718,35527007180,56221,커피 전문점
475759,0,문창웅수학학원,61436,광주 동구 장동로 23-45,85501,일반 교과 학원,43831,43831,1,1,계속,계속,1869300892,18693008920,85501,일반 교과 학원
441283,0,광장,61436,광주 동구 장동로 23-59,56111,한식 일반 음식점업,44789,44789,3,3,계속,계속,1670202528,16702025280,56111,한식 일반 음식점업
646374,0,온화ONHWA,61436,광주 동구 장동로 3,47851,화초 및 식물 소매업,45323,45323,2,2,계속,계속,2213430580,22134305800,47851,화초 및 식물 소매업
620490,0,퍼블릭하우스웅이웅이,61436,광주 동구 장동로 3-1,56111,한식 일반 음식점업,44806,44806,9,9,계속,계속,2172166245,21721662450,56111,한식 일반 음식점업
247137,0,금나리곱창,61465,광주 동구 장동로 4,56111,한식 일반 음식점업,44927,44927,3,3,계속,계속,1286300619,12863006190,56111,한식 일반 음식점업
714453,0,동정식,61465,광주 동구 장동로 4,56111,한식 일반 음식점업,43931,43931,2,1,계속,계속,2421201265,24212012650,56111,한식 일반 음식점업
795832,0,소보쿠,61436,광주 동구 장동로 51-1,56129,기타 외국식 음식점업,42917,42917,3,3,계속,계속,2882400076,28824000760,56129,기타 외국식 음식점업
796049,0,먼데이오프플리즈(MONDAYOFFPLEASE),61436,광주 동구 장동로 7,56123,서양식 음식점업,42644,42644,1,1,계속,계속,2884200143,28842001430,56123,서양식 음식점업
948661,0,하루,61436,광주 동구 장동로 7,56114,한식 해산물요리 전문점,43191,43191,2,2,계속,계속,3272400560,32724005600,56114,한식 해산물요리 전문점
86702,0,60계치킨광주동명계림점,61436,광주 동구 장동로 9,56162,치킨 전문점,44501,44501,1,1,계속,계속,1117900228,11179002280,56162,치킨 전문점
627366,0,주식회사 브이집,61473,광주 동구 제봉로  197,58222,응용 소프트웨어 개발 및 공급업,45462,45462,2,2,계속,계속,2188603091,21886030910,58222,응용 소프트웨어 개발 및 공급업
409487,0,그램버거,61454,광주 동구 제봉로 1,56161,"피자, 햄버거, 샌드위치 및 유사 음식점업",44927,44927,1,1,계속,계속,1484600921,14846009210,56161,"피자, 햄버거, 샌드위치 및 유사 음식점업"
631256,0,이상명내과의원,61469,광주 동구 제봉로 10,86201,일반 의원,45261,45261,9,9,계속,계속,2199525917,21995259170,86201,일반 의원
368477,0,책과생활,61465,광주 동구 제봉로 100-1,58122,잡지 및 정기간행물 발행업,42513,42513,2,2,계속,계속,1391463858,13914638580,58122,잡지 및 정기간행물 발행업
25171,0,GINICultures,61465,광주 동구 제봉로 116,85629,기타 예술학원,44607,44607,1,1,계속,계속,1051183165,10511831650,85629,기타 예술학원
451911,0,육산도 동명점,61465,광주 동구 제봉로 120-3,56111,한식 일반 음식점업,45505,45505,5,5,계속,계속,1732001339,17320013390,56111,한식 일반 음식점업
12698,0,나리들,61465,광주 동구 제봉로 122,56111,한식 일반 음식점업,44835,44835,2,2,계속,계속,1022891984,10228919840,56111,한식 일반 음식점업
702347,0,제이비로스터리(JB로스터리),61436,광주 동구 제봉로 124,56221,커피 전문점,45308,45308,1,1,계속,계속,2350502555,23505025550,56221,커피 전문점
974253,0,제제젤라또,61436,광주 동구 제봉로 126,56191,김밥 및 기타 간이 음식점업,45295,45295,1,1,계속,계속,3420602603,34206026030,56191,김밥 및 기타 간이 음식점업
717777,0,이투스광주동구남자관,61431,광주 동구 제봉로 130,85501,일반 교과 학원,42921,42921,6,6,계속,계속,2440400762,24404007620,85501,일반 교과 학원
757440,0,후스인더하우스,61431,광주 동구 제봉로 136,56199,간이음식 포장 판매 전문점,43834,43834,5,5,계속,계속,2660101101,26601011010,56199,간이음식 포장 판매 전문점
970931,0,꼬멜,61431,광주 동구 제봉로 136,15190,기타 가죽제품 제조업,43467,43467,1,1,계속,계속,3400900522,34009005220,15190,기타 가죽제품 제조업
457431,0,휘핑디에그,61431,광주 동구 제봉로 140,10602,빵류 제조업,43461,43461,1,1,계속,계속,1763500371,17635003710,10602,빵류 제조업
790034,0,비움박물관,61474,광주 동구 제봉로 143-1,90221,박물관 운영업,42828,42828,3,3,계속,계속,2849100116,28491001160,90221,박물관 운영업
160733,0,주식회사태희건설,61474,광주 동구 제봉로 155-1,41999,건설업본사,44348,44348,1,1,계속,계속,1218641452,12186414520,41999,건설업본사
160734,0,주식회사태희건설,61474,광주 동구 제봉로 155-1,42499,그 외 기타 건축 마무리 공사업,44564,44564,6,6,일괄유기,일괄유기,1218641452,12186414526,42499,그 외 기타 건축 마무리 공사업
448616,0,매머드익스프레스광주금남로,61474,광주 동구 제봉로 171,56221,커피 전문점,45017,45017,2,1,계속,계속,1712901452,17129014520,56221,커피 전문점
946404,0,대인연합내과의원,61427,광주 동구 제봉로 182,86201,일반 의원,43052,43052,13,13,계속,계속,3259300463,32593004630,86201,일반 의원
657199,0,칠우불고기,61427,광주 동구 제봉로 194,56111,한식 일반 음식점업,45306,45306,5,4,계속,계속,2230893904,22308939040,56111,한식 일반 음식점업
959853,0,주식회사금강컴퍼니,61473,광주 동구 제봉로 201,72121,건물 및 토목 엔지니어링 서비스업,45270,45270,1,1,계속,계속,3338700110,33387001100,72121,건물 및 토목 엔지니어링 서비스업
657126,0,(D)골프,61470,광주 동구 제봉로 221-11,91136,골프연습장 운영업,44378,44378,1,1,계속,계속,2230814592,22308145920,91136,골프연습장 운영업
874072,0,헤어캇또,61470,광주 동구 제봉로 221-31,96112,두발 미용업,43647,43647,2,2,계속,계속,3092700976,30927009760,96112,두발 미용업
160974,0,광은에프앤비주식회사,61470,광주 동구 제봉로 225,56130,기관 구내식당업,42095,42095,7,7,계속,계속,1218800042,12188000420,56130,기관 구내식당업
766037,0,드림정신건강의학과의원,61489,광주 동구 제봉로 27,86201,일반 의원,43514,43514,1,1,계속,계속,2709400914,27094009140,86201,일반 의원
504282,0,모어레스 전대병원점,61489,광주 동구 제봉로 35-1,56161,"피자, 햄버거, 샌드위치 및 유사 음식점업",42471,43284,14,12,계속,계속,2018265295,20182652950,56161,"피자, 햄버거, 샌드위치 및 유사 음식점업"
977950,0,프렌즈약국,61468,광주 동구 제봉로 48,47811,의약품 및 의료용품 소매업,44935,44935,3,2,계속,계속,3441502033,34415020330,47811,의약품 및 의료용품 소매업
776300,0,이승철피부과의원,61486,광주 동구 제봉로 57,86201,일반 의원,44621,44621,3,3,계속,계속,2769701509,27697015090,86201,일반 의원
703859,0,오봉렬비뇨기과의원,61468,광주 동구 제봉로 64,86201,일반 의원,42670,42670,7,7,계속,계속,2359000306,23590003060,86201,일반 의원
461325,0,파리바게뜨광주서석점,61465,광주 동구 제봉로 84,56150,제과점업,44321,44321,5,5,계속,계속,1787900347,17879003470,56150,제과점업
48651,0,꼬레우라,61436,광주 동구 제봉로110번길 13,56111,한식 일반 음식점업,44071,44071,2,2,계속,계속,1072411158,10724111580,56111,한식 일반 음식점업
873412,0,하삼동커피(동명점),61436,광주 동구 제봉로110번길 15-1,56221,커피 전문점,44197,44197,1,1,계속,계속,3090894037,30908940370,56221,커피 전문점
83605,0,제이플로랄스타일링학원,61436,광주 동구 제봉로110번길 17,85709,기타 교육지원 서비스업,43592,43592,2,2,계속,계속,1109702421,11097024210,85709,기타 교육지원 서비스업
646071,1,비율건축,61436,광주 동구 제봉로110번길 17,,,43357,,4,0,일괄유기,,2212914382,22129143826,,
944565,0,(주)비율건축,61436,광주 동구 제봉로110번길 17,42412,"도배, 실내장식 및 내장 목공사업",43525,43525,1,0,일괄유기,일괄유기,3248801145,32488011456,42412,"도배, 실내장식 및 내장 목공사업"
683826,0,포토시그니처동명동점,61436,광주 동구 제봉로110번길 18,73301,인물사진 및 행사용 영상 촬영업,44593,44593,3,3,계속,계속,2280264284,22802642840,73301,인물사진 및 행사용 영상 촬영업
691828,0,주식회사 라비에벨이엔티,61436,광주 동구 제봉로110번길 18,33110,귀금속 및 관련제품 제조업,45801,45801,3,3,계속,계속,2308703098,23087030980,33110,귀금속 및 관련제품 제조업
683788,0,맥주공주,61436,광주 동구 제봉로110번길 22,56213,생맥주 전문점,43560,43560,7,7,계속,계속,2280208341,22802083410,56213,생맥주 전문점
486690,0,미분당광주동명점,61465,광주 동구 제봉로110번길 3,56111,한식 일반 음식점업,45108,45108,6,6,계속,계속,1933201355,19332013550,56111,한식 일반 음식점업
702614,0,페이즈(Phase),61465,광주 동구 제봉로110번길 5-1,56123,서양식 음식점업,45792,45792,1,1,계속,계속,2351702785,23517027850,56123,서양식 음식점업
738775,0,첨단공원국밥 동명직영점,61465,광주 동구 제봉로110번길 7,56111,한식 일반 음식점업,45740,45740,1,1,계속,계속,2562102310,25621023100,56111,한식 일반 음식점업
949920,0,그리너(greener),61465,광주 동구 제봉로110번길 9,56199,간이음식 포장 판매 전문점,44836,44836,3,3,계속,계속,3280201916,32802019160,56199,간이음식 포장 판매 전문점
760167,0,(주)지평건축사사무소,61431,광주 동구 제봉로138번길 9,72111,건축설계 및 관련 서비스업,44972,44972,5,5,계속,계속,2678103104,26781031040,72111,건축설계 및 관련 서비스업
465692,0,나주상회,61490,광주 동구 제봉로17번길 12-21,47212,육류 소매업,43466,43466,1,1,계속,계속,1810301482,18103014820,47212,육류 소매업
770178,0,기찻길옆황제식당,61490,광주 동구 제봉로17번길 13-32,56111,한식 일반 음식점업,45173,45173,1,1,계속,계속,2734600998,27346009980,56111,한식 일반 음식점업
81674,0,남광주해뜨는시장특성화첫걸음시장육성사업단,61490,광주 동구 제봉로17번길 13-6,94990,그 외 기타 협회 및 단체,44652,44652,1,1,계속,계속,1108285485,11082854850,94990,그 외 기타 협회 및 단체
694064,0,남광주해뜨는시장상인회,61490,광주 동구 제봉로17번길 13-6,94990,그 외 기타 협회 및 단체,42125,42125,2,1,계속,계속,2318263172,23182631720,94990,그 외 기타 협회 및 단체
805421,0,창신기획주식회사,61490,광주 동구 제봉로17번길 13-6,75121,임시 및 일용 인력 공급업,45344,45344,1,1,계속,계속,2938603239,29386032390,75121,임시 및 일용 인력 공급업
572703,0,남광주시장문화관광형시장육성사업단,61490,광주 동구 제봉로17번길 18-6,94990,그 외 기타 협회 및 단체,44277,44277,2,2,계속,계속,2118272420,21182724200,94990,그 외 기타 협회 및 단체
830579,0,대인시장 문화관광형시장 육성사업단,61427,광주 동구 제봉로184번길 13-9,94990,그 외 기타 협회 및 단체,45404,45404,5,5,계속,계속,3028277963,30282779630,94990,그 외 기타 협회 및 단체
477880,0,맛나장어2호,61427,광주 동구 제봉로194번길 5-7,56111,한식 일반 음식점업,43252,43252,5,5,계속,계속,1881700462,18817004620,56111,한식 일반 음식점업
177534,0,즐거운노인주간보호센터,61426,광주 동구 제봉로222번길 13,87293,방문 복지서비스 제공업,45078,45078,12,12,계속,계속,1238031185,12380311850,87293,방문 복지서비스 제공업
86114,0,후토루,61465,광주 동구 제봉로82번길 21,56191,김밥 및 기타 간이 음식점업,44621,44621,4,4,계속,계속,1113867570,11138675700,56191,김밥 및 기타 간이 음식점업
474284,0,후토루,61465,광주 동구 제봉로82번길 21,56111,한식 일반 음식점업,45323,45323,3,3,계속,계속,1860503247,18605032470,56111,한식 일반 음식점업
774895,0,해안식당 동명점,61465,광주 동구 제봉로98번길 11-19,56111,한식 일반 음식점업,45078,45078,1,1,계속,계속,2761502273,27615022730,56111,한식 일반 음식점업
82585,0,한국소수력발전(주),61452,광주 동구 조선대1길  17,28111,전동기 및 발전기 제조업,44470,44470,4,3,계속,계속,1108702121,11087021210,28111,전동기 및 발전기 제조업
399160,0,주식회사 글로잇,61452,광주 동구 조선대1길  17,63120,포털 및 기타 인터넷 정보매개 서비스업,44288,44288,1,1,계속,계속,1438602158,14386021580,63120,포털 및 기타 인터넷 정보매개 서비스업
570024,0,만권화밥조선대점,61452,광주 동구 조선대길 108,56122,일식 음식점업,43633,43633,2,2,계속,계속,2111617359,21116173590,56122,일식 음식점업
106962,0,와이즈프린팅,61452,광주 동구 조선대길 184,18111,경 인쇄업,42647,42647,3,3,계속,계속,1141864875,11418648750,18111,경 인쇄업
477935,0,토템89,61452,광주 동구 조선대길 184,58221,시스템 소프트웨어 개발 및 공급업,42552,42552,0,0,계속,계속,1882000201,18820002010,58221,시스템 소프트웨어 개발 및 공급업
634335,0,중화가정 조선대학교점,61452,광주 동구 조선대길 184,56121,중식 음식점업,43651,43651,1,1,계속,계속,2201900891,22019008910,56121,중식 음식점업
73955,0,주식회사 혁신과미래,61453,광주 동구 조선이공대길 11,71531,경영 컨설팅업,42522,42522,1,1,계속,계속,1098700521,10987005210,71531,경영 컨설팅업
933366,0,자연숲노인복지센터,61512,광주 동구 주남길 20-10,87292,종합복지관 운영업,44287,44287,46,37,계속,계속,3188004345,31880043450,87292,종합복지관 운영업
694478,0,법무법인 로연,61441,광주 동구 준법로  1,71101,변호사업,45658,45658,3,3,계속,계속,2318703349,23187033490,71101,변호사업
626113,0,잇샌드법원점,61441,광주 동구 준법로 1,56161,"피자, 햄버거, 샌드위치 및 유사 음식점업",44795,44795,3,3,계속,계속,2183201289,21832012890,56161,"피자, 햄버거, 샌드위치 및 유사 음식점업"
50765,0,변호사서성일법률사무소,61444,광주 동구 준법로 12,71101,변호사업,43831,43831,3,3,계속,계속,1076971782,10769717820,71101,변호사업
456323,0,주식회사엔케이코리아,61444,광주 동구 준법로 12,52993,"화물 포장, 검수 및 계량 서비스업",43160,43160,3,3,계속,계속,1758600915,17586009150,52993,"화물 포장, 검수 및 계량 서비스업"
652289,0,변호사임지훈법률사무소,61444,광주 동구 준법로 12,71101,변호사업,42968,42968,1,1,계속,계속,2221213919,22212139190,71101,변호사업
166538,0,변호사 서한기 법률사무소,61444,광주 동구 준법로 36,71101,변호사업,43374,43374,1,1,계속,계속,1224390930,12243909300,71101,변호사업
397073,0,법무사 서재문 사무소,61444,광주 동구 준법로 4,71103,법무사업,43297,43297,1,1,계속,계속,1437500192,14375001920,71103,법무사업
555451,0,법무사정병용사무소,61444,광주 동구 준법로 4,71103,법무사업,43202,43202,1,1,계속,계속,2093604785,20936047850,71103,법무사업
959233,0,변호사홍흔의법률사무소,61444,광주 동구 준법로 4,71101,변호사업,44562,44562,1,1,계속,계속,3334700564,33347005640,71101,변호사업
962117,0,변호사박태식법률사무소,61444,광주 동구 준법로 6,71101,변호사업,44927,44927,1,1,계속,계속,3350602207,33506022070,71101,변호사업
437837,0,법무사 김미나 사무소,61441,광주 동구 준법로 7-3,71103,법무사업,43346,43346,4,4,계속,계속,1650301103,16503011030,71103,법무사업
308146,0,법률사무소로몬,61441,광주 동구 준법로25번길 10,71101,변호사업,44760,44760,1,1,계속,계속,1330942583,13309425830,71101,변호사업
461547,0,(사)스마트인재개발원,61475,광주 동구 중앙로  196,85699,그 외 기타 분류 안된 교육기관,42461,42461,30,28,계속,계속,1788200065,17882000650,85699,그 외 기타 분류 안된 교육기관
629835,0,한국의료기기,61413,광주 동구 중앙로  268-1,46592,의료기기 도매업,45453,45453,1,1,계속,계속,2198003016,21980030160,46592,의료기기 도매업
73995,0,농업회사법인주식회사천태,61479,광주 동구 중앙로 143,1159,기타 시설작물 재배업,43722,43722,2,2,계속,계속,1098701364,10987013640,1159,기타 시설작물 재배업
964789,0,주식회사유오워크충장점,61479,광주 동구 중앙로 143,71531,경영 컨설팅업,42856,42856,1,1,계속,계속,3368500605,33685006050,71531,경영 컨설팅업
588415,0,주식회사별,61484,광주 동구 중앙로 150-16,46413,남녀용 겉옷 및 셔츠 도매업,42948,42948,5,5,계속,계속,2138641616,21386416160,46413,남녀용 겉옷 및 셔츠 도매업
501751,0,예향식당,61484,광주 동구 중앙로 150-4,56111,한식 일반 음식점업,43922,43922,3,3,계속,계속,2012131149,20121311490,56111,한식 일반 음식점업
440671,0,제일세무법인 광주지점,61484,광주 동구 중앙로 150-8,71202,세무사업,42370,42370,4,4,계속,계속,1668500215,16685002150,71202,세무사업
789813,0,유한회사올썸,61484,광주 동구 중앙로 150-8,55101,호텔업,44866,44866,2,2,계속,계속,2848702285,28487022850,55101,호텔업
562518,0,더벤티NC웨이브점,61480,광주 동구 중앙로 163,56221,커피 전문점,43466,43466,1,1,계속,계속,2104116529,21041165290,56221,커피 전문점
663691,0,더블에잇88nc웨이브충장점,61480,광주 동구 중앙로 163,47412,여자용 겉옷 소매업,44197,44197,1,1,계속,계속,2247900368,22479003680,47412,여자용 겉옷 소매업
741641,0,(주)광주아뵤오,61480,광주 동구 중앙로 163,56121,중식 음식점업,44866,44866,1,1,계속,계속,2578802539,25788025390,56121,중식 음식점업
766738,0,2me NC웨이브 충장점,61480,광주 동구 중앙로 163,47412,여자용 겉옷 소매업,43952,43952,1,1,계속,계속,2713900335,27139003350,47412,여자용 겉옷 소매업
811195,0,블럭버스충장점,61480,광주 동구 중앙로 163,91229,기타 오락장 운영업,44136,44136,2,2,계속,계속,2971301388,29713013880,91229,기타 오락장 운영업
965467,0,멘무샤충장웨이브점,61480,광주 동구 중앙로 163,56122,일식 음식점업,43160,43160,8,8,계속,계속,3370301033,33703010330,56122,일식 음식점업
780028,0,태흥산업,61481,광주 동구 중앙로 179,46692,벽지 및 장판류 도매업,45078,45078,2,2,계속,계속,2791601703,27916017030,46692,벽지 및 장판류 도매업
48432,0,아이픽스존충장로점광주아이폰수리센터,61482,광주 동구 중앙로 180,95120,통신장비 수리업,42485,42485,2,2,계속,계속,1072088644,10720886440,95120,통신장비 수리업
768219,0,대풍교자,61482,광주 동구 중앙로 180,56129,기타 외국식 음식점업,42887,42887,6,6,계속,계속,2722100497,27221004970,56129,기타 외국식 음식점업
408652,0,주식회사 모다인,61482,광주 동구 중앙로 182,14199,그 외 기타 봉제의복 제조업,45719,45719,1,1,계속,계속,1478802232,14788022320,14199,그 외 기타 봉제의복 제조업
959520,0,유네스코주식회사,61481,광주 동구 중앙로 183,68112,비주거용 건물 임대업,45047,45047,1,1,계속,계속,3338101892,33381018920,68112,비주거용 건물 임대업
452720,0,주식회사에이트미디어,61481,광주 동구 중앙로 185,59113,광고 영화 및 비디오물 제작업,43832,43832,2,2,계속,계속,1738600879,17386008790,59113,광고 영화 및 비디오물 제작업
866741,0,금남플란트치과의원,61473,광주 동구 중앙로 207-7,86202,치과 의원,44713,44713,2,2,계속,계속,3079702160,30797021600,86202,치과 의원
91675,0,주식회사 운장,61473,광주 동구 중앙로 211,68122,비주거용 건물 개발 및 공급업,44601,44601,1,1,계속,계속,1128155729,11281557290,68122,비주거용 건물 개발 및 공급업
108384,0,한국프라임제약(주),61473,광주 동구 중앙로 211,21212,합성의약품 및 기타 완제 의약품 제조업,34850,35855,86,88,계속,계속,1148165048,11481650480,21212,합성의약품 및 기타 완제 의약품 제조업
356902,0,김병원산업보건센타주식회사,61473,광주 동구 중앙로 211,86909,그 외 기타 보건업,42552,42552,16,16,계속,계속,1378800367,13788003670,86909,그 외 기타 보건업
453326,0,김도형세무회계사무소,61474,광주 동구 중앙로 214,71202,세무사업,45200,45200,7,7,계속,계속,1740502769,17405027690,71202,세무사업
218102,0,가족사랑재가요양복지센터,61428,광주 동구 중앙로 241-4,87299,그 외 기타 비거주 복지 서비스업,42219,42219,3,2,계속,계속,1268027701,12680277010,87299,그 외 기타 비거주 복지 서비스업
606786,0,(주)대보기술단,61429,광주 동구 중앙로 248,42121,토공사업,38526,38526,3,0,일괄유기,일괄유기,2158176440,21581764406,42121,토공사업
731561,0,처가집한과,61428,광주 동구 중앙로 249-8,10603,과자류 및 코코아 제품 제조업,44562,44562,1,1,계속,계속,2520702253,25207022530,10603,과자류 및 코코아 제품 제조업
744601,0,주식회사 다은,61429,광주 동구 중앙로 254,42500,시설물 유지관리 공사업,42956,42956,3,1,일괄유기,일괄유기,2598600697,25986006976,42500,시설물 유지관리 공사업
989244,0,문화산업개발 주식회사,61423,광주 동구 중앙로 269,41999,건설업본사,44328,44328,1,2,계속,계속,3508801784,35088017840,41999,건설업본사
989245,0,문화산업개발(주),61423,광주 동구 중앙로 269,42420,유리 및 창호 공사업,44132,44132,2,2,일괄유기,일괄유기,3508801784,35088017846,42420,유리 및 창호 공사업
985574,0,주식회사 호남보육사,61423,광주 동구 중앙로 281,46452,"문구용품, 회화용품, 사무용품 도매업",44743,44743,5,5,계속,계속,3488602807,34886028070,46452,"문구용품, 회화용품, 사무용품 도매업"
939375,0,성동건설 주식회사,61420,광주 동구 중앙로 313,41999,건설업본사,43826,43826,4,4,계속,계속,3218701566,32187015660,41999,건설업본사
939376,0,성동건설 주식회사,61420,광주 동구 중앙로 313,42132,콘크리트 및 철근 공사업,45720,43931,0,5,일괄유기,일괄유기,3218701566,32187015666,42132,콘크리트 및 철근 공사업
444633,0,학사모보습학원,61420,광주 동구 중앙로 317,85501,일반 교과 학원,43402,43402,1,1,계속,계속,1689100890,16891008900,85501,일반 교과 학원
749262,0,계림병원,61420,광주 동구 중앙로 327,86102,일반 병원,44299,44299,29,29,계속,계속,2619901307,26199013070,86102,일반 병원
30331,0,한국SIDS예방협회,61401,광주 동구 중앙로 337,94990,그 외 기타 협회 및 단체,45108,45108,1,1,계속,계속,1058281487,10582814870,94990,그 외 기타 협회 및 단체
707356,0,담재 한방병원,61401,광주 동구 중앙로 339,86104,한방 병원,45397,45397,47,47,계속,계속,2379501873,23795018730,86104,한방 병원
756535,0,본죽&비빔밥 광주계림동점,61401,광주 동구 중앙로 349-3,56111,한식 일반 음식점업,45538,45538,1,1,계속,계속,2655900793,26559007930,56111,한식 일반 음식점업
48683,0,튼튼동물병원,61402,광주 동구 중앙로 358,73100,수의업,42690,42690,1,1,계속,계속,1072491642,10724916420,73100,수의업
976524,0,넥스트 메디칼,61402,광주 동구 중앙로 358,46442,의료용품 도매업,44627,44627,2,2,계속,계속,3433900697,34339006970,46442,의료용품 도매업
962410,0,야옹아멍멍해봐,61401,광주 동구 중앙로 361,47852,반려용동물 및 관련용품 소매업,44682,44682,1,1,계속,계속,3352101588,33521015880,47852,반려용동물 및 관련용품 소매업
491082,0,제일세무법인,61484,광주 동구 중앙로148번길 1,71202,세무사업,42370,42370,7,7,계속,계속,1958800290,19588002900,71202,세무사업
462755,0,데이온필름 셀프사진관 광주충장로본점,61483,광주 동구 중앙로160번길  15-8,73301,인물사진 및 행사용 영상 촬영업,45955,45955,3,3,계속,계속,1793001791,17930017910,73301,인물사진 및 행사용 영상 촬영업
78213,0,더홀릭 보드게임카페 광주충장로점,61484,광주 동구 중앙로160번길 12-1,91229,기타 오락장 운영업,45343,45343,8,8,계속,계속,1103251544,11032515440,91229,기타 오락장 운영업
716202,0,웨이비헤어,61484,광주 동구 중앙로160번길 12-1,96112,두발 미용업,45426,45426,1,1,계속,계속,2431002657,24310026570,96112,두발 미용업
628603,0,디어미크,61483,광주 동구 중앙로160번길 15-11,56221,커피 전문점,45986,45986,3,3,계속,계속,2190871162,21908711620,56221,커피 전문점
646698,0,고스(GO`S),61483,광주 동구 중앙로160번길 15-11,47412,여자용 겉옷 소매업,43680,43680,3,3,계속,계속,2214900514,22149005140,47412,여자용 겉옷 소매업
631018,0,(주)효돈 농업회사 법인,61483,광주 동구 중앙로160번길 15-3,71519,기타 산업 회사 본부,43101,43101,1,1,계속,계속,2198800941,21988009410,71519,기타 산업 회사 본부
773389,0,블루문앤코,61483,광주 동구 중앙로160번길 15-3,47419,기타 의복 소매업,45293,45293,1,1,계속,계속,2752801927,27528019270,47419,기타 의복 소매업
445530,0,광주충장로1호점빽다방,61483,광주 동구 중앙로160번길 15-6,56229,기타 비알코올 음료점업,42309,42309,6,6,계속,계속,1697800031,16978000310,56229,기타 비알코올 음료점업
106917,0,안교돈까스,61483,광주 동구 중앙로160번길 15-9,56111,한식 일반 음식점업,44563,44563,3,3,계속,계속,1141812299,11418122990,56111,한식 일반 음식점업
946652,0,홍익돈까스광주충장점,61484,광주 동구 중앙로160번길 16-4,56111,한식 일반 음식점업,45292,45292,6,6,계속,계속,3260802721,32608027210,56111,한식 일반 음식점업
726349,0,피트니스R,61484,광주 동구 중앙로160번길 16-7,91132,체력단련시설 운영업,44713,44713,1,1,계속,계속,2490501685,24905016850,91132,체력단련시설 운영업
455675,0,반야,61483,광주 동구 중앙로160번길 19,47419,기타 의복 소매업,45171,45171,4,4,계속,계속,1752901584,17529015840,47419,기타 의복 소매업
862960,0,코데즈컴바인이너웨어 광주황금점,61484,광주 동구 중앙로160번길 2,47413,속옷 및 잠옷 소매업,43344,43344,1,1,계속,계속,3075800033,30758000330,47413,속옷 및 잠옷 소매업
132936,0,네일아울렛,61484,광주 동구 중앙로160번길 20,46443,화장품 및 화장용품 도매업,42449,42449,2,2,계속,계속,1192400218,11924002180,46443,화장품 및 화장용품 도매업
462798,0,개츠비,61483,광주 동구 중앙로160번길 23-4,56221,커피 전문점,42934,42934,1,1,계속,계속,1793500216,17935002160,56221,커피 전문점
546529,0,유한회사초원,61483,광주 동구 중앙로160번길 23-6,56211,일반 유흥주점업,42278,42278,1,1,계속,계속,2078514359,20785143590,56211,일반 유흥주점업
740178,0,리오네일,61483,광주 동구 중앙로160번길 29-1,96119,기타 미용업,43922,43922,1,1,계속,계속,2570401597,25704015970,96119,기타 미용업
38858,0,네일몰광주점,61483,광주 동구 중앙로160번길 3,46443,화장품 및 화장용품 도매업,42309,42309,1,1,계속,계속,1062391657,10623916570,46443,화장품 및 화장용품 도매업
957473,0,네일160,61483,광주 동구 중앙로160번길 3,96119,기타 미용업,45658,45658,1,1,계속,계속,3325200925,33252009250,96119,기타 미용업
439306,0,주식회사 지제이써브,61483,광주 동구 중앙로160번길 31-18,71531,경영 컨설팅업,43282,43282,1,1,계속,계속,1658801148,16588011480,71531,경영 컨설팅업
10668,0,Bway(비웨이),61483,광주 동구 중앙로160번길 31-2,47411,남자용 겉옷 소매업,43717,43717,1,1,계속,계속,1020207021,10202070210,47411,남자용 겉옷 소매업
926187,0,주식회사 이지테이블,61483,광주 동구 중앙로160번길 31-2,46329,기타 가공식품 도매업,44313,44313,5,5,계속,계속,3168802269,31688022690,46329,기타 가공식품 도매업
938473,0,공차,61483,광주 동구 중앙로160번길 31-41,56221,커피 전문점,43435,43435,2,2,계속,계속,3212400562,32124005620,56221,커피 전문점
713363,0,아도라(Adora),61484,광주 동구 중앙로160번길 6,47422,의복 액세서리 및 모조 장신구 소매업,45331,45331,1,1,계속,계속,2416700657,24167006570,47422,의복 액세서리 및 모조 장신구 소매업
424478,0,디자인플랜,61484,광주 동구 중앙로160번길 8,41999,건설업본사,44636,44636,1,1,계속,계속,1570901588,15709015880,41999,건설업본사
424479,0,디자인플랜,61484,광주 동구 중앙로160번길 8,42412,"도배, 실내장식 및 내장 목공사업",44022,44022,4,4,일괄유기,일괄유기,1570901588,15709015886,42412,"도배, 실내장식 및 내장 목공사업"
546538,0,주식회사피엔아이컴퍼니,61484,광주 동구 중앙로160번길 8,58221,시스템 소프트웨어 개발 및 공급업,43195,43195,1,1,계속,계속,2078515004,20785150040,58221,시스템 소프트웨어 개발 및 공급업
654695,0,누리아이주식회사,61475,광주 동구 중앙로196번길 14,47912,전자상거래 소매업,45174,45174,1,1,계속,계속,2228136368,22281363680,47912,전자상거래 소매업
177101,0,알파고기원,61475,광주 동구 중앙로196번길 20,91293,기원 운영업,44713,44713,1,1,계속,계속,1236300405,12363004050,91293,기원 운영업
702860,0,좋은국밥,61475,광주 동구 중앙로196번길 25,56111,한식 일반 음식점업,43831,43831,6,6,계속,계속,2353600172,23536001720,56111,한식 일반 음식점업
515804,0,유한회사미래아이템(bhc27번가금남로점),61475,광주 동구 중앙로196번길 27,56162,치킨 전문점,43600,43600,2,1,계속,계속,2038166478,20381664780,56162,치킨 전문점
773718,0,이자벨헤어,61475,광주 동구 중앙로196번길 31-17,96112,두발 미용업,45810,45810,1,1,계속,계속,2757000757,27570007570,96112,두발 미용업
528897,0,라그로쏘,61429,광주 동구 중앙로252번길 11,56123,서양식 음식점업,44960,44960,4,3,계속,계속,2052670265,20526702650,56123,서양식 음식점업
765635,0,동명문화트래블협동조합,61429,광주 동구 중앙로252번길 11-1,91299,그 외 기타 분류 안된 오락관련 서비스업,44774,44774,1,1,계속,계속,2708601975,27086019750,91299,그 외 기타 분류 안된 오락관련 서비스업
451387,0,일대일수학전문학원,61413,광주 동구 중앙로290번길 2,85501,일반 교과 학원,44563,44563,2,2,계속,계속,1729201731,17292017310,85501,일반 교과 학원
957615,0,모던동물병원,61413,광주 동구 중앙로290번길 2,73100,수의업,45075,45075,2,2,계속,계속,3327700364,33277003640,73100,수의업
754835,0,주식회사　아이디어플랫폼,61421,광주 동구 중흥로 224,46109,상품종합 중개업,42522,42522,2,2,계속,계속,2648144770,26481447700,46109,상품종합 중개업
741482,0,주식회사라도산업개발,61422,광주 동구 중흥로 238-1,47912,전자상거래 소매업,45143,45143,1,1,계속,계속,2578701663,25787016630,47912,전자상거래 소매업
493356,0,크리에이티브아트,61419,광주 동구 중흥로209번길 8,90191,공연 기획업,45455,45455,1,1,계속,계속,1971402672,19714026720,90191,공연 기획업
411295,0,천풍전력,61419,광주 동구 중흥로213번길 1,46595,전기용 기계장비 및 관련 기자재 도매업,44564,44564,3,3,계속,계속,1495200231,14952002310,46595,전기용 기계장비 및 관련 기자재 도매업
876917,0,그루밍엔터테인먼트,61420,광주 동구 중흥로227번길 10-2,90191,공연 기획업,44682,44682,3,3,계속,계속,3100752082,31007520820,90191,공연 기획업
979156,0,주식회사 씨앤이,61420,광주 동구 중흥로227번길 14-13,26221,인쇄회로기판용 적층판 제조업,45839,45839,4,4,계속,계속,3448802717,34488027170,26221,인쇄회로기판용 적층판 제조업
401102,0,씨유(CU)계림성공점,61420,광주 동구 중흥로227번길 18,47122,체인화 편의점,44531,44531,3,3,계속,계속,1445200459,14452004590,47122,체인화 편의점
489353,0,주식회사 첨단돌솥감자탕무등산점,61493,광주 동구 증심사길 16,56150,제과점업,44781,44781,1,1,계속,계속,1948702449,19487024490,56150,제과점업
551549,0,무등문화마당,61493,광주 동구 증심사길 177,91299,그 외 기타 분류 안된 오락관련 서비스업,44562,44562,1,1,계속,계속,2088269201,20882692010,91299,그 외 기타 분류 안된 오락관련 서비스업
734847,0,치유요양병원,61493,광주 동구 증심사길 2,86105,요양 병원,44470,44470,71,71,계속,계속,2539801390,25398013900,86105,요양 병원
742774,0,(주)코오롱스포츠무등산점,61493,광주 동구 증심사길30번길 11-1,47419,기타 의복 소매업,43419,43419,1,1,계속,계속,2588101096,25881010960,47419,기타 의복 소매업
458073,0,무등산상가거리상점가특성화첫걸음시장육성사업단,61493,광주 동구 증심사길30번길 35,94990,그 외 기타 협회 및 단체,44670,44670,1,1,계속,계속,1768273413,17682734130,94990,그 외 기타 협회 및 단체
921315,0,무등산상가거리상인회,61493,광주 동구 증심사길30번길 5,94990,그 외 기타 협회 및 단체,45055,45055,1,1,계속,계속,3158279176,31582791760,94990,그 외 기타 협회 및 단체
588437,0,(주)대동종합건설,61461,광주 동구 증심천로 117,41999,건설업본사,43313,43313,4,8,계속,계속,2138642008,21386420080,41999,건설업본사
588438,0,(주)대동종합건설,61461,광주 동구 증심천로 117,41119,기타 공동 주택 건설업,43374,43374,25,21,일괄유기,일괄유기,2138642008,21386420086,41119,기타 공동 주택 건설업
771330,0,카페스너그,61462,광주 동구 증심천로 29-1,56221,커피 전문점,45604,45604,1,1,계속,계속,2741001502,27410015020,56221,커피 전문점
71964,0,학동금호베스트빌 입주자대표회의,61461,광주 동구 증심천로 88,68211,주거용 부동산 관리업,37347,37347,3,3,계속,계속,1098287649,10982876490,68211,주거용 부동산 관리업
697644,0,노브랜드버거광주조선대점,61449,광주 동구 지산로 11,56161,"피자, 햄버거, 샌드위치 및 유사 음식점업",45172,45172,6,6,계속,계속,2331602268,23316022680,56161,"피자, 햄버거, 샌드위치 및 유사 음식점업"
625715,0,지에스(GS)25조선대학교점,61448,광주 동구 지산로 37,47122,체인화 편의점,43868,45778,1,1,계속,계속,2182043379,21820433790,47122,체인화 편의점
792722,0,데이데이헤어,61450,광주 동구 지산로 46,96112,두발 미용업,43837,43837,0,0,계속,계속,2866200320,28662003200,96112,두발 미용업
495037,0,세븐일레븐 광주지산점,61450,광주 동구 지산로 48,47122,체인화 편의점,44562,44562,6,6,계속,계속,1981102072,19811020720,47122,체인화 편의점
720126,0,변호사박충배법률사무소,61445,광주 동구 지산로 63,71101,변호사업,45265,45265,1,1,계속,계속,2454400311,24544003110,71101,변호사업
952029,0,법무사기세옥사무소,61441,광주 동구 지산로 68,71103,법무사업,42647,42647,3,3,계속,계속,3292100401,32921004010,71103,법무사업
964109,0,변호사최상현법률사무소,61445,광주 동구 지산로 69,71101,변호사업,42394,42394,2,2,계속,계속,3362000213,33620002130,71101,변호사업
12833,0,쥬씨조선대점,61449,광주 동구 지산로 7,56221,커피 전문점,44925,44925,1,1,계속,계속,1023261906,10232619060,56221,커피 전문점
14427,0,법무법인 정훈(광주),61445,광주 동구 지산로 73,71101,변호사업,42278,42278,12,12,계속,계속,1028528688,10285286880,71101,변호사업
414588,0,변호사최기영법률사무소,61441,광주 동구 지산로 74-8,71101,변호사업,44595,44595,2,2,계속,계속,1514200875,15142008750,71101,변호사업
463842,0,광주고등법원국선전담변호사,61441,광주 동구 지산로 74-8,71101,변호사업,44263,44263,1,1,계속,계속,1799301442,17993014420,71101,변호사업
984678,0,변호사박철법률사무소,61441,광주 동구 지산로 74-8,71103,법무사업,44054,44054,4,4,계속,계속,3481801323,34818013230,71103,법무사업
131089,0,법무사최정식사무소,61440,광주 동구 지산로 81,71103,법무사업,39759,39759,4,4,계속,계속,1191645786,11916457860,71103,법무사업
81638,0,순흥안씨찬성공파운곡공종중(지산동),61440,광주 동구 지산로 85,68212,비주거용 부동산 관리업,43952,43952,2,1,계속,계속,1108281626,11082816260,68212,비주거용 부동산 관리업
634027,0,법률사무소 나루,61440,광주 동구 지산로 85,71101,변호사업,43195,43195,1,1,계속,계속,2201066018,22010660180,71101,변호사업
713010,0,법무사양일래,61440,광주 동구 지산로 85,71103,법무사업,42921,42921,2,2,계속,계속,2412600426,24126004260,71103,법무사업
833817,0,법무사이상민사무소,61440,광주 동구 지산로 85,71103,법무사업,42919,42919,1,1,계속,계속,3032162900,30321629000,71103,법무사업
508823,0,컴포즈커피 광주법원점,61441,광주 동구 지산로 92,56221,커피 전문점,45809,45809,1,1,계속,계속,2022212327,20222123270,56221,커피 전문점
944607,0,법무법인카논,61445,광주 동구 지산로63번길 2,71101,변호사업,44256,44256,4,4,계속,계속,3248802052,32488020520,71101,변호사업
961266,0,유한회사에스앤트리,61445,광주 동구 지산로63번길 2,68112,비주거용 건물 임대업,44200,44200,2,2,계속,계속,3348100538,33481005380,68112,비주거용 건물 임대업
675127,0,법률사무소 인의,61445,광주 동구 지산로63번길 3,71101,변호사업,43040,43040,4,4,계속,계속,2266000246,22660002460,71101,변호사업
739213,0,로그인법률사무소,61445,광주 동구 지산로63번길 3,71101,변호사업,44903,44903,5,5,계속,계속,2567200463,25672004630,71101,변호사업
722947,0,소림마라광주동구점,61441,광주 동구 지산로78번길 18,56111,한식 일반 음식점업,45109,45109,1,1,계속,계속,2470502596,24705025960,56111,한식 일반 음식점업
994764,0,변호사최경욱법률사무소,61441,광주 동구 지산로78번길 5-1,71101,변호사업,42309,42309,2,2,계속,계속,3541500139,35415001390,71101,변호사업
659413,0,지원1동주민자치회,61501,광주 동구 지원로 31-9,94990,그 외 기타 협회 및 단체,44805,44805,1,1,계속,계속,2238273077,22382730770,94990,그 외 기타 협회 및 단체
833944,0,부라보쪽갈비소태점,61502,광주 동구 지원로 4,56111,한식 일반 음식점업,45112,45112,1,1,계속,계속,3032363029,30323630290,56111,한식 일반 음식점업
440685,0,유한회사 신암티엘디,61502,광주 동구 지원로42번길 10,10309,기타 과실ㆍ채소 가공 및 저장 처리업,44328,44328,1,1,계속,계속,1668501548,16685015480,10309,기타 과실ㆍ채소 가공 및 저장 처리업
508006,0,동원게장백반,61447,광주 동구 지호로 128,56111,한식 일반 음식점업,44722,44722,5,4,계속,계속,2021309946,20213099460,56111,한식 일반 음식점업
962187,0,이영미궁중한방삼계탕지산점,61447,광주 동구 지호로 133,56111,한식 일반 음식점업,43586,43586,11,11,계속,계속,3351000996,33510009960,56111,한식 일반 음식점업
936481,0,볼사리노,61447,광주 동구 지호로 179,56229,기타 비알코올 음료점업,42924,42924,1,1,계속,계속,3200800477,32008004770,56229,기타 비알코올 음료점업
667085,0,(주)세주건설,61448,광주 동구 지호로 28,41999,건설업본사,44987,44987,1,1,계속,계속,2248602971,22486029710,41999,건설업본사
667086,0,(주)세주건설,61448,광주 동구 지호로 28,41226,조경 건설업,45079,45079,1,1,일괄유기,일괄유기,2248602971,22486029716,41226,조경 건설업
411198,0,피트니스N 2호점,61444,광주 동구 지호로 35,91132,체력단련시설 운영업,45476,45476,2,2,계속,계속,1494101141,14941011410,91132,체력단련시설 운영업
613943,0,3%상담문화센터,61448,광주 동구 지호로 4,87299,그 외 기타 비거주 복지 서비스업,42430,42430,2,2,계속,계속,2159433140,21594331400,87299,그 외 기타 비거주 복지 서비스업
691397,0,광주광역시동구지산2동주민자치회,61444,광주 동구 지호로 51,94990,그 외 기타 협회 및 단체,44098,44098,1,1,계속,계속,2308267442,23082674420,94990,그 외 기타 협회 및 단체
794537,0,지산마을주민협의회,61444,광주 동구 지호로 51,94990,그 외 기타 협회 및 단체,44713,44713,1,1,계속,계속,2878001137,28780011370,94990,그 외 기타 협회 및 단체
996407,0,국제가스설비,61451,광주 동구 지호로 82,41999,건설업본사,44928,44928,1,1,계속,계속,3551000501,35510005010,41999,건설업본사
996408,1,국제가스설비,61451,광주 동구 지호로 82,,,43322,,1,0,일괄유기,,3551000501,35510005016,,
450185,0,계혁명치킨,61445,광주 동구 지호로 9,56111,한식 일반 음식점업,44690,44690,1,1,계속,계속,1722001582,17220015820,56111,한식 일반 음식점업
712125,0,(주)대건에프디,61447,광주 동구 지호로104번길 19,41999,건설업본사,45280,45280,2,2,계속,계속,2408602783,24086027830,41999,건설업본사
712126,0,(주)대건에프디,61447,광주 동구 지호로104번길 19,42205,소방시설 공사업,45638,45638,13,0,일괄유기,일괄유기,2408602783,24086027836,42205,소방시설 공사업
940248,0,캄파니아(CAMPANIA),61447,광주 동구 지호로124번길 16-1,56221,커피 전문점,44375,44375,1,1,계속,계속,3223101219,32231012190,56221,커피 전문점
608914,0,(주)나경인터내셔날 무등파크호텔,61447,광주 동구 지호로164번길 14-10,55101,호텔업,37954,37954,27,26,계속,계속,2158648366,21586483660,55101,호텔업
403270,0,유한회사우림이엔씨,61451,광주 동구 지호로70번길 5-1,42411,도장 공사업,42837,42837,1,0,일괄유기,일괄유기,1448800614,14488006146,42411,도장 공사업
473928,0,주식회사 에삭컴퍼니,61405,광주 동구 참판로 12-1,47912,전자상거래 소매업,45931,45931,4,4,계속,계속,1858703745,18587037450,47912,전자상거래 소매업
133158,1,태양인테리어,61405,광주 동구 참판로20번길 3,,,44345,,1,0,일괄유기,,1193300471,11933004716,,
801041,0,놀부보쌈놀부부대찌개계림점,61405,광주 동구 참판로6번길 5,56111,한식 일반 음식점업,43211,43211,0,0,계속,계속,2912600611,29126006110,56111,한식 일반 음식점업
521937,0,문화기획사동행,61479,광주 동구 천변우로  361-21,75992,"전시, 컨벤션 및 행사 대행업",44743,44743,1,1,계속,계속,2047700152,20477001520,75992,"전시, 컨벤션 및 행사 대행업"
999954,0,브이마케팅,61484,광주 동구 천변우로  405-3,71310,광고 대행업,43891,43891,2,2,계속,계속,3571601172,35716011720,71310,광고 대행업
607003,0,광림토건(유),61488,광주 동구 천변우로  453,42121,토공사업,38353,38353,6,80,일괄유기,일괄유기,2158188174,21581881746,42121,토공사업
71694,0,사단법인 광주광역시장애인재활협회,61478,광주 동구 천변우로 339,87299,그 외 기타 비거주 복지 서비스업,44501,44501,5,5,계속,계속,1098232426,10982324260,87299,그 외 기타 비거주 복지 서비스업
195360,0,제일건설(주)/건설일괄,61478,광주 동구 천변우로 339,41121,사무상업용 및 공공기관용 건물 건설업,38353,38353,5001,3266,일괄유기,일괄유기,1248609636,12486096366,41121,사무상업용 및 공공기관용 건물 건설업
775568,0,한국기업지원센터(유),61478,광주 동구 천변우로 339,85669,기타 기술 및 직업훈련학원,42926,42926,8,8,계속,계속,2768100533,27681005330,85669,기타 기술 및 직업훈련학원
905014,0,(주)건축사사무소시명,61478,광주 동구 천변우로 339,72111,건축설계 및 관련 서비스업,43817,43817,0,0,계속,계속,3138800525,31388005250,72111,건축설계 및 관련 서비스업
679718,0,카페인썬팅,61479,광주 동구 천변우로 351,45219,기타 자동차 신품 부품 및 내장품 판매업,45743,45743,1,1,계속,계속,2270770677,22707706770,45219,기타 자동차 신품 부품 및 내장품 판매업
781205,0,유한회사 세움,61479,광주 동구 천변우로 355,55102,여관업,44228,44228,2,2,계속,계속,2798801262,27988012620,55102,여관업
778027,0,독원,61479,광주 동구 천변우로 359-1,56221,커피 전문점,45748,45748,1,1,계속,계속,2780103572,27801035720,56221,커피 전문점
341969,0,항꾸네조개구이(광주공원점),61479,광주 동구 천변우로 361-2,56111,한식 일반 음식점업,45078,45078,1,1,계속,계속,1363801505,13638015050,56111,한식 일반 음식점업
435668,0,유한회사세광산업,61479,광주 동구 천변우로 361-26,68119,기타 부동산 임대업,43739,43739,1,1,계속,계속,1638601115,16386011150,68119,기타 부동산 임대업
593650,0,대성세무회계광주사무소,61479,광주 동구 천변우로 363-10,71202,세무사업,43466,43466,2,2,계속,계속,2147300262,21473002620,71202,세무사업
668928,0,화신돼지,61479,광주 동구 천변우로 363-17,56111,한식 일반 음식점업,44866,44866,2,2,계속,계속,2250995055,22509950550,56111,한식 일반 음식점업
795179,0,아킴보주식회사,61479,광주 동구 천변우로 369,55101,호텔업,44531,44531,45,45,계속,계속,2878801773,28788017730,55101,호텔업
933060,0,원규스튜디오광주점,61479,광주 동구 천변우로 373,73303,사진 처리업,42552,42552,7,7,계속,계속,3183900139,31839001390,73303,사진 처리업
966922,0,주식회사디엠,61484,광주 동구 천변우로 381,71392,"광고물 문안, 도안, 설계 등 작성업",44653,44653,1,1,계속,계속,3378702425,33787024250,71392,"광고물 문안, 도안, 설계 등 작성업"
425882,0,동구한방병원,61484,광주 동구 천변우로 393-3,86104,한방 병원,45647,45647,27,27,계속,계속,1579101943,15791019430,86104,한방 병원
942323,0,주식회사청년쉐프푸드,61488,광주 동구 천변우로 439,46313,육류 도매업,44136,44136,2,2,계속,계속,3238101876,32381018760,46313,육류 도매업
371055,0,주식회사 태현헬스케어,61488,광주 동구 천변우로 453,47812,의료용 기구 소매업,45261,45261,1,1,계속,계속,1398602746,13986027460,47812,의료용 기구 소매업
429187,0,(주)잇츠스페이스,61488,광주 동구 천변우로 453,41999,건설업본사,42583,42583,2,2,계속,계속,1598800391,15988003910,41999,건설업본사
429188,0,(주)잇츠스페이스,61488,광주 동구 천변우로 453,42209,기타 건물 관련설비 설치 공사업,43285,43285,2,2,일괄유기,일괄유기,1598800391,15988003916,42209,기타 건물 관련설비 설치 공사업
959135,0,운암산업,61488,광주 동구 천변우로 453,96921,장례식장 및 장의관련 서비스업,44013,44013,2,2,계속,계속,3333700774,33337007740,96921,장례식장 및 장의관련 서비스업
987082,0,사단법인 한국불교조동종 사암연합회,61488,광주 동구 천변우로 453,96921,장례식장 및 장의관련 서비스업,43952,43952,2,2,계속,계속,3498200143,34982001430,96921,장례식장 및 장의관련 서비스업
57666,0,트리니티커피전문학원,61506,광주 동구 천변좌로 606,85669,기타 기술 및 직업훈련학원,44706,44706,3,3,계속,계속,1079701504,10797015040,85669,기타 기술 및 직업훈련학원
453663,0,트리니티커피팩토리,61506,광주 동구 천변좌로 606,10891,커피 가공업,45536,45536,1,1,계속,계속,1742201506,17422015060,10891,커피 가공업
737903,0,주식회사창연공조시스템,61506,광주 동구 천변좌로 614-11,46621,배관 및 냉ㆍ난방장치 도매업,43800,43800,2,2,계속,계속,2558601563,25586015630,46621,배관 및 냉ㆍ난방장치 도매업
737904,1,주식회사창연공조시스템,61506,광주 동구 천변좌로 614-11,,,45117,,1,0,일괄유기,,2558601563,25586015636,,
447501,0,빛고을재가장기요양기관,61507,광주 동구 천변좌로 656,87111,노인 요양 복지시설 운영업,39699,39699,7,7,계속,계속,1708200697,17082006970,87111,노인 요양 복지시설 운영업
783710,0,주안스마트정보통신,61507,광주 동구 천변좌로 692,41999,건설업본사,45292,45292,2,2,계속,계속,2812801198,28128011980,41999,건설업본사
472954,0,에스디 메디케어,61506,광주 동구 천변좌로604번길 1,46441,의약품 도매업,45870,45870,2,2,계속,계속,1853001291,18530012910,46441,의약품 도매업
789102,0,헬로애니멀광주점,61483,광주 동구 충장로  90,47852,반려용동물 및 관련용품 소매업,44075,44075,5,4,계속,계속,2844800648,28448006480,47852,반려용동물 및 관련용품 소매업
492486,0,여덟번째파장하우스100-1,61483,광주 동구 충장로 100-1,46452,"문구용품, 회화용품, 사무용품 도매업",44927,44927,6,6,계속,계속,1968502422,19685024220,46452,"문구용품, 회화용품, 사무용품 도매업"
923720,0,헤어12.5문화전당점,61483,광주 동구 충장로 102-9,96112,두발 미용업,45044,45044,1,1,계속,계속,3163300989,31633009890,96112,두발 미용업
15343,0,그레이스헤어,61482,광주 동구 충장로 105,96112,두발 미용업,44440,44440,2,2,계속,계속,1034500654,10345006540,96112,두발 미용업
490586,0,주식회사디바인핸즈광주,61476,광주 동구 충장로 13-10,47411,남자용 겉옷 소매업,43345,43345,1,1,계속,계속,1958100762,19581007620,47411,남자용 겉옷 소매업
680573,0,드림골드,61481,광주 동구 충장로 33,47830,시계 및 귀금속 소매업,44652,44652,1,1,계속,계속,2271752101,22717521010,47830,시계 및 귀금속 소매업
494078,0,주식회사 모람플랫폼,61481,광주 동구 충장로 39,85709,기타 교육지원 서비스업,44103,44103,18,18,계속,계속,1978101938,19781019380,85709,기타 교육지원 서비스업
133236,0,세빈사,61481,광주 동구 충장로 45-20,33110,귀금속 및 관련제품 제조업,43214,43214,4,4,계속,계속,1194000538,11940005380,33110,귀금속 및 관련제품 제조업
630642,0,(주)장충동왕족발 광주지점,61481,광주 동구 충장로 59-1,56111,한식 일반 음식점업,44609,44609,11,5,계속,계속,2198508772,21985087720,56111,한식 일반 음식점업
293233,0,주식회사보나,61482,광주 동구 충장로 77-1,73301,인물사진 및 행사용 영상 촬영업,44652,44652,1,1,계속,계속,1318672966,13186729660,73301,인물사진 및 행사용 영상 촬영업
581690,0,청춘덮밥,61482,광주 동구 충장로 77-6,56111,한식 일반 음식점업,43017,43017,1,1,계속,계속,2126400226,21264002260,56111,한식 일반 음식점업
790579,0,롯데리아충장점,61482,광주 동구 충장로 77-7,56161,"피자, 햄버거, 샌드위치 및 유사 음식점업",44013,44013,7,7,계속,계속,2852301235,28523012350,56161,"피자, 햄버거, 샌드위치 및 유사 음식점업"
19683,0,광주충장점크록스,61482,광주 동구 충장로 79-1,46420,신발 도매업,44682,44682,4,4,계속,계속,1044165706,10441657060,46420,신발 도매업
707152,0,(주)오에스티앤클럽클리오,61483,광주 동구 충장로 80-3,47440,가방 및 기타 가죽제품 소매업,42461,42461,0,0,계속,계속,2378800269,23788002690,47440,가방 및 기타 가죽제품 소매업
476345,0,용우동,61483,광주 동구 충장로 80-4,56191,김밥 및 기타 간이 음식점업,43021,43021,3,3,계속,계속,1872700508,18727005080,56191,김밥 및 기타 간이 음식점업
627864,0,인트로댄스뮤직스튜디오학원,61483,광주 동구 충장로 80-5,85621,음악학원,43648,43648,0,0,계속,계속,2189815703,21898157030,85621,음악학원
816001,0,청담더뷰티미용학원,61483,광주 동구 충장로 80-5,85669,기타 기술 및 직업훈련학원,42156,42156,4,4,계속,계속,2999000033,29990000330,85669,기타 기술 및 직업훈련학원
867116,0,못된고양이,61482,광주 동구 충장로 89,46417,의복 액세서리 및 모조 장신구 도매업,41365,41365,1,1,계속,계속,3080469556,30804695560,46417,의복 액세서리 및 모조 장신구 도매업
544364,0,비밀의화원광주점,61483,광주 동구 충장로 90,91229,기타 오락장 운영업,44117,44117,1,1,계속,계속,2072691626,20726916260,91229,기타 오락장 운영업
954453,0,데블다이스(주),61483,광주 동구 충장로 94-5,91229,기타 오락장 운영업,45701,45701,1,1,계속,계속,3308103789,33081037890,91229,기타 오락장 운영업
728797,0,팬텀팬피그 충장로점,61483,광주 동구 충장로 94-9,56111,한식 일반 음식점업,45699,45699,2,2,계속,계속,2507600522,25076005220,56111,한식 일반 음식점업
14260,0,광주충장상권 상권활성화 추진단,61477,광주 동구 충장로22번길 2,94990,그 외 기타 협회 및 단체,44593,44593,3,3,계속,계속,1028268506,10282685060,94990,그 외 기타 협회 및 단체
730296,0,미드나잇서비스(MIDNIGHTSERVICE),61477,광주 동구 충장로22번길 8-12,73202,제품 디자인업,44562,44562,1,1,계속,계속,2514100498,25141004980,73202,제품 디자인업
652581,0,신흥주차장,61480,광주 동구 충장로46번길 14,52915,주차장 운영업,44197,44197,1,1,계속,계속,2221592593,22215925930,52915,주차장 운영업
699030,0,국제정신문화교육원,61480,광주 동구 충장로46번길 7,85640,사회교육시설,43151,43151,1,1,계속,계속,2338502172,23385021720,85640,사회교육시설
233069,0,레벨살롱,61483,광주 동구 충장로안길  10,96112,두발 미용업,45510,45510,1,1,계속,계속,1277200485,12772004850,96112,두발 미용업
969568,0,미도인충장로,61483,광주 동구 충장로안길 17,56123,서양식 음식점업,44334,44334,3,3,계속,계속,3393101143,33931011430,56123,서양식 음식점업
968871,0,엘씨관리산업(주),61483,광주 동구 충장로안길 3,74100,사업시설 유지관리 서비스업,44197,44197,16,16,일괄계속,계속,3388801751,33888017510,74100,사업시설 유지관리 서비스업
318909,0,믹스존(MIXZON),61483,광주 동구 충장로안길 40-2,47419,기타 의복 소매업,42795,42795,4,4,계속,계속,1343400327,13434003270,47419,기타 의복 소매업
807907,0,안세약국,61483,광주 동구 충장로안길 43-1,47811,의약품 및 의료용품 소매업,43262,43262,2,2,계속,계속,2951600633,29516006330,47811,의약품 및 의료용품 소매업
555338,0,살롱스물유,61483,광주 동구 충장로안길 5,96112,두발 미용업,44571,44571,3,3,계속,계속,2093361785,20933617850,96112,두발 미용업
84488,0,상아종합건축사사무소,61483,광주 동구 충장로안길 5-3,72111,건축설계 및 관련 서비스업,43405,43405,1,1,계속,계속,1111050788,11110507880,72111,건축설계 및 관련 서비스업
452122,0,애상마라탕,61483,광주 동구 충장로안길 7-1,56121,중식 음식점업,43740,43740,1,1,계속,계속,1733600587,17336005870,56121,중식 음식점업
793313,0,주식회사금성종합건설,61511,광주 동구 칠전길 57-2,41999,건설업본사,44228,44228,2,2,계속,계속,2868701958,28687019580,41999,건설업본사
840310,1,석Design,61405,광주 동구 필문대로  108,,,44420,,1,0,일괄유기,,3042592287,30425922876,,
674234,0,이유엔 건축사사무소,61433,광주 동구 필문대로  220,72111,건축설계 및 관련 서비스업,45474,45474,1,1,계속,계속,2262192669,22621926690,72111,건축설계 및 관련 서비스업
427215,0,주식회사나우건설,61406,광주 동구 필문대로 136,68221,부동산 중개 및 대리업,44831,44831,2,2,계속,계속,1588602771,15886027710,68221,부동산 중개 및 대리업
997675,0,주식회사골든벨류에셋,61407,광주 동구 필문대로 143,68224,부동산 분양 대행업,45108,45108,1,1,계속,계속,3558702796,35587027960,68224,부동산 분양 대행업
690173,0,관덕ENG,61407,광주 동구 필문대로 147,72111,건축설계 및 관련 서비스업,43370,43370,1,1,계속,계속,2301301158,23013011580,72111,건축설계 및 관련 서비스업
973622,0,주식회사제도엔지니어링,61406,광주 동구 필문대로 152,42121,토공사업,43307,43307,8,3,일괄유기,일괄유기,3418600278,34186002786,42121,토공사업
80278,0,(주)대명산업,61406,광주 동구 필문대로 170-1,41226,조경 건설업,39742,39742,1,1,일괄유기,일괄유기,1108174695,11081746956,41226,조경 건설업
783540,0,착한보청기,61411,광주 동구 필문대로 175,47812,의료용 기구 소매업,42694,42694,1,1,계속,계속,2811800259,28118002590,47812,의료용 기구 소매업
815001,0,서해수산활어직판장,61437,광주 동구 필문대로 185,56111,한식 일반 음식점업,43740,43740,1,3,계속,계속,2993900497,29939004970,56111,한식 일반 음식점업
540398,0,성동서비스주식회사,61433,광주 동구 필문대로 190,95310,가전제품 수리업,41091,41091,0,0,계속,계속,2068666884,20686668840,95310,가전제품 수리업
757476,0,빛고을감정평가사무소,61437,광주 동구 필문대로 191,68223,부동산 감정평가업,43739,43739,1,1,계속,계속,2660201637,26602016370,68223,부동산 감정평가업
514919,0,벌크커피산수점,61433,광주 동구 필문대로 194,56221,커피 전문점,44200,44200,1,1,계속,계속,2036567841,20365678410,56221,커피 전문점
764336,0,국가대표안마지압원,61433,광주 동구 필문대로 212,96122,마사지업,44743,44743,1,1,계속,계속,2699601197,26996011970,96122,마사지업
4335,0,법무사최한용·정평화사무소,61433,광주 동구 필문대로 214,71103,법무사업,44579,44579,2,2,계속,계속,1013235235,10132352350,71103,법무사업
733914,0,안티고,61445,광주 동구 필문대로 241,47830,시계 및 귀금속 소매업,45078,45078,1,1,계속,계속,2535000540,25350005400,47830,시계 및 귀금속 소매업
547680,1,지에스25조대제일점,61448,광주 동구 필문대로 253,,,43923,,1,0,계속,,2080252163,20802521630,,
952330,0,셀디스터디카페조선대점,61448,광주 동구 필문대로 253,90212,독서실 운영업,43988,43988,1,1,계속,계속,3294700416,32947004160,90212,독서실 운영업
886139,0,이마트24광주동명점,61448,광주 동구 필문대로 263,47122,체인화 편의점,43739,43739,5,5,계속,계속,3118517368,31185173680,47122,체인화 편의점
143727,0,카페피카,61449,광주 동구 필문대로 277,56221,커피 전문점,44624,44624,1,1,계속,계속,1203301053,12033010530,56221,커피 전문점
426394,0,세렌딥2004,61449,광주 동구 필문대로 283,56221,커피 전문점,45413,45413,1,1,계속,계속,1582501335,15825013350,56221,커피 전문점
800464,0,NOAH어학원,61467,광주 동구 필문대로 308,85631,외국어학원,43160,43160,1,1,계속,계속,2909400484,29094004840,85631,외국어학원
877235,0,채선당도시락&샐러드밀키트24광주조선대점,61467,광주 동구 필문대로 308,56111,한식 일반 음식점업,45047,45047,3,3,계속,계속,3101078613,31010786130,56111,한식 일반 음식점업
999851,0,오늘애김밥조선대점,61467,광주 동구 필문대로 308,56191,김밥 및 기타 간이 음식점업,45017,45017,1,1,계속,계속,3571102098,35711020980,56191,김밥 및 기타 간이 음식점업
87987,0,주식회사 메타아이원,61452,광주 동구 필문대로 309,58221,시스템 소프트웨어 개발 및 공급업,44714,44714,1,1,계속,계속,1118702653,11187026530,58221,시스템 소프트웨어 개발 및 공급업
342009,0,엠에스솔루션,61452,광주 동구 필문대로 309,33999,그 외 기타 달리 분류되지 않은 제품 제조업,43449,43449,2,2,계속,계속,1364300117,13643001170,33999,그 외 기타 달리 분류되지 않은 제품 제조업
998709,0,예술지음교육연구소,61453,광주 동구 필문대로 349,85709,기타 교육지원 서비스업,45170,45170,1,1,계속,계속,3566000659,35660006590,85709,기타 교육지원 서비스업
529746,0,미메이,61453,광주 동구 필문대로 365,56121,중식 음식점업,43466,43466,1,1,계속,계속,2054909449,20549094490,56121,중식 음식점업
396776,0,공판장,61404,광주 동구 필문대로 70,47215,"채소, 과실 및 뿌리작물 소매업",45817,45817,1,1,계속,계속,1433101538,14331015380,47215,"채소, 과실 및 뿌리작물 소매업"
554470,0,삼호ENG,61404,광주 동구 필문대로 70,41999,건설업본사,44440,44440,1,1,계속,계속,2091941634,20919416340,41999,건설업본사
778272,0,우주네반찬,61404,광주 동구 필문대로 70,47223,조리 반찬류 소매업,44836,44836,1,1,계속,계속,2781202297,27812022970,47223,조리 반찬류 소매업
789330,0,동구아이뷰어린이집,61404,광주 동구 필문대로 70,87210,보육시설 운영업,44886,44886,15,15,계속,계속,2848002587,28480025870,87210,보육시설 운영업
957709,0,주식회사감사로운,61404,광주 동구 필문대로 70,41999,건설업본사,43655,43655,1,1,계속,계속,3328100944,33281009440,41999,건설업본사
957710,0,주식회사 감사로운,61404,광주 동구 필문대로 70,42209,기타 건물 관련설비 설치 공사업,43655,43655,1,1,일괄유기,일괄유기,3328100944,33281009446,42209,기타 건물 관련설비 설치 공사업
406726,0,유한회사금보마루,61404,광주 동구 필문대로 86,68129,기타 부동산 개발 및 공급업,44838,44838,1,1,계속,계속,1468701214,14687012140,68129,기타 부동산 개발 및 공급업
811064,0,디자인그룹미,61407,광주 동구 필문대로137번길 15-17,41999,건설업본사,43070,43070,3,3,계속,계속,2970700466,29707004660,41999,건설업본사
697921,0,행심이네식당,61408,광주 동구 필문대로153번길 21-1,56111,한식 일반 음식점업,44958,44958,1,1,계속,계속,2333501047,23335010470,56111,한식 일반 음식점업
765925,0,농업회사법인주식회사한우비,61411,광주 동구 필문대로159번길 1-6,10129,육류 기타 가공 및 저장처리업 (가금류 제외),44228,44228,5,5,계속,계속,2708801983,27088019830,10129,육류 기타 가공 및 저장처리업 (가금류 제외)
343134,0,사무엘사회적협동조합,61411,광주 동구 필문대로171번길 27-7,87131,아동 및 부녀자 거주 복지시설 운영업,44228,44228,2,2,계속,계속,1368208200,13682082000,87131,아동 및 부녀자 거주 복지시설 운영업
680432,0,료코,61437,광주 동구 필문대로187번길 1-2,56122,일식 음식점업,42917,42917,1,1,계속,계속,2271622385,22716223850,56122,일식 음식점업
435254,0,료코푸드,61437,광주 동구 필문대로187번길 1-3,56111,한식 일반 음식점업,43647,43647,0,0,계속,계속,1635800369,16358003690,56111,한식 일반 음식점업
742854,0,주식회사515디자인,61437,광주 동구 필문대로187번길 34-1,41999,건설업본사,45292,45292,3,3,계속,계속,2588103056,25881030560,41999,건설업본사
433149,0,화성ENG,61437,광주 동구 필문대로191번길 31-29,41999,건설업본사,43467,43467,1,1,계속,계속,1621800827,16218008270,41999,건설업본사
478173,0,신세계유통,61433,광주 동구 필문대로192번길 11,46326,조미료 도매업,45323,45323,1,1,계속,계속,1884001120,18840011200,46326,조미료 도매업
414549,0,백팩커피,61433,광주 동구 필문대로192번길 18-2,56221,커피 전문점,44809,44809,1,1,계속,계속,1513800204,15138002040,56221,커피 전문점
194145,0,산수동554-32번지일원가로주택정비사업조합,61433,광주 동구 필문대로192번길 6-8,68121,주거용 건물 개발 및 공급업,45261,45261,2,2,계속,계속,1248235081,12482350810,68121,주거용 건물 개발 및 공급업
974359,1,동해,61441,광주 동구 필문대로205번길  30,,,45222,,1,0,일괄유기,,3421102382,34211023826,,
734247,0,(사)늘푸른청소년교육문화센터,61440,광주 동구 필문대로205번길 10-1,90211,도서관 및 기록보존소 운영업,43770,43770,9,9,계속,계속,2538200269,25382002690,90211,도서관 및 기록보존소 운영업
555144,0,미니스톱지산한아름점,61440,광주 동구 필문대로205번길 18,47122,체인화 편의점,43221,43221,2,2,계속,계속,2093033672,20930336720,47122,체인화 편의점
529325,0,정성찬,61439,광주 동구 필문대로205번길 21,56111,한식 일반 음식점업,45347,45347,1,1,계속,계속,2053624213,20536242130,56111,한식 일반 음식점업
659652,0,아이엔코퍼레이션(주),61448,광주 동구 필문대로253번길 20,10129,육류 기타 가공 및 저장처리업 (가금류 제외),43780,43780,1,1,계속,계속,2238601606,22386016060,10129,육류 기타 가공 및 저장처리업 (가금류 제외)
989983,0,이마트24광주육성점,61448,광주 동구 필문대로263번길 13,47122,체인화 편의점,42964,42964,6,6,계속,계속,3513600305,35136003050,47122,체인화 편의점
962708,0,세란약국,61449,광주 동구 필문대로273번길 2,47811,의약품 및 의료용품 소매업,42675,42675,1,1,계속,계속,3355000181,33550001810,47811,의약품 및 의료용품 소매업
695188,0,에스칼디렉션,61449,광주 동구 필문대로273번길 26,73203,시각 디자인업,45243,45243,1,1,계속,계속,2321102237,23211022370,73203,시각 디자인업
409936,0,국제커리어센터(조선대),61448,광주 동구 필문대로273번길 3,75110,고용 알선업,43806,43806,8,8,계속,계속,1488501235,14885012350,75110,고용 알선업
953914,0,정직유부광주조선대점,61448,광주 동구 필문대로273번길 5,56122,일식 음식점업,45352,45352,7,7,계속,계속,3303001474,33030014740,56122,일식 음식점업
529596,0,우마이도쿄,61449,광주 동구 필문대로287번길 14,56111,한식 일반 음식점업,42917,42917,0,0,계속,계속,2054344819,20543448190,56111,한식 일반 음식점업
309785,0,한신우동조선대점,61449,광주 동구 필문대로287번길 15,56111,한식 일반 음식점업,44719,44719,1,1,계속,계속,1337100426,13371004260,56111,한식 일반 음식점업
455927,0,써브웨이광주 조선대점,61449,광주 동구 필문대로287번길 15-22,56161,"피자, 햄버거, 샌드위치 및 유사 음식점업",45646,45646,12,12,계속,계속,1755600714,17556007140,56161,"피자, 햄버거, 샌드위치 및 유사 음식점업"
424488,0,한라맥주(조선대점),61449,광주 동구 필문대로287번길 17,56213,생맥주 전문점,45108,45108,1,1,계속,계속,1570902705,15709027050,56213,생맥주 전문점
979973,0,국수나무 조선대점,61449,광주 동구 필문대로287번길 19-1,56111,한식 일반 음식점업,45705,45705,3,3,계속,계속,3454101303,34541013030,56111,한식 일반 음식점업
736724,0,통큰돈까스,61449,광주 동구 필문대로287번길 23-10,56123,서양식 음식점업,43922,43922,2,2,계속,계속,2550401631,25504016310,56123,서양식 음식점업
182118,0,유한회사인코인터네셔널,61449,광주 동구 필문대로287번길 24-30,46325,커피 및 차류 도매업,43282,43282,1,1,계속,계속,1238700982,12387009820,46325,커피 및 차류 도매업
459145,0,우미관조선대점,61449,광주 동구 필문대로287번길 26,56111,한식 일반 음식점업,44562,44562,1,1,계속,계속,1772400927,17724009270,56111,한식 일반 음식점업
61238,0,한솔도시락조선대점,61449,광주 동구 필문대로287번길 30,56199,간이음식 포장 판매 전문점,44784,44784,2,2,계속,계속,1085008131,10850081310,56199,간이음식 포장 판매 전문점
421169,0,TUGPC,61449,광주 동구 필문대로287번길 30,91222,컴퓨터 게임방 운영업,43953,43953,1,1,계속,계속,1551700176,15517001760,91222,컴퓨터 게임방 운영업
761585,0,쓰담쓰담,61449,광주 동구 필문대로295번길 15-5,96112,두발 미용업,43767,43767,1,1,계속,계속,2684600263,26846002630,96112,두발 미용업
349934,0,탑하우스,61449,광주 동구 필문대로295번길 23-4,55901,기숙사 및 고시원 운영업,43739,43739,0,0,계속,계속,1373200701,13732007010,55901,기숙사 및 고시원 운영업
543113,0,학동프라임약국,61454,광주 동구 남문로 780,47811,의약품 및 의료용품 소매업,43556,43556,3,3,계속,계속,2070684791,20706847910,47811,의약품 및 의료용품 소매업
806837,0,주식회사좋은무대,61462,광주 동구 학소로 126-10,90191,공연 기획업,43678,43678,1,1,계속,계속,2948101689,29481016890,90191,공연 기획업
847863,0,지에스25학동사랑점,61463,광주 동구 학소로 139,47122,체인화 편의점,45108,45108,1,1,계속,계속,3054303461,30543034610,47122,체인화 편의점
729214,0,석경산업(유),61500,광주 동구 학소로 77-1,42411,도장 공사업,45168,45168,1,1,일괄유기,일괄유기,2508602780,25086027806,42411,도장 공사업
781523,0,황후,61498,광주 동구 학소로 91,56121,중식 음식점업,44322,44322,1,1,계속,계속,2800601970,28006019700,56121,중식 음식점업
990228,0,원지식당,61496,광주 동구 학소로 96,56111,한식 일반 음식점업,43430,43430,1,1,계속,계속,3516900074,35169000740,56111,한식 일반 음식점업
469885,0,청솔,61496,광주 동구 학소로 98,56111,한식 일반 음식점업,44897,44897,1,1,계속,계속,1835900545,18359005450,56111,한식 일반 음식점업
421320,0,모녀칼국수.팥죽,61496,광주 동구 학소로106번길 4-1,56111,한식 일반 음식점업,45307,45307,1,1,계속,계속,1552501321,15525013210,56111,한식 일반 음식점업
123405,0,(사)광주광역시장애인정보화협회,61501,광주 동구 학소로62번길 7,85699,그 외 기타 분류 안된 교육기관,42736,42736,1,2,계속,계속,1178270116,11782701160,85699,그 외 기타 분류 안된 교육기관
628645,1,지에스25소태모아점,61501,광주 동구 학소로76번길 14,,,44927,,1,0,계속,,2190968311,21909683110,,
506974,0,모아원조국밥,61496,광주 동구 학소로86번길 2,56112,한식 면요리 전문점,44783,44783,1,1,계속,계속,2020366502,20203665020,56112,한식 면요리 전문점
961727,0,주식회사 건승아이앤씨,61496,광주 동구 학소로86번안길 23,41999,건설업본사,45352,45352,3,3,계속,계속,3348703217,33487032170,41999,건설업본사
730788,0,재단법인광주광역시사회서비스원광주다시서기종합지원센터,61510,광주 동구 화산로 177-1,87299,그 외 기타 비거주 복지 서비스업,44293,44293,23,22,계속,계속,2518200375,25182003750,87299,그 외 기타 비거주 복지 서비스업
959637,0,광주영신원,61510,광주 동구 화산로 237-5,87131,아동 및 부녀자 거주 복지시설 운영업,44927,44927,37,37,계속,계속,3338200454,33382004540,87131,아동 및 부녀자 거주 복지시설 운영업
409670,0,비비큐올리브치킨용산점(BBQ올리브치킨용산점),61508,광주 동구 화산로 257,56162,치킨 전문점,45170,45170,1,1,계속,계속,1487700416,14877004160,56162,치킨 전문점
717065,0,(주)굿트러스트,61508,광주 동구 화산로 261,71531,경영 컨설팅업,45209,45209,4,4,계속,계속,2438102899,24381028990,56221,커피 전문점
674326,0,카페 C3,61509,광주 동구 화산로 318-17,56221,커피 전문점,44529,44529,1,1,계속,계속,2262307303,22623073030,56221,커피 전문점
30392,0,지원2동주민자치회,61504,광주 동구 화산로 361,94990,그 외 기타 협회 및 단체,45170,45170,1,1,계속,계속,1058286686,10582866860,94990,그 외 기타 협회 및 단체
435261,0,은민헬스케어,61510,광주 동구 화산로238번길 34-6,46592,의료기기 도매업,43922,43922,1,1,계속,계속,1635900124,16359001240,46592,의료기기 도매업
472786,0,네이프,61510,광주 동구 화산로303번길 78,56221,커피 전문점,44409,44409,1,1,계속,계속,1852001104,18520011040,56221,커피 전문점
914882,0,(주)서하,61507,광주 동구 화산로335번길 14,42312,내부 전기배선 공사업,41634,41634,5,2,일괄유기,일괄유기,3148609637,31486096376,42312,내부 전기배선 공사업
775838,0,드림전기솔라 주식회사,61509,광주 동구 화산로350번길 18,41999,건설업본사,43466,43466,9,9,계속,계속,2768601293,27686012930,41999,건설업본사
775839,0,드림전기솔라 주식회사 / 일괄,61509,광주 동구 화산로350번길 18,41129,기타 비주거용 건물 건설업,43691,43691,3,2,일괄유기,일괄유기,2768601293,27686012936,41129,기타 비주거용 건물 건설업
871343,0,꿈그린공동생활가정,61509,광주 동구 화산로350번길 18,87131,아동 및 부녀자 거주 복지시설 운영업,43076,43076,2,2,계속,계속,3088269888,30882698880,87131,아동 및 부녀자 거주 복지시설 운영업
18808,0,그랜드마트,61424,광주광역시 동구  (계림동),47212,육류 소매업,44197,44197,2,2,계속,계속,1042267815,10422678150,47212,육류 소매업
992533,0,유한회사우인준,61424,광주광역시 동구 경양로 221,47121,슈퍼마켓,44136,44136,2,2,계속,계속,3528801271,35288012710,47121,슈퍼마켓
938301,0,예향정(광주계림점),61424,광주광역시 동구  경양로 234,56111,한식 일반 음식점업,44927,44927,4,4,계속,계속,3211302133,32113021330,56111,한식 일반 음식점업
814109,0,주식회사약팜,61471,광주광역시 동구  구성로 187-2,47912,전자상거래 소매업,43102,43102,2,2,계속,계속,2988800852,29888008520,47912,전자상거래 소매업
724033,0,주식회사 주안아트,61473,광주광역시 동구  구성로204번길 11,73203,시각 디자인업,43398,43398,1,1,계속,계속,2478601261,24786012610,73203,시각 디자인업
858999,0,주식회사 홍진건설,61473,광주광역시 동구  구성로204번길 13,41999,건설업본사,43566,43566,6,23,계속,계속,3068137705,30681377050,41999,건설업본사
463127,0,주식회사새롬손해사정,61472,광주광역시 동구  금남로 181,66201,손해 사정업,42156,42156,102,102,계속,계속,1798100120,17981001200,66201,손해 사정업
772273,0,유미코리아광주점,61481,광주광역시 동구  금남로 188-1,85669,기타 기술 및 직업훈련학원,43709,43709,1,1,계속,계속,2748501117,27485011170,85669,기타 기술 및 직업훈련학원
401779,0,트라이픽스(주),61472,광주광역시 동구  금남로 193-12,58211,유선 온라인 게임 소프트웨어 개발 및 공급업,41426,41426,2,2,일괄계속,계속,1448113745,14481137450,58211,유선 온라인 게임 소프트웨어 개발 및 공급업
948368,0,워크유니버스,61472,광주광역시 동구  금남로 193-22,58222,응용 소프트웨어 개발 및 공급업,44378,44378,1,1,계속,계속,3270801934,32708019340,58222,응용 소프트웨어 개발 및 공급업
117474,0,주식회사광주일보사,61482,광주광역시 동구  금남로 224,58121,신문 발행업,42238,42238,99,96,계속,계속,1168800109,11688001090,58121,신문 발행업
56169,0,（주）투케이시스템,61475,광주광역시 동구  금남로 245,58221,시스템 소프트웨어 개발 및 공급업,41284,41284,2,2,계속,계속,1078785975,10787859750,58221,시스템 소프트웨어 개발 및 공급업
401656,0,주식회사피플러그,61475,광주광역시 동구  금남로 245,58211,유선 온라인 게임 소프트웨어 개발 및 공급업,41395,41395,17,17,계속,계속,1448109348,14481093480,58211,유선 온라인 게임 소프트웨어 개발 및 공급업
484098,0,주식회사제이커브이엔티,61475,광주광역시 동구  금남로 245,58222,응용 소프트웨어 개발 및 공급업,43770,43770,4,4,계속,계속,1918701475,19187014750,58222,응용 소프트웨어 개발 및 공급업
944575,0,주식회사모션코믹스,61475,광주광역시 동구  금남로 245,59112,애니메이션 영화 및 비디오물 제작업,43709,43709,1,1,계속,계속,3248801499,32488014990,59112,애니메이션 영화 및 비디오물 제작업
951296,0,일이육주식회사,61475,광주광역시 동구  금남로 245,58219,기타 게임 소프트웨어 개발 및 공급업,44172,44172,11,11,계속,계속,3288701908,32887019080,58219,기타 게임 소프트웨어 개발 및 공급업
983481,0,푸르른어린이집,61514,광주광역시 동구  남계길 29,87210,보육시설 운영업,42101,42101,14,14,계속,계속,3478000032,34780000320,87210,보육시설 운영업
239000,0,(주)고려건설기술개발,61512,광주광역시 동구  남문로 272,41999,건설업본사,42209,42209,1,1,계속,계속,1278700155,12787001550,41999,건설업본사
942415,0,사단법인 광주광역시동구자원봉사센터,61500,광주광역시 동구  남문로 600-3,87299,그 외 기타 비거주 복지 서비스업,43801,43801,7,7,계속,계속,3238200345,32382003450,87299,그 외 기타 비거주 복지 서비스업
867680,0,코오롱스포츠롯데광주(박미진),61470,광주광역시 동구  독립로 268,47419,기타 의복 소매업,41609,41609,1,1,계속,계속,3080824601,30808246010,47419,기타 의복 소매업
449027,0,주식회사서희정보,61419,광주광역시 동구  독립로 352,47312,통신기기 소매업,42583,42583,3,3,계속,계속,1718100261,17181002610,47312,통신기기 소매업
944541,0,주식회사원주택,61477,광주광역시 동구  독립로226번길 13-2,41999,건설업본사,42776,42776,2,2,계속,계속,3248800559,32488005590,41999,건설업본사
899752,0,주식회사엠에이치종합건설,61400,광주광역시 동구  독립로368번길 22,41999,건설업본사,44022,44022,5,5,계속,계속,3128701844,31287018440,41999,건설업본사
770079,0,횟집아저씨,61432,광주광역시 동구  동계로 16,56114,한식 해산물요리 전문점,43811,43811,1,1,계속,계속,2733600683,27336006830,56114,한식 해산물요리 전문점
738911,0,위드쏠라,61416,광주광역시 동구  동계로 38,41129,기타 비주거용 건물 건설업,43420,43419,1,1,일괄유기,일괄유기,2563300090,25633000906,41129,기타 비주거용 건물 건설업
441006,0,(주)위즈덤,61430,광주광역시 동구  동계천로 103-1,68224,부동산 분양 대행업,43542,43542,1,1,계속,계속,1668800161,16688001610,68224,부동산 분양 대행업
634186,0,써니팩토리,61436,광주광역시 동구  동계천로 150,58212,모바일 게임 소프트웨어 개발 및 공급업,42979,42979,4,3,계속,계속,2201300870,22013008700,58212,모바일 게임 소프트웨어 개발 및 공급업
803880,0,주식회사햅건,61436,광주광역시 동구  동계천로 150,75992,"전시, 컨벤션 및 행사 대행업",42675,42675,3,3,계속,계속,2928800567,29288005670,75992,"전시, 컨벤션 및 행사 대행업"
451697,0,퍼블릭마켓 광주점,61432,광주광역시 동구  동명로 47,56161,"피자, 햄버거, 샌드위치 및 유사 음식점업",44440,44440,1,1,계속,계속,1731002135,17310021350,56161,"피자, 햄버거, 샌드위치 및 유사 음식점업"
481048,0,물흐르듯,61434,광주광역시 동구  동명로 62,56122,일식 음식점업,43786,43786,3,3,계속,계속,1900401445,19004014450,56122,일식 음식점업
300091,0,법률사무소기원,61445,광주광역시 동구  동명로 96,71101,변호사업,42907,42907,6,6,계속,계속,1322914006,13229140060,71101,변호사업
399377,0,주식회사 일리,61430,광주광역시 동구  동명로25번길 6,59120,"영화, 비디오물 및 방송프로그램 제작 관련 서비스업",42856,42856,0,0,계속,계속,1438800703,14388007030,59120,"영화, 비디오물 및 방송프로그램 제작 관련 서비스업"
993365,0,제미크리(GEMICRE),61432,광주광역시 동구  동명로67번길 21,73202,제품 디자인업,42975,42975,1,1,계속,계속,3533800377,35338003770,73202,제품 디자인업
980303,0,유한회사지엘컴퍼니,61419,광주광역시 동구  무등로 304,46443,화장품 및 화장용품 도매업,43164,43164,11,11,계속,계속,3458100839,34581008390,46443,화장품 및 화장용품 도매업
800109,0,후민메디칼유한회사,61404,광주광역시 동구  무등로 385,47811,의약품 및 의료용품 소매업,42125,42125,5,5,계속,계속,2908700069,29087000690,47811,의약품 및 의료용품 소매업
704891,0,하늘빛방문간호센터,61406,광주광역시 동구  무등로449번길 5-2,87299,그 외 기타 비거주 복지 서비스업,44348,44348,1,1,계속,계속,2368001518,23680015180,87299,그 외 기타 비거주 복지 서비스업
487320,0,유한회사 원코리아홀딩스,61487,광주광역시 동구  문화전당로 19-1,10122,육류 포장육 및 냉동육 가공업 (가금류 제외),43601,43601,5,5,계속,계속,1938600567,19386005670,10122,육류 포장육 및 냉동육 가공업 (가금류 제외)
405138,0,(주)제이원홀딩스,61487,광주광역시 동구  문화전당로 35-1,68129,기타 부동산 개발 및 공급업,42768,42768,1,1,계속,계속,1458800179,14588001790,68129,기타 부동산 개발 및 공급업
686646,0,다온기업,61410,광주광역시 동구  밤실로 100,41999,건설업본사,43983,43983,10,10,계속,계속,2290860624,22908606240,41999,건설업본사
572646,0,다니엘공동생활가정,61409,광주광역시 동구  밤실로 150,87121,신체 부자유자 거주 복지시설 운영업,43101,43101,2,2,계속,계속,2118266234,21182662340,87121,신체 부자유자 거주 복지시설 운영업
147993,0,한신에너지(주),61487,광주광역시 동구  서석로 42,46713,기체연료 및 관련제품 도매업,39083,39083,6,6,계속,계속,1208709441,12087094410,46713,기체연료 및 관련제품 도매업
262248,0,주식회사 남해종합조경,61487,광주광역시 동구  서석로 42,41999,건설업본사,38748,38748,2,5,계속,계속,1298193662,12981936620,41999,건설업본사
976861,0,주식회사 아이티코지,61474,광주광역시 동구  서석로 91,26429,기타 무선 통신장비 제조업,43282,43282,3,3,계속,계속,3438101002,34381010020,26429,기타 무선 통신장비 제조업
758550,0,바리에충장점,61484,광주광역시 동구  서석로7번길 14,56111,한식 일반 음식점업,42583,42583,15,15,계속,계속,2668500378,26685003780,56111,한식 일반 음식점업
886180,0,주식회사 바리에프앤비,61484,광주광역시 동구  서석로7번길 14,46102,음ㆍ식료품 및 담배 중개업,42583,42583,2,2,계속,계속,3118600471,31186004710,46102,음ㆍ식료품 및 담배 중개업
981837,0,(주)에스티팜,61495,광주광역시 동구  소태길 77,46441,의약품 도매업,42190,42190,1,1,계속,계속,3468100171,34681001710,46441,의약품 도매업
793595,0,지져스모델학원,61475,광주광역시 동구  예술길 10,85629,기타 예술학원,44431,44431,1,1,계속,계속,2869701199,28697011990,85629,기타 예술학원
748565,0,(주)디자인코어,61475,광주광역시 동구  예술길 24-1,58222,응용 소프트웨어 개발 및 공급업,43862,43862,4,4,계속,계속,2618127433,26181274330,58222,응용 소프트웨어 개발 및 공급업
806648,0,한국과학기술비즈니스원,61508,광주광역시 동구  용산1길 2,70201,경제 및 경영학 연구개발업,44053,44053,1,1,계속,계속,2945900559,29459005590,70201,경제 및 경영학 연구개발업
177156,0,지노에너지-SK네크웍스(주)금호주유소,61491,광주광역시 동구  의재로 111,47711,운송장비용 주유소 운영업,42633,42633,1,1,계속,계속,1237200125,12372001250,47711,운송장비용 주유소 운영업
484003,0,주식회사펜타제이,61474,광주광역시 동구  제봉로 137,47129,기타 음ㆍ식료품 위주 종합 소매업,44682,44682,1,1,계속,계속,1918602711,19186027110,47129,기타 음ㆍ식료품 위주 종합 소매업
797014,0,조은세상누림의원,61473,광주광역시 동구  제봉로 197,86102,일반 병원,42451,42451,16,16,계속,계속,2889600151,28896001510,86102,일반 병원
408593,0,(주)건축사사무소마실,61473,광주광역시 동구  제봉로 201,72111,건축설계 및 관련 서비스업,43087,43087,1,1,계속,계속,1478800855,14788008550,72111,건축설계 및 관련 서비스업
123462,0,광주광역시광역치매센터,61489,광주광역시 동구  제봉로 27,87139,그 외 기타 거주 복지시설 운영업,44562,44562,6,6,계속,계속,1178277986,11782779860,87139,그 외 기타 거주 복지시설 운영업
843245,0,효도요양보호사협회,61468,광주광역시 동구  제봉로 56,75110,고용 알선업,43252,43252,2,2,계속,계속,3049103339,30491033390,75110,고용 알선업
489572,0,집행관박광의사무소(2025년대표),61441,광주광역시 동구  준법로 7-12,71109,기타 법무관련 서비스업,36892,36892,18,18,계속,계속,1949301631,19493016310,71109,기타 법무관련 서비스업
421987,0,세무법인우일(광주중앙지점),61479,광주광역시 동구  중앙로 147,71202,세무사업,42186,42186,5,5,계속,계속,1558500118,15585001180,71202,세무사업
171191,0,(유)이화통운,61420,광주광역시 동구  중앙로 313,49301,일반 화물자동차 운송업,44013,44013,1,1,계속,계속,1228646993,12286469930,49301,일반 화물자동차 운송업
870647,0,가드라인 주식회사,61401,광주광역시 동구  중앙로 339-4,71519,기타 산업 회사 본부,41306,41306,1,1,계속,계속,3088138786,30881387860,71519,기타 산업 회사 본부
412831,0,정우로지스1122,61402,광주광역시 동구  중앙로 358,49301,일반 화물자동차 운송업,43119,43119,2,2,계속,계속,1504000320,15040003200,49301,일반 화물자동차 운송업
471449,0,더프라임메디컬,61402,광주광역시 동구  중앙로 358,46592,의료기기 도매업,44317,44317,2,2,계속,계속,1845000322,18450003220,46592,의료기기 도매업
993915,0,더선컴퍼니,61483,광주광역시 동구  중앙로160번길 31-16,46491,가방 및 보호용 케이스 도매업,43070,43070,5,5,계속,계속,3538600868,35386008680,46491,가방 및 보호용 케이스 도매업
367737,0,디벨롭스토리즈,61475,광주광역시 동구  중앙로196번길 31-19,90191,공연 기획업,44013,44013,2,2,계속,계속,1390763826,13907638260,90191,공연 기획업
738005,0,(주)씨쏘뮤지컬컴퍼니,61419,광주광역시 동구  중흥로209번길 8,90199,그 외 기타 창작 및 예술관련 서비스업,42826,42826,0,0,계속,계속,2558700649,25587006490,90199,그 외 기타 창작 및 예술관련 서비스업
925330,0,주식회사레드볼,61461,광주광역시 동구  증심천로89번길 16,71531,경영 컨설팅업,44348,44348,3,3,계속,계속,3168129425,31681294250,71531,경영 컨설팅업
201766,0,무등산약국,61502,광주광역시 동구  지원로 2,47811,의약품 및 의료용품 소매업,36892,36892,2,2,계속,계속,1251075037,12510750370,47811,의약품 및 의료용품 소매업
737845,0,주식회사커피볶는집,61447,광주광역시 동구  지호로 161-7,10891,커피 가공업,42469,42469,17,17,계속,계속,2558600389,25586003890,10891,커피 가공업
932689,0,우트나,61447,광주광역시 동구  지호로104번길 19,73203,시각 디자인업,43414,43414,1,1,계속,계속,3181300124,31813001240,73203,시각 디자인업
403269,0,유한회사우림이엔씨,61451,광주광역시 동구  지호로70번길 5-1,41999,건설업본사,42795,42795,1,1,계속,계속,1448800614,14488006140,41999,건설업본사
596939,0,(주)리테아,61478,광주광역시 동구  천변우로 339,75210,여행사업,38504,38504,1,1,계속,계속,2148706598,21487065980,75210,여행사업
825893,0,이브이산업 주식회사,61478,광주광역시 동구  천변우로 339,13229,기타 직물제품 제조업,44048,44048,1,1,계속,계속,3018635217,30186352170,13229,기타 직물제품 제조업
982072,0,(주)닥터스,61478,광주광역시 동구  천변우로 339,46443,화장품 및 화장용품 도매업,43019,43019,5,5,계속,계속,3468600685,34686006850,46443,화장품 및 화장용품 도매업
683085,0,상상주택주식회사,61484,광주광역시 동구  천변우로 381,41999,건설업본사,43050,43050,2,2,계속,계속,2278700682,22787006820,41999,건설업본사
995940,0,유한회사 고요정수산업,61488,광주광역시 동구  천변우로 453,41999,건설업본사,43718,43718,1,1,계속,계속,3548801146,35488011460,41999,건설업본사
744280,0,뉴에라 충장로,61483,광주광역시 동구  충장로 98-1,47419,기타 의복 소매업,42826,42826,1,1,계속,계속,2597100091,25971000910,47419,기타 의복 소매업
86495,0,소년의서,61480,광주광역시 동구  충장로46번길 8,58122,잡지 및 정기간행물 발행업,43516,43516,2,2,계속,계속,1115100073,11151000730,58122,잡지 및 정기간행물 발행업
370671,0,빛고을시민햇빛발전사회적협동조합,61480,광주광역시 동구  충장로46번길 8,94990,그 외 기타 협회 및 단체,44958,44958,1,1,계속,계속,1398217955,13982179550,94990,그 외 기타 협회 및 단체
677950,0,주식회사고래가겜,61480,광주광역시 동구  충장로58번길 3,58221,시스템 소프트웨어 개발 및 공급업,42979,42979,2,2,계속,계속,2268800764,22688007640,58221,시스템 소프트웨어 개발 및 공급업
973621,0,주식회사 제도엔지니어링,61406,광주광역시 동구  필문대로 152,41999,건설업본사,42706,42706,2,7,계속,계속,3418600278,34186002780,41999,건설업본사
80277,0,주식회사대명산업,61406,광주광역시 동구  필문대로 170-1,41999,건설업본사,39735,39735,1,2,계속,계속,1108174695,11081746950,41999,건설업본사
462759,0,변호사김성진법률사무소,61440,광주광역시 동구  필문대로 213-1,71101,변호사업,43476,43476,1,1,계속,계속,1793100561,17931005610,71101,변호사업
685493,0,이마트24조선대자연대점,61452,광주광역시 동구  필문대로 309,47122,체인화 편의점,43374,43374,0,0,계속,계속,2288501981,22885019810,47122,체인화 편의점
630283,0,주식회사동우씨엔에스대부,61405,광주광역시 동구  필문대로 96-1,66199,그 외 기타 금융지원 서비스업,44136,44136,2,2,계속,계속,2198131713,21981317130,66199,그 외 기타 금융지원 서비스업
177571,0,기브복지센터,61433,광주광역시 동구  필문대로206번길 12-32,87293,방문 복지서비스 제공업,44474,44474,18,12,계속,계속,1238063182,12380631820,87293,방문 복지서비스 제공업
729213,0,석경산업(유),61500,광주광역시 동구  학소로 75,41999,건설업본사,44774,44774,1,1,계속,계속,2508602780,25086027800,41999,건설업본사
114397,0,고고이벤트,61507,광주광역시 동구  화산로335번길 5-9,90191,공연 기획업,42826,42826,2,2,계속,계속,1160851310,11608513100,90191,공연 기획업
78581,0,전일약국,61409,광주광역시 동구 갈마로 46,47811,의약품 및 의료용품 소매업,45017,45017,3,3,계속,계속,1104098433,11040984330,47811,의약품 및 의료용품 소매업
340839,0,국수나무,61424,광주광역시 동구 경양로 234,56112,한식 면요리 전문점,45052,45052,1,1,계속,계속,1360682813,13606828130,56112,한식 면요리 전문점
428846,0,(유)바른리테일 지점,61424,광주광역시 동구 경양로 234,47129,기타 음ㆍ식료품 위주 종합 소매업,45625,45625,8,8,계속,계속,1598503140,15985031400,47129,기타 음ㆍ식료품 위주 종합 소매업
701645,0,피자먹다계림점,61424,광주광역시 동구 경양로 234,56161,"피자, 햄버거, 샌드위치 및 유사 음식점업",44748,44748,4,4,계속,계속,2348504528,23485045280,56161,"피자, 햄버거, 샌드위치 및 유사 음식점업"
713292,0,고기안목,61424,광주광역시 동구 경양로 234,56113,한식 육류요리 전문점,45791,45791,1,1,계속,계속,2415200731,24152007310,56113,한식 육류요리 전문점
742345,0,미래비전,61424,광주광역시 동구 경양로 234,56162,치킨 전문점,44167,44167,4,4,계속,계속,2583100850,25831008500,56162,치킨 전문점
852586,0,동방관광주식회사,61422,광주광역시 동구 경양로 241,49232,전세버스 운송업,41244,41244,34,33,계속,계속,3058619674,30586196740,49232,전세버스 운송업
740766,0,꾸브라꼬숯불두마리치킨,61422,광주광역시 동구 경양로 245,56162,치킨 전문점,45859,45859,4,4,계속,계속,2574600865,25746008650,56162,치킨 전문점
353876,0,초록계림 에너지전환센터,61422,광주광역시 동구 경양로235번길 14-14,94990,그 외 기타 협회 및 단체,45717,45717,1,1,계속,계속,1378294785,13782947850,94990,그 외 기타 협회 및 단체
48463,0,일주얼리(ILJEWELRY),61413,광주광역시 동구 계림로 3,33110,귀금속 및 관련제품 제조업,45672,45672,1,1,계속,계속,1072094113,10720941130,33110,귀금속 및 관련제품 제조업
776711,0,벌크커피계림점,61414,광주광역시 동구 계림로30번길 15,56221,커피 전문점,44927,44927,2,2,계속,계속,2771801579,27718015790,56221,커피 전문점
114571,0,차씨공방,61480,광주광역시 동구 구성로 162-1,33110,귀금속 및 관련제품 제조업,45628,45628,1,1,계속,계속,1161102110,11611021100,33110,귀금속 및 관련제품 제조업
808961,0,케이비에이치협동조합,61480,광주광역시 동구 구성로 162-1,46443,화장품 및 화장용품 도매업,45390,45390,4,4,계속,계속,2958702854,29587028540,46443,화장품 및 화장용품 도매업
696224,0,한국자유총연맹동구지회,61476,광주광역시 동구 구성로 167,94990,그 외 기타 협회 및 단체,45383,45383,1,1,계속,계속,2328200938,23282009380,94990,그 외 기타 협회 및 단체
736036,0,(주)씨앤씨메디칼 동구지점,61423,광주광역시 동구 구성로 268,68212,비주거용 부동산 관리업,45831,45831,1,1,계속,계속,2548500133,25485001330,68212,비주거용 부동산 관리업
938515,0,헤이키 충장중앙점,61479,광주광역시 동구 구성로152번길 28-4,56221,커피 전문점,45591,45591,2,2,계속,계속,3212601814,32126018140,56221,커피 전문점
48688,0,뚜레쥬르금남로5가역점,61476,광주광역시 동구 금남로 162-1,56150,제과점업,43682,43682,1,1,계속,계속,1072492199,10724921990,56150,제과점업
630346,0,유한회사더채움,61476,광주광역시 동구 금남로 162-4,73203,시각 디자인업,45102,45102,1,1,계속,계속,2198133119,21981331190,73203,시각 디자인업
750375,0,주식회사 씨앤케이밸류,61476,광주광역시 동구 금남로 168,71531,경영 컨설팅업,45813,45813,1,1,계속,계속,2628102963,26281029630,71531,경영 컨설팅업
89797,0,남영숙 플라워& 아트,61476,광주광역시 동구 금남로 172,47851,화초 및 식물 소매업,45756,45756,1,1,계속,계속,1122022964,11220229640,47851,화초 및 식물 소매업
715536,0,주식회사 제이케이링크,61472,광주광역시 동구 금남로 193-12,58222,응용 소프트웨어 개발 및 공급업,45777,45777,1,1,계속,계속,2428603420,24286034200,58222,응용 소프트웨어 개발 및 공급업
723814,0,(주)디자인주스,61472,광주광역시 동구 금남로 193-12,58221,시스템 소프트웨어 개발 및 공급업,43634,43634,3,3,계속,계속,2478101418,24781014180,58221,시스템 소프트웨어 개발 및 공급업
470133,0,주식회사메타페어리,61472,광주광역시 동구 금남로 193-22,58221,시스템 소프트웨어 개발 및 공급업,44958,44958,3,3,계속,계속,1838103145,18381031450,58221,시스템 소프트웨어 개발 및 공급업
667402,0,주식회사크랩스,61472,광주광역시 동구 금남로 193-22,58221,시스템 소프트웨어 개발 및 공급업,44958,44958,5,5,계속,계속,2248802602,22488026020,58221,시스템 소프트웨어 개발 및 공급업
746155,0,엣지에이아 주식회사,61472,광주광역시 동구 금남로 193-22,58222,응용 소프트웨어 개발 및 공급업,45659,45659,2,2,계속,계속,2608103379,26081033790,58222,응용 소프트웨어 개발 및 공급업
782899,0,(주)엘이알,61472,광주광역시 동구 금남로 193-22,58221,시스템 소프트웨어 개발 및 공급업,44621,44621,1,1,계속,계속,2808702809,28087028090,58221,시스템 소프트웨어 개발 및 공급업
82473,0,(주)미래소방,61472,광주광역시 동구 금남로 199,74100,사업시설 유지관리 서비스업,45414,45414,2,2,계속,계속,1108620059,11086200590,74100,사업시설 유지관리 서비스업
690401,0,미래소방,61472,광주광역시 동구 금남로 199,41999,건설업본사,45720,45720,1,1,계속,계속,2302701780,23027017800,41999,건설업본사
752595,0,한국활성탄소 주식회사,61472,광주광역시 동구 금남로 199,20499,그 외 기타 분류 안된 화학제품 제조업,45705,45705,1,1,계속,계속,2638802913,26388029130,20499,그 외 기타 분류 안된 화학제품 제조업
60127,0,로얄마케팅,61481,광주광역시 동구 금남로 202,75991,콜센터 및 텔레마케팅 서비스업,45931,45931,4,4,계속,계속,1082294217,10822942170,75991,콜센터 및 텔레마케팅 서비스업
472375,0,원아모집 성공 학원,61481,광주광역시 동구 금남로 202,85503,온라인 교육 학원,45809,45809,4,4,계속,계속,1849601732,18496017320,85503,온라인 교육 학원
885712,0,사단법인 국제특수목적마이스진흥회(ISPA),61481,광주광역시 동구 금남로 202,94990,그 외 기타 협회 및 단체,45492,45492,1,1,계속,계속,3118208188,31182081880,94990,그 외 기타 협회 및 단체
939559,0,주식회사 로머스파크,61481,광주광역시 동구 금남로 202,74100,사업시설 유지관리 서비스업,45488,45488,10,10,계속,계속,3218802505,32188025050,74100,사업시설 유지관리 서비스업
947040,0,투썸플레이스 금남로 KN타워점,61482,광주광역시 동구 금남로 220,56221,커피 전문점,45413,45413,8,8,계속,계속,3263101604,32631016040,56221,커피 전문점
996954,0,지에스25금남센텀시티점,61475,광주광역시 동구 금남로 237,47122,체인화 편의점,45133,45133,1,1,계속,계속,3555200836,35552008360,47122,체인화 편의점
623416,0,법무법인마로,61475,광주광역시 동구 금남로 239,71101,변호사업,45567,45567,9,9,계속,계속,2178603332,21786033320,71101,변호사업
210600,0,(주)탭게임즈,61475,광주광역시 동구 금남로 245,58212,모바일 게임 소프트웨어 개발 및 공급업,45474,45474,6,6,계속,계속,1258703118,12587031180,58212,모바일 게임 소프트웨어 개발 및 공급업
402356,0,（주）아름게임즈,61475,광주광역시 동구 금남로 245,62090,기타 정보기술 및 컴퓨터운영 관련 서비스업,41929,41929,34,34,계속,계속,1448132155,14481321550,62090,기타 정보기술 및 컴퓨터운영 관련 서비스업
403101,0,주식회사 스튜디오쉘터,61475,광주광역시 동구 금남로 245,59114,방송 프로그램 제작업,42250,42250,46,46,계속,계속,1448700198,14487001980,59114,방송 프로그램 제작업
421447,0,늘봄마인드,61475,광주광역시 동구 금남로 245,58221,시스템 소프트웨어 개발 및 공급업,45488,45488,1,1,계속,계속,1553501354,15535013540,58221,시스템 소프트웨어 개발 및 공급업
688613,0,(주)모비소프트,61475,광주광역시 동구 금남로 245,58222,응용 소프트웨어 개발 및 공급업,42795,42795,20,20,계속,계속,2298140674,22981406740,58222,응용 소프트웨어 개발 및 공급업
936575,0,더브랜딩,61475,광주광역시 동구 금남로 245,73302,상업용 사진 촬영업,45474,45474,1,1,계속,계속,3201202472,32012024720,73302,상업용 사진 촬영업
989748,0,더스타이앤엠(E&M),61475,광주광역시 동구 금남로 245,59111,일반 영화 및 비디오물 제작업,43353,43353,5,5,계속,계속,3511700885,35117008850,59111,일반 영화 및 비디오물 제작업
12688,0,더이룸하우스 충장파크,61482,광주광역시 동구 금남로 250-8,96113,피부 미용업,45689,45689,1,1,계속,계속,1022864361,10228643610,96113,피부 미용업
996091,0,엔젤간호학원,61482,광주광역시 동구 금남로 250-8,85699,그 외 기타 분류 안된 교육기관,45964,45964,4,4,계속,계속,3549002376,35490023760,85699,그 외 기타 분류 안된 교육기관
446722,0,오아시스카페,61514,광주광역시 동구 남계길 17,56221,커피 전문점,45792,45792,1,1,계속,계속,1701602327,17016023270,56221,커피 전문점
811825,0,광주광역시노인복지법인시설협회,61512,광주광역시 동구 남문로 136-7,94990,그 외 기타 협회 및 단체,45505,45505,1,1,계속,계속,2978001527,29780015270,94990,그 외 기타 협회 및 단체
438662,0,라온어린이집,61514,광주광역시 동구 남문로 307,87210,보육시설 운영업,44501,44501,6,5,계속,계속,1658002137,16580021370,87210,보육시설 운영업
650905,0,국가대표태권도,61514,광주광역시 동구 남문로 307,85611,태권도 및 무술 교육기관,44614,44614,1,1,계속,계속,2219886640,22198866400,85611,태권도 및 무술 교육기관
78085,0,메가엠지씨커피 광주월남호반점,61514,광주광역시 동구 남문로 343,56221,커피 전문점,45587,45587,9,9,계속,계속,1102963564,11029635640,56221,커피 전문점
506487,0,한우잡는날,61514,광주광역시 동구 남문로 343,47212,육류 소매업,45629,45629,2,2,계속,계속,2019849942,20198499420,47212,육류 소매업
733597,0,본죽&비빔밥광주소태역점,61504,광주광역시 동구 남문로 589,56111,한식 일반 음식점업,44808,44808,2,2,계속,계속,2532101802,25321018020,56111,한식 일반 음식점업
790876,0,"바람난족발,보쌈",61504,광주광역시 동구 남문로 589,56111,한식 일반 음식점업,45055,45055,1,1,계속,계속,2854900842,28549008420,56111,한식 일반 음식점업
90436,0,로이기업,61499,광주광역시 동구 남문로 635,41999,건설업본사,45658,45658,1,1,계속,계속,1123497481,11234974810,41999,건설업본사
663499,0,정광석항아리보쌈 학동점,61498,광주광역시 동구 남문로 644,56111,한식 일반 음식점업,45456,45456,2,2,계속,계속,2244700936,22447009360,56111,한식 일반 음식점업
114738,0,누구나홀딱반한닭(광주학동점),61463,광주광역시 동구 남문로 664,56162,치킨 전문점,45748,45748,3,3,계속,계속,1161603512,11616035120,56162,치킨 전문점
415992,0,프랭크버거 광주학동점,61463,광주광역시 동구 남문로 672,56161,"피자, 햄버거, 샌드위치 및 유사 음식점업",45779,45779,1,1,계속,계속,1521702082,15217020820,56161,"피자, 햄버거, 샌드위치 및 유사 음식점업"
694552,0,주식회사 웰종합건설,61463,광주광역시 동구 남문로 682,41999,건설업본사,44228,44228,8,11,계속,계속,2318801955,23188019550,41999,건설업본사
706571,0,메가엠지씨커피 광주학동점,61463,광주광역시 동구 남문로 690,56221,커피 전문점,45897,45897,8,8,계속,계속,2377400471,23774004710,56221,커피 전문점
718650,1,(주)백제페인트/건설일괄,61457,광주광역시 동구 남문로 732,,,45610,,1,0,일괄유기,,2448101200,24481012006,,
962572,1,진성건축,61457,광주광역시 동구 남문로 734,,,45930,,3,0,일괄유기,,3353401050,33534010506,,
706639,0,뉴정나눔노인복지센터,61498,광주광역시 동구 남문로634번길 1-28,87111,노인 요양 복지시설 운영업,45575,45575,82,51,계속,계속,2378003125,23780031250,87111,노인 요양 복지시설 운영업
327021,0,유한회사 영신파워,61455,광주광역시 동구 남문로753번길 20,35114,태양력 발전업,45892,45892,2,2,계속,계속,1348803079,13488030790,35114,태양력 발전업
407122,0,씨유학동아이파크점,61455,광주광역시 동구 남문로753번길 20,47122,체인화 편의점,45261,45261,11,11,계속,계속,1470203125,14702031250,47122,체인화 편의점
528824,0,수유리우동집,61455,광주광역시 동구 남문로753번길 20,56111,한식 일반 음식점업,43816,43816,1,1,계속,계속,2052467728,20524677280,56111,한식 일반 음식점업
771023,0,라온음악학원,61455,광주광역시 동구 남문로753번길 20,85621,음악학원,45748,45748,1,1,계속,계속,2739001006,27390010060,85621,음악학원
790246,0,김가네학동점,61455,광주광역시 동구 남문로753번길 20,56111,한식 일반 음식점업,44287,44287,3,3,계속,계속,2850601655,28506016550,56111,한식 일반 음식점업
960473,0,나이스카페인클럽(Nice caffein club),61455,광주광역시 동구 남문로753번길 20,56221,커피 전문점,45461,45461,1,1,계속,계속,3340902748,33409027480,56221,커피 전문점
784966,0,바른초밥 학동점,61454,광주광역시 동구 남문로754번길 2-2,56122,일식 음식점업,43980,43980,15,14,계속,계속,2820301922,28203019220,56122,일식 음식점업
390398,0,마스터쿡 롯데백화점광주점,61470,광주광역시 동구 독립로 268,47912,전자상거래 소매업,44348,44348,3,3,계속,계속,1423501023,14235010230,47912,전자상거래 소매업
427113,0,바칼 롯데백화점 광주점,61470,광주광역시 동구 독립로 268,56112,한식 면요리 전문점,45717,45717,2,2,계속,계속,1588503185,15885031850,56112,한식 면요리 전문점
771012,0,주식회사 피알메디팜,61421,광주광역시 동구 독립로 338,46441,의약품 도매업,45717,45717,2,2,계속,계속,2738803243,27388032430,46441,의약품 도매업
249849,0,대한장애인배구협회,61419,광주광역시 동구 독립로 352,91199,그 외 기타 스포츠 서비스업,39814,39814,4,3,계속,계속,1288267339,12882673390,91199,그 외 기타 스포츠 서비스업
580998,0,더위드리서치,61419,광주광역시 동구 독립로 352,71400,시장조사 및 여론조사업,45658,45658,1,1,계속,계속,2122920430,21229204300,71400,시장조사 및 여론조사업
944947,0,피트디자인,61400,광주광역시 동구 독립로 372,42209,기타 건물 관련설비 설치 공사업,45897,45897,4,4,일괄유기,일괄유기,3250900917,32509009176,42209,기타 건물 관련설비 설치 공사업
11762,0,유메스튜디오,61400,광주광역시 동구 독립로 382,85699,그 외 기타 분류 안된 교육기관,45800,45800,1,1,계속,계속,1021514027,10215140270,85699,그 외 기타 분류 안된 교육기관
885400,0,주식회사청구에셋,61477,광주광역시 동구 독립로226번길 17,68221,부동산 중개 및 대리업,42619,42619,1,1,계속,계속,3118152028,31181520280,68221,부동산 중개 및 대리업
787163,0,행복식당,61471,광주광역시 동구 독립로264번길 2-1,56111,한식 일반 음식점업,45413,45413,3,3,계속,계속,2833001561,28330015610,56111,한식 일반 음식점업
421889,0,주식회사 시오팜,61400,광주광역시 동구 독립로368번길 15,46441,의약품 도매업,45082,45082,1,1,계속,계속,1558102423,15581024230,46441,의약품 도매업
547696,0,아노지오 전남 광주 북구지사,61400,광주광역시 동구 독립로368번길 19,47912,전자상거래 소매업,45536,45536,1,1,계속,계속,2080253949,20802539490,47912,전자상거래 소매업
970850,0,광전산업,61400,광주광역시 동구 독립로368번길 22,41999,건설업본사,45922,45922,4,4,계속,계속,3400503287,34005032870,41999,건설업본사
493202,0,후라이드 참 잘하는 집,61416,광주광역시 동구 동계로 38,56162,치킨 전문점,45866,45866,5,5,계속,계속,1970702956,19707029560,56162,치킨 전문점
620043,0,몬스커피,61416,광주광역시 동구 동계로 38,56221,커피 전문점,45397,45397,1,1,계속,계속,2171339985,21713399850,56221,커피 전문점
868727,0,비웰링턴하우스,61432,광주광역시 동구 동계로10번길 6,56123,서양식 음식점업,45017,45017,1,1,계속,계속,3082201642,30822016420,56123,서양식 음식점업
756148,0,어펜디자인(리을피읖),61430,광주광역시 동구 동계로15번길 17,42412,"도배, 실내장식 및 내장 목공사업",43565,43824,1,1,일괄유기,일괄유기,2652200856,26522008566,42412,"도배, 실내장식 및 내장 목공사업"
956289,0,제이크로커스주식회사,61436,광주광역시 동구 동계천로 122,58222,응용 소프트웨어 개발 및 공급업,44958,44958,4,4,계속,계속,3318602717,33186027170,58222,응용 소프트웨어 개발 및 공급업
704832,0,을지포차,61436,광주광역시 동구 동계천로 128,56111,한식 일반 음식점업,45860,45860,5,5,계속,계속,2367000693,23670006930,56111,한식 일반 음식점업
33979,0,（주）에이펙스소프트,61436,광주광역시 동구 동계천로 150,58221,시스템 소프트웨어 개발 및 공급업,41022,41022,11,11,계속,계속,1058766045,10587660450,58221,시스템 소프트웨어 개발 및 공급업
416644,0,글로벌케이,61436,광주광역시 동구 동계천로 150,58221,시스템 소프트웨어 개발 및 공급업,43671,43671,6,6,계속,계속,1528101503,15281015030,58221,시스템 소프트웨어 개발 및 공급업
486179,0,튜비콘,61436,광주광역시 동구 동계천로 150,46442,의료용품 도매업,44866,44866,1,1,계속,계속,1930202662,19302026620,46442,의료용품 도매업
489237,0,주식회사 영앤(youngand Inc),61436,광주광역시 동구 동계천로 150,58222,응용 소프트웨어 개발 및 공급업,45748,45748,3,3,계속,계속,1948603494,19486034940,58222,응용 소프트웨어 개발 및 공급업
762219,0,주식회사 페픽,61436,광주광역시 동구 동계천로 150,58221,시스템 소프트웨어 개발 및 공급업,44774,44774,4,3,계속,계속,2688602613,26886026130,58221,시스템 소프트웨어 개발 및 공급업
801297,0,킨더르,61436,광주광역시 동구 동계천로 150,73203,시각 디자인업,45022,45022,1,1,계속,계속,2914700810,29147008100,73203,시각 디자인업
634001,0,한날한식,61434,광주광역시 동구 동계천로 151-20,56111,한식 일반 음식점업,45505,45505,1,1,계속,계속,2201032819,22010328190,56111,한식 일반 음식점업
332860,0,나나방콕 광주동명점,61434,광주광역시 동구 동계천로 161,56129,기타 외국식 음식점업,45712,45712,2,2,계속,계속,1357100645,13571006450,56129,기타 외국식 음식점업
493464,0,한우곱창집,61434,광주광역시 동구 동계천로 169,56111,한식 일반 음식점업,45383,45383,1,1,계속,계속,1972101007,19721010070,56111,한식 일반 음식점업
782551,0,주식회사 골프존파크충장그랜드점,61426,광주광역시 동구 동계천로 26,47631,운동 및 경기용품 소매업,45992,45992,4,4,계속,계속,2808104241,28081042410,47631,운동 및 경기용품 소매업
380606,0,주식회사 윤아트,61429,광주광역시 동구 동계천로 77,75992,"전시, 컨벤션 및 행사 대행업",45476,45476,1,1,계속,계속,1408199173,14081991730,75992,"전시, 컨벤션 및 행사 대행업"
621439,0,중화재활주간보호센터,61431,광주광역시 동구 동계천로 78,87299,그 외 기타 비거주 복지 서비스업,45726,45726,2,3,계속,계속,2178024524,21780245240,87299,그 외 기타 비거주 복지 서비스업
831229,0,유한회사 클린베어,61426,광주광역시 동구 동계천로6번길 6-1,75121,임시 및 일용 인력 공급업,45689,45689,1,1,계속,계속,3028803672,30288036720,75121,임시 및 일용 인력 공급업
491786,0,코모레비,61430,광주광역시 동구 동계천로95번길 30,56221,커피 전문점,45811,45811,2,2,계속,계속,1962302313,19623023130,56221,커피 전문점
530286,0,(유)소아르,61434,광주광역시 동구 동명동(동명동),41999,건설업본사,42826,42826,1,2,계속,계속,2058141774,20581417740,41999,건설업본사
810277,0,주식회사 에코파우더,61436,광주광역시 동구 동명동(동명동)  ,24119,기타 제철 및 제강업,45352,45352,1,1,계속,계속,2968103285,29681032850,24119,기타 제철 및 제강업
715558,0,법무법인강율,61445,광주광역시 동구 동명로 106-2,71101,변호사업,42614,42614,4,4,계속,계속,2428700473,24287004730,71101,변호사업
390401,0,김종주 법무사 사무소,61445,광주광역시 동구 동명로 110,71103,법무사업,45931,45931,4,4,계속,계속,1423501606,14235016060,71103,법무사업
944970,0,에스테반,61434,광주광역시 동구 동명로 22,14111,남자용 겉옷 제조업,45757,45757,1,1,계속,계속,3251000927,32510009270,14111,남자용 겉옷 제조업
693140,0,천지라멘,61432,광주광역시 동구 동명로 45-1,56122,일식 음식점업,45733,45733,1,1,계속,계속,2314201132,23142011320,56122,일식 음식점업
731366,0,더조은한방병원,61432,광주광역시 동구 동명로 55,86104,한방 병원,45628,45628,29,29,계속,계속,2519502112,25195021120,86104,한방 병원
646214,0,홍빈당,61436,광주광역시 동구 동명로 6,56111,한식 일반 음식점업,45384,45384,1,1,계속,계속,2213151963,22131519630,56111,한식 일반 음식점업
408112,0,유한회사 설계,61434,광주광역시 동구 동명로 68,55102,여관업,45444,45444,1,1,계속,계속,1478101869,14781018690,55102,여관업
375874,0,솔솥동명본점,61431,광주광역시 동구 동명로 9-5,56111,한식 일반 음식점업,45720,45720,4,4,계속,계속,1401802295,14018022950,56111,한식 일반 음식점업
617245,0,법무법인 세온광주분사무소,61445,광주광역시 동구 동명로110번길 6,71101,변호사업,45444,45444,3,3,계속,계속,2168507129,21685071290,71101,변호사업
707988,0,연꽃,61434,광주광역시 동구 동명로14번길 11-5,56111,한식 일반 음식점업,45352,45352,1,1,계속,계속,2383501076,23835010760,56111,한식 일반 음식점업
737532,0,아이다요,61434,광주광역시 동구 동명로14번길 17,56122,일식 음식점업,45625,45625,3,3,계속,계속,2557400561,25574005610,56122,일식 음식점업
681345,0,우쉬룸,61434,광주광역시 동구 동명로14번길 21,56123,서양식 음식점업,45901,45901,4,4,계속,계속,2275500963,22755009630,56123,서양식 음식점업
114875,0,츠바메,61434,광주광역시 동구 동명로14번길 26,56111,한식 일반 음식점업,45506,45506,1,1,계속,계속,1162201816,11622018160,56111,한식 일반 음식점업
942359,0,주식회사 광지주(아우르),61434,광주광역시 동구 동명로14번길 45-21,56111,한식 일반 음식점업,44958,44958,6,6,계속,계속,3238102690,32381026900,56111,한식 일반 음식점업
937406,0,요셉의창고사회적협동조합,61434,광주광역시 동구 동명로20번길 30,46322,수산물 가공식품 도매업,45385,45385,1,1,계속,계속,3208200235,32082002350,46322,수산물 가공식품 도매업
684747,0,델리셔스샌드위치,61430,광주광역시 동구 동명로25번길 9-9,56161,"피자, 햄버거, 샌드위치 및 유사 음식점업",45661,45661,1,1,계속,계속,2283601396,22836013960,56161,"피자, 햄버거, 샌드위치 및 유사 음식점업"
986808,0,황토길,61434,광주광역시 동구 동명로26번길 5-1,56111,한식 일반 음식점업,43344,43344,1,1,계속,계속,3496600217,34966002170,56111,한식 일반 음식점업
776101,0,주식회사 백두건축사사무소,61432,광주광역시 동구 동명로67번길 1,72111,건축설계 및 관련 서비스업,42898,42898,2,2,계속,계속,2768800740,27688007400,72111,건축설계 및 관련 서비스업
486868,0,나른한오후 도시락,61432,광주광역시 동구 동명로67번길 38,56111,한식 일반 음식점업,45971,45971,4,4,계속,계속,1935100911,19351009110,56111,한식 일반 음식점업
458932,0,드림디자인,61494,광주광역시 동구 동산길 37,41999,건설업본사,45658,45658,1,1,계속,계속,1771102401,17711024010,41999,건설업본사
114311,0,더조은,61401,광주광역시 동구 무등로 327,74211,건축물 일반 청소업,45992,45992,4,4,계속,계속,1160725697,11607256970,74211,건축물 일반 청소업
409114,0,씨유 계림두산위브1차점,61412,광주광역시 동구 무등로 374,47122,체인화 편의점,45870,45870,6,6,계속,계속,1481502925,14815029250,47122,체인화 편의점
448969,0,세영메디컬,61412,광주광역시 동구 무등로 374,46441,의약품 도매업,44622,44622,1,1,계속,계속,1717800261,17178002610,46441,의약품 도매업
789043,0,월간맥주 SK아이파크점,61417,광주광역시 동구 무등로 410,56213,생맥주 전문점,45986,45986,4,4,계속,계속,2844101444,28441014440,56213,생맥주 전문점
472678,0,로얄인테리어,61417,광주광역시 동구 무등로 424-3,42191,조적 및 석 공사업,45705,45713,1,1,일괄유기,일괄유기,1851202957,18512029576,42191,조적 및 석 공사업
794766,0,로뎀의집,61406,광주광역시 동구 무등로 451,87131,아동 및 부녀자 거주 복지시설 운영업,45931,45931,4,4,계속,계속,2878200689,28782006890,87131,아동 및 부녀자 거주 복지시설 운영업
975934,1,대창건축,61406,광주광역시 동구 무등로 455-1,,,44207,,1,0,일괄유기,,3430202006,34302020066,,
692060,0,힐링케어산모도우미,61419,광주광역시 동구 무등로306번길 6,96993,개인 간병 및 유사 서비스업,45730,45730,2,2,계속,계속,2309302047,23093020470,96993,개인 간병 및 유사 서비스업
309001,0,처음과 나중,61400,광주광역시 동구 무등로307번길 11-1,42499,그 외 기타 건축 마무리 공사업,45444,45444,1,1,일괄유기,일괄유기,1332213980,13322139806,42499,그 외 기타 건축 마무리 공사업
19785,0,소이러브,61401,광주광역시 동구 무등로307번길 22,47912,전자상거래 소매업,44197,44197,1,1,계속,계속,1044666641,10446666410,47912,전자상거래 소매업
834069,0,컴포즈커피 계림아이파크점,61404,광주광역시 동구 무등로375번길 24,56221,커피 전문점,45383,45383,6,6,계속,계속,3032552152,30325521520,56221,커피 전문점
407931,0,꾸석지돌판한우,61417,광주광역시 동구 무등로384번길 23,56113,한식 육류요리 전문점,45627,45627,16,16,계속,계속,1476200762,14762007620,56113,한식 육류요리 전문점
779028,0,(주)문호,61406,광주광역시 동구 무등로433번길 26,42311,일반전기 공사업,43402,43402,4,3,일괄유기,일괄유기,2788101197,27881011976,42311,일반전기 공사업
874207,0,문화복합공간CM,61487,광주광역시 동구 문화전당로 29-1,56221,커피 전문점,45920,45920,4,4,계속,계속,3093084904,30930849040,56221,커피 전문점
781943,0,헤이키 문화전당점,61487,광주광역시 동구 문화전당로 37,56221,커피 전문점,45931,45931,3,3,계속,계속,2803001539,28030015390,56221,커피 전문점
486504,0,에이씨씨 라온약국 (ACC 라온약국),61486,광주광역시 동구 문화전당로26번길 6,47811,의약품 및 의료용품 소매업,45630,45630,1,1,계속,계속,1931702365,19317023650,47811,의약품 및 의료용품 소매업
738042,0,주식회사 파랑새,61486,광주광역시 동구 문화전당로26번길 6,56221,커피 전문점,45635,45635,16,16,계속,계속,2558701589,25587015890,56221,커피 전문점
287689,0,세븐일레븐 광주구시청센터점,61487,광주광역시 동구 문화전당로35번길 15,47122,체인화 편의점,45536,45536,3,3,계속,계속,1314801120,13148011200,47122,체인화 편의점
616969,1,주식회사 아트스페이스흥학관,61487,광주광역시 동구 문화전당로35번길 16-4,,,45575,,1,0,일괄유기,,2168150609,21681506096,,
630582,0,엘크루에스아이타워 오피스텔,61488,광주광역시 동구 문화전당로35번길 24,74211,건축물 일반 청소업,45475,45475,1,1,계속,계속,2198270917,21982709170,74211,건축물 일반 청소업
994536,0,반도감정평가사사무소,61438,광주광역시 동구 밤실로 82,68223,부동산 감정평가업,45809,45809,1,1,계속,계속,3540303638,35403036380,68223,부동산 감정평가업
100453,0,지산동삼성아파트입주자대표회의,61442,광주광역시 동구 밤실로30번길 11,68111,주거용 건물 임대업,43647,43647,9,9,계속,계속,1138275915,11382759150,68111,주거용 건물 임대업
630570,0,무등산명지로드힐포레 입주자대표회의(재활용품),61438,광주광역시 동구 밤실로90번길 20,68211,주거용 부동산 관리업,45261,45261,8,8,계속,계속,2198269142,21982691420,68211,주거용 부동산 관리업
294398,0,코와숲이비인후과의원,61487,광주광역시 동구 백서로 133,86201,일반 의원,44484,44484,4,4,계속,계속,1319491541,13194915410,86201,일반 의원
422464,0,주식회사 정인정보,61468,광주광역시 동구 백서로 167,46510,"컴퓨터 및 주변장치, 소프트웨어 도매업",45778,45778,4,4,계속,계속,1558803213,15588032130,46510,"컴퓨터 및 주변장치, 소프트웨어 도매업"
446603,0,백서로,61468,광주광역시 동구 백서로 167,56111,한식 일반 음식점업,45470,45470,1,1,계속,계속,1701002780,17010027800,56111,한식 일반 음식점업
985184,0,인세인쿠키(INSANE COOKIE),61467,광주광역시 동구 백서로 212,56221,커피 전문점,45627,45627,1,1,계속,계속,3487500313,34875003130,56221,커피 전문점
340450,0,솔티드머랭,61436,광주광역시 동구 백서로 229,56229,기타 비알코올 음료점업,43466,43466,1,1,계속,계속,1360305299,13603052990,56229,기타 비알코올 음료점업
840872,0,조은재가복지센터,61487,광주광역시 동구 백서로125번길 10,87293,방문 복지서비스 제공업,43102,43102,36,25,계속,계속,3048014198,30480141980,87293,방문 복지서비스 제공업
495149,0,sprit,61487,광주광역시 동구 백서로125번길 32,56211,일반 유흥주점업,46001,46001,4,4,계속,계속,1981701833,19817018330,56211,일반 유흥주점업
19378,0,골드브라운호텔,61487,광주광역시 동구 백서로125번길 32-5,55102,여관업,45721,45721,1,1,계속,계속,1043415042,10434150420,55102,여관업
998005,0,케미스트리,61487,광주광역시 동구 백서로125번길 34-2,75992,"전시, 컨벤션 및 행사 대행업",45875,45875,1,1,계속,계속,3560203715,35602037150,75992,"전시, 컨벤션 및 행사 대행업"
992946,0,애호가,61468,광주광역시 동구 백서로166번길 5-14,56111,한식 일반 음식점업,45801,45801,1,1,계속,계속,3531002880,35310028800,56111,한식 일반 음식점업
943940,0,비알(BR)스페이스,61468,광주광역시 동구 서남로 14,85699,그 외 기타 분류 안된 교육기관,44348,44348,1,1,계속,계속,3248001718,32480017180,85699,그 외 기타 분류 안된 교육기관
730701,0,주식회사 아트리,61468,"광주광역시 동구 서남로 14,",58222,응용 소프트웨어 개발 및 공급업,44593,44593,1,1,계속,계속,2518102740,25181027400,58222,응용 소프트웨어 개발 및 공급업
40355,0,백작바이피렌체,61488,광주광역시 동구 서석로 10,47422,의복 액세서리 및 모조 장신구 소매업,44075,44075,1,1,계속,계속,1065900437,10659004370,47422,의복 액세서리 및 모조 장신구 소매업
426023,0,아틀레,61488,광주광역시 동구 서석로 14,14111,남자용 겉옷 제조업,45716,45716,2,2,계속,계속,1580302900,15803029000,14111,남자용 겉옷 제조업
497586,0,베루체광주 주식회사,61484,광주광역시 동구 서석로 23,47830,시계 및 귀금속 소매업,45667,45667,2,2,계속,계속,1998103586,19981035860,47830,시계 및 귀금속 소매업
536211,0,몸스타피트니스,61488,광주광역시 동구 서석로 24,91132,체력단련시설 운영업,45335,45335,1,1,계속,계속,2066064019,20660640190,91132,체력단련시설 운영업
904189,0,주식회사광주웨딩스퀘어,61488,광주광역시 동구 서석로 24,96994,결혼 상담 및 준비 서비스업,45078,45078,2,2,계속,계속,3138136403,31381364030,96994,결혼 상담 및 준비 서비스업
521329,0,더뮤즈웨딩,61487,광주광역시 동구 서석로 28,96994,결혼 상담 및 준비 서비스업,45352,45352,2,2,계속,계속,2043712730,20437127300,96994,결혼 상담 및 준비 서비스업
418166,0,062(공육이),61483,광주광역시 동구 서석로 31,56211,일반 유흥주점업,45451,45451,2,2,계속,계속,1535700889,15357008890,56211,일반 유흥주점업
877703,0,광주문화전당역구시청라온,61487,광주광역시 동구 서석로 34-3,56213,생맥주 전문점,45352,45352,1,1,계속,계속,3101604321,31016043210,56213,생맥주 전문점
992746,0,도심속 바다낚시 카페,61487,광주광역시 동구 서석로 40,91231,낚시장 운영업,45474,45474,1,1,계속,계속,3530103169,35301031690,91231,낚시장 운영업
731643,0,보니타버니,61484,광주광역시 동구 서석로 5,76292,의류 임대업,45509,45509,1,1,계속,계속,2521002909,25210029090,76292,의류 임대업
434077,0,주식회사해피투어,61488,광주광역시 동구 서석로 8,75210,여행사업,45474,45474,4,4,계속,계속,1628602479,16286024790,75210,여행사업
3993,0,베일즈광주,61474,광주광역시 동구 서석로 89,47412,여자용 겉옷 소매업,45078,45078,1,1,계속,계속,1012651215,10126512150,47412,여자용 겉옷 소매업
512426,0,남성크로커다일,61485,광주광역시 동구 서석로 지하 56,46413,남녀용 겉옷 및 셔츠 도매업,45505,45505,1,1,계속,계속,2030921039,20309210390,46413,남녀용 겉옷 및 셔츠 도매업
634469,0,오로라양식,61484,광주광역시 동구 서석로7번길 12-12,56123,서양식 음식점업,45748,45748,1,1,계속,계속,2202802149,22028021490,56123,서양식 음식점업
412918,0,비쥬얼 아우라,61484,광주광역시 동구 서석로7번길 12-25,96112,두발 미용업,45779,45779,3,3,계속,계속,1505001032,15050010320,96112,두발 미용업
414187,0,언타이,61484,광주광역시 동구 서석로7번길 6-34,47412,여자용 겉옷 소매업,45940,45940,4,4,계속,계속,1511302757,15113027570,47412,여자용 겉옷 소매업
1877,0,커리스토리(FirstNepalCurryStory),61484,광주광역시 동구 서석로7번길 6-44,56129,기타 외국식 음식점업,40719,40719,3,1,계속,계속,1010980047,10109800470,56129,기타 외국식 음식점업
629019,0,어논 ANON,61484,광주광역시 동구 서석로7번길 6-8,96112,두발 미용업,45748,45748,1,1,계속,계속,2191902400,21919024000,96112,두발 미용업
60474,0,이마트24광주선교점,61512,광주광역시 동구 선교로 38-30,47122,체인화 편의점,45109,45109,4,4,계속,계속,1082846186,10828461860,47122,체인화 편의점
791011,0,컴포즈커피 광주 선교지구점,61512,광주광역시 동구 선교로 38-30,56221,커피 전문점,45505,45505,4,4,계속,계속,2857400446,28574004460,56221,커피 전문점
407015,0,드영미술관,61493,광주광역시 동구 성촌길 6,90221,박물관 운영업,43565,43565,2,2,계속,계속,1469300555,14693005550,90221,박물관 운영업
625070,0,카페드영,61493,광주광역시 동구 성촌길 6,56221,커피 전문점,43230,43230,1,1,계속,계속,2180906189,21809061890,56221,커피 전문점
685411,0,학동주민자치회,61489,광주광역시 동구 양림로 117,94990,그 외 기타 협회 및 단체,44392,44392,1,1,계속,계속,2288267833,22882678330,94990,그 외 기타 협회 및 단체
615425,0,꽈백최선생 광주점,61490,광주광역시 동구 양림로 122,56150,제과점업,45962,45962,2,2,계속,계속,2161813143,21618131430,56150,제과점업
404817,0,남호종합건설 주식회사,61489,광주광역시 동구 양림로119번길 7,41999,건설업본사,43191,43191,2,2,계속,계속,1458601010,14586010100,41999,건설업본사
208421,0,광주광역시동구예술여행센터,61475,광주광역시 동구 예술길 18-1,94990,그 외 기타 협회 및 단체,45428,45428,1,1,계속,계속,1258213120,12582131200,94990,그 외 기타 협회 및 단체
999348,0,유한회사 에스와이지상사,61475,광주광역시 동구 예술길 20-12,46612,"골재, 벽돌 및 시멘트 도매업",45809,45809,1,2,계속,계속,3568703600,35687036000,46612,"골재, 벽돌 및 시멘트 도매업"
677386,0,백만평광주숲,61474,광주광역시 동구 예술길15번길 10-1,94931,환경운동 단체,45432,45432,1,1,계속,계속,2268281052,22682810520,94931,환경운동 단체
815180,0,씨유용산지구점,61508,광주광역시 동구 용산1길 2,47122,체인화 편의점,44783,44783,1,1,계속,계속,2996100649,29961006490,47122,체인화 편의점
380743,0,동구용산모아엘가어린이집,61508,광주광역시 동구 용산3길 17,85110,유아 교육기관,44176,44176,10,10,계속,계속,1408205333,14082053330,85110,유아 교육기관
384621,0,이메드(E-MED),61508,광주광역시 동구 용산4길 22,46592,의료기기 도매업,45078,45078,1,1,계속,계속,1417900350,14179003500,46592,의료기기 도매업
718697,0,유한회사서광골재,61491,광주광역시 동구 운림길 29-10,42600,건설장비 운영업,44494,44494,1,1,계속,계속,2448101966,24481019660,42600,건설장비 운영업
662768,0,한마음식육슈퍼,61491,광주광역시 동구 의재로 123,47212,육류 소매업,45408,45408,1,1,계속,계속,2242016635,22420166350,47212,육류 소매업
752952,0,지산목,61463,광주광역시 동구 의재로 20,56111,한식 일반 음식점업,45905,45905,4,4,계속,계속,2641102821,26411028210,56111,한식 일반 음식점업
421970,0,(사)중증장애인복지협회도둠 프린팅,61491,광주광역시 동구 의재로109번길 32-4,18119,기타 인쇄업,44309,44309,17,17,계속,계속,1558200489,15582004890,18119,기타 인쇄업
477937,0,삼정프랜차이즈,61494,광주광역시 동구 의재로136번길 2-11,71531,경영 컨설팅업,44317,44317,2,2,계속,계속,1882000991,18820009910,71531,경영 컨설팅업
794855,0,주식회사에쏠로지,61494,광주광역시 동구 의재로136번길 22-6,46325,커피 및 차류 도매업,43040,43040,2,2,계속,계속,2878600692,28786006920,46325,커피 및 차류 도매업
428873,0,팀코리아이엠에스주식회사,61460,광주광역시 동구 의재로43번길 33,86901,앰뷸런스 서비스업,42639,42639,14,13,계속,계속,1598600534,15986005340,86901,앰뷸런스 서비스업
85068,0,와인에빠지다,61436,광주광역시 동구 장동로 1-2,56219,기타 주점업,44854,44854,1,1,계속,계속,1111669940,11116699400,56219,기타 주점업
495014,0,페이지날,61436,광주광역시 동구 장동로 1-2,56161,"피자, 햄버거, 샌드위치 및 유사 음식점업",45216,45216,1,1,계속,계속,1981002186,19810021860,56161,"피자, 햄버거, 샌드위치 및 유사 음식점업"
977623,0,삼평식당,61436,광주광역시 동구 장동로 23-33,56191,김밥 및 기타 간이 음식점업,45398,45398,2,2,계속,계속,3440102977,34401029770,56191,김밥 및 기타 간이 음식점업
485036,0,CafeVelvet(카페벨벳),61436,광주광역시 동구 장동로 23-45,56221,커피 전문점,43591,43591,1,1,계속,계속,1923400551,19234005510,56221,커피 전문점
695216,0,케이꾸케이커리,61436,광주광역시 동구 장동로 3,10602,빵류 제조업,45658,45658,1,1,계속,계속,2321301590,23213015900,10602,빵류 제조업
743718,0,쭈꾸미잡스,61436,광주광역시 동구 장동로 41,56111,한식 일반 음식점업,45717,45717,3,3,계속,계속,2591101330,25911013300,56111,한식 일반 음식점업
774733,0,피쿠알(PICVAL),61436,광주광역시 동구 장동로 43,56111,한식 일반 음식점업,45627,45627,1,1,계속,계속,2760702924,27607029240,56111,한식 일반 음식점업
910333,0,불시착,61436,광주광역시 동구 장동로 5-3,56111,한식 일반 음식점업,45598,45598,1,1,계속,계속,3146100725,31461007250,56111,한식 일반 음식점업
469722,1,와구와규,61465,광주광역시 동구 장동로 6,,,45710,,1,0,계속,,1833701289,18337012890,,
766525,0,던 라이트,61465,광주광역시 동구 장동로 6,56219,기타 주점업,45935,45935,4,4,계속,계속,2712102264,27121022640,56219,기타 주점업
452350,0,호르몬치치 동명점,61436,광주광역시 동구 장동로 7,56111,한식 일반 음식점업,45678,45678,3,3,계속,계속,1736200698,17362006980,56111,한식 일반 음식점업
481829,0,런오브더밀(장동),61465,광주광역시 동구 제봉로 102-6,56221,커피 전문점,44970,44970,3,3,계속,계속,1906900426,19069004260,56221,커피 전문점
892500,0,치히로 광주동명점,61465,광주광역시 동구 제봉로 106-2,56111,한식 일반 음식점업,45457,45457,7,7,계속,계속,3125300952,31253009520,56111,한식 일반 음식점업
453891,0,무등돈동명점,61465,광주광역시 동구 제봉로 116,56111,한식 일반 음식점업,45444,45444,6,6,계속,계속,1744400886,17444008860,56111,한식 일반 음식점업
654984,0,비젼장애인자립생활센터,61427,광주광역시 동구 제봉로 186,87299,그 외 기타 비거주 복지 서비스업,43840,43840,5,5,계속,계속,2228270500,22282705000,87299,그 외 기타 비거주 복지 서비스업
403275,0,주식회사네이비,61473,광주광역시 동구 제봉로 197,59111,일반 영화 및 비디오물 제작업,42941,42941,12,12,계속,계속,1448800759,14488007590,59111,일반 영화 및 비디오물 제작업
722882,0,네모프레임(HYUNSNAP),61473,광주광역시 동구 제봉로 197,73301,인물사진 및 행사용 영상 촬영업,45413,45413,1,1,계속,계속,2470203221,24702032210,73301,인물사진 및 행사용 영상 촬영업
878400,0,헤이키커피(Heiky coffee),61470,광주광역시 동구 제봉로 221-25,56221,커피 전문점,45395,45395,2,2,계속,계속,3107400612,31074006120,56221,커피 전문점
769526,0,공차학동전남대병원점,61489,광주광역시 동구 제봉로 29,56229,기타 비알코올 음료점업,44832,44832,7,7,계속,계속,2730302311,27303023110,56229,기타 비알코올 음료점업
548563,0,전대의료기,61486,광주광역시 동구 제봉로 53,47812,의료용 기구 소매업,45763,45763,1,1,계속,계속,2081198399,20811983990,47812,의료용 기구 소매업
959098,0,컵오브,61468,광주광역시 동구 제봉로 66,56123,서양식 음식점업,45505,45505,1,1,계속,계속,3333301455,33333014550,56123,서양식 음식점업
752110,0,두껍베이커리,61465,광주광역시 동구 제봉로 88,10602,빵류 제조업,45597,45597,3,3,계속,계속,2638103174,26381031740,10602,빵류 제조업
465531,0,청풍방역,61465,광주광역시 동구 제봉로 98,74220,"소독, 구충 및 방제 서비스업",45352,45352,1,1,계속,계속,1809101434,18091014340,74220,"소독, 구충 및 방제 서비스업"
763855,0,광주 증명사진관 레코디드지점,61436,광주광역시 동구 제봉로110번길 17,73301,인물사진 및 행사용 영상 촬영업,45711,45711,1,1,계속,계속,2698502865,26985028650,73301,인물사진 및 행사용 영상 촬영업
628715,0,피아오량 동명점,61436,광주광역시 동구 제봉로110번길 22,56121,중식 음식점업,45724,45724,1,1,계속,계속,2191064515,21910645150,56121,중식 음식점업
781937,0,생마차 광주동명점,61465,광주광역시 동구 제봉로110번길 5-1,56111,한식 일반 음식점업,45383,45383,8,8,계속,계속,2802901547,28029015470,56111,한식 일반 음식점업
490323,0,오자미해물포차,61431,광주광역시 동구 제봉로138번길 8-1,56111,한식 일반 음식점업,45717,45717,1,1,계속,계속,1954800902,19548009020,56111,한식 일반 음식점업
692037,0,엄마의바다,61490,광주광역시 동구 제봉로17번길 12-1,47214,"신선, 냉동 및 기타 수산물 소매업",45843,45843,3,3,계속,계속,2309101821,23091018210,47214,"신선, 냉동 및 기타 수산물 소매업"
743022,0,하이고래협동조합,61427,광주광역시 동구 제봉로184번길 5-8,47842,"기념품, 관광 민예품 및 장식용품 소매업",45852,45852,3,3,계속,계속,2588601989,25886019890,47842,"기념품, 관광 민예품 및 장식용품 소매업"
955714,0,엄마네빵집,61427,광주광역시 동구 제봉로194번길 11,56150,제과점업,43647,43647,1,1,계속,계속,3314500360,33145003600,56150,제과점업
107636,1,두인산업,61470,광주광역시 동구 제봉로213번길 12-1,,,45852,,1,0,일괄유기,,1144263279,11442632796,,
657286,0,컴포즈커피 광주동구청점,61465,광주광역시 동구 제봉로82번길 3,56221,커피 전문점,45390,45390,4,4,계속,계속,2230993032,22309930320,56221,커피 전문점
700690,0,라윤헤어,61465,광주광역시 동구 제봉로98번길 11-11,96112,두발 미용업,42279,42279,7,7,계속,계속,2345000063,23450000630,96112,두발 미용업
766585,0,온전한 실내,61465,광주광역시 동구 제봉로98번길 11-11,56111,한식 일반 음식점업,45474,45474,3,3,계속,계속,2712501768,27125017680,56111,한식 일반 음식점업
61110,0,픽솔루션,61452,광주광역시 동구 조선대1길 17,29280,산업용 로봇 제조업,44683,44683,1,1,계속,계속,1084496105,10844961050,29280,산업용 로봇 제조업
781640,0,드론어스(Dr. on earth),61452,광주광역시 동구 조선대1길 17,31312,무인 항공기 및 무인 비행장치 제조업,44855,44855,3,3,계속,계속,2801102181,28011021810,31312,무인 항공기 및 무인 비행장치 제조업
947374,0,케이에이티오(KATO),61452,광주광역시 동구 조선대1길 17,31312,무인 항공기 및 무인 비행장치 제조업,44866,44866,1,1,계속,계속,3267600402,32676004020,31312,무인 항공기 및 무인 비행장치 제조업
28397,0,샐러디조선대점,61452,광주광역시 동구 조선대길 108,56199,간이음식 포장 판매 전문점,45389,45389,1,1,계속,계속,1055400327,10554003270,56199,간이음식 포장 판매 전문점
49337,0,공차 광주충장점,61483,광주광역시 동구 중앙로 162-1,56221,커피 전문점,45658,45658,2,2,계속,계속,1073886452,10738864520,56221,커피 전문점
862461,0,리틀브렌NC웨이브충장점,61480,광주광역시 동구 중앙로 163,46414,유아용 의류 도매업,45413,45413,1,1,계속,계속,3072263136,30722631360,46414,유아용 의류 도매업
721395,0,헤어붐,61475,광주광역시 동구 중앙로 194,96113,피부 미용업,42374,42374,0,0,계속,계속,2461400205,24614002050,96113,피부 미용업
561977,0,씨유광주금남로점,61475,광주광역시 동구 중앙로 196,47122,체인화 편의점,45429,45429,6,4,계속,계속,2102966099,21029660990,47122,체인화 편의점
990468,0,재단법인 스마트인재원,61475,광주광역시 동구 중앙로 196,85709,기타 교육지원 서비스업,45505,45505,5,5,계속,계속,3518200715,35182007150,85709,기타 교육지원 서비스업
278506,0,세무법인 샘밀 광주지점,61429,광주광역시 동구 중앙로 254,71202,세무사업,45658,45658,10,10,계속,계속,1308571477,13085714770,71202,세무사업
744600,0,주식회사 다은,61429,광주광역시 동구 중앙로 254,41999,건설업본사,42842,42842,3,5,계속,계속,2598600697,25986006970,41999,건설업본사
680719,0,계림식당,61412,광주광역시 동구 중앙로 326,56111,한식 일반 음식점업,45870,45870,4,4,계속,계속,2271897895,22718978950,56111,한식 일반 음식점업
773556,0,밥.맛있다,61401,광주광역시 동구 중앙로 345,56111,한식 일반 음식점업,45660,45660,3,3,계속,계속,2754201340,27542013400,56111,한식 일반 음식점업
725597,0,고고하우징 주식회사,61402,광주광역시 동구 중앙로 358,41999,건설업본사,45461,45461,2,2,계속,계속,2488103175,24881031750,41999,건설업본사
767029,0,정가는재가노인복지센터,61402,광주광역시 동구 중앙로 358,87299,그 외 기타 비거주 복지 서비스업,45355,45355,10,9,계속,계속,2718003412,27180034120,87299,그 외 기타 비거주 복지 서비스업
791065,0,다솜재가복지센터,61402,광주광역시 동구 중앙로 358,87293,방문 복지서비스 제공업,45658,45658,3,3,계속,계속,2858003236,28580032360,87293,방문 복지서비스 제공업
810340,0,주식회사홈청과 계림지점,61402,광주광역시 동구 중앙로 358,47215,"채소, 과실 및 뿌리작물 소매업",44910,44910,2,2,계속,계속,2968501868,29685018680,47215,"채소, 과실 및 뿌리작물 소매업"
982297,0,주식회사키움경영연구소,61402,광주광역시 동구 중앙로 358,71531,경영 컨설팅업,44927,44927,1,1,계속,계속,3468702579,34687025790,71531,경영 컨설팅업
792695,0,빽다방 광주충장로1호점,61483,광주광역시 동구 중앙로160번길 15-6,56221,커피 전문점,45870,45870,7,7,계속,계속,2865500996,28655009960,56221,커피 전문점
576124,0,（주）노버스미디어코프,61484,광주광역시 동구 중앙로160번길 16-7,59130,"영화, 비디오물 및 방송프로그램 배급업",40087,40087,1,1,계속,계속,2118833598,21188335980,59130,"영화, 비디오물 및 방송프로그램 배급업"
979642,0,보드게임카페 홈즈앤루팡 광주충장로점,61483,광주광역시 동구 중앙로160번길 21,91229,기타 오락장 운영업,45494,45494,2,2,계속,계속,3451502472,34515024720,91229,기타 오락장 운영업
840619,0,설빙,61483,광주광역시 동구 중앙로160번길 31-11,56199,간이음식 포장 판매 전문점,45147,45147,1,1,계속,계속,3044900691,30449006916,56199,간이음식 포장 판매 전문점
971311,0,헤이키커피 충장점,61483,광주광역시 동구 중앙로160번길 35,56221,커피 전문점,45992,45992,2,2,계속,계속,3403201738,34032017380,56221,커피 전문점
465946,0,불닭발땡초동대문엽기떡볶이충장점,61484,광주광역시 동구 중앙로160번길 38,56191,김밥 및 기타 간이 음식점업,45464,45464,2,2,계속,계속,1811302215,18113022150,56191,김밥 및 기타 간이 음식점업
182360,0,유한회사 와이앤파트너스,61475,광주광역시 동구 중앙로196번길 14,46699,그 외 기타 건축자재 도매업,45630,45630,1,1,계속,계속,1238803138,12388031380,46699,그 외 기타 건축자재 도매업
791808,0,공증인송현규사무소,61475,광주광역시 동구 중앙로196번길 15-4,71101,변호사업,45839,45839,2,2,계속,계속,2859601850,28596018500,71101,변호사업
535853,0,이블컬트,61475,광주광역시 동구 중앙로196번길 18-1,90199,그 외 기타 창작 및 예술관련 서비스업,45467,45467,2,2,계속,계속,2064418285,20644182850,90199,그 외 기타 창작 및 예술관련 서비스업
455472,0,한솥도시락금남로점,61475,광주광역시 동구 중앙로196번길 31-5,56111,한식 일반 음식점업,45871,45871,1,1,계속,계속,1751600251,17516002510,56111,한식 일반 음식점업
880568,0,주식회사 파인데이,61475,광주광역시 동구 중앙로196번길 31-6,75992,"전시, 컨벤션 및 행사 대행업",43657,43657,16,16,계속,계속,3108701265,31087012650,75992,"전시, 컨벤션 및 행사 대행업"
77747,0,공명 금남로점,61475,광주광역시 동구 중앙로196번길 32,56111,한식 일반 음식점업,45718,45718,1,1,계속,계속,1102276717,11022767170,56111,한식 일반 음식점업
413294,0,(사)아시아법률자원센터,61475,광주광역시 동구 중앙로196번길 5,94990,그 외 기타 협회 및 단체,45992,45992,4,4,계속,계속,1508200470,15082004700,94990,그 외 기타 협회 및 단체
452625,0,주식회사 서석이앤씨,61475,광주광역시 동구 중앙로196번길 5,71531,경영 컨설팅업,45846,45846,1,2,계속,계속,1738103890,17381038900,71531,경영 컨설팅업
380543,0,유한회사단밤,61413,광주광역시 동구 중앙로290번길 16,68222,부동산 투자자문업,45293,45293,1,1,계속,계속,1408197646,14081976460,68222,부동산 투자자문업
558071,0,주식회사코즈,61421,광주광역시 동구 중흥로 206,47859,그 외 기타 분류 안된 상품 전문 소매업,43535,43535,2,2,계속,계속,2098601240,20986012400,47859,그 외 기타 분류 안된 상품 전문 소매업
796242,0,마메드로(mamedro),61421,광주광역시 동구 중흥로 224,47912,전자상거래 소매업,45931,45931,4,4,계속,계속,2887100594,28871005940,47912,전자상거래 소매업
614529,1,수안,61419,광주광역시 동구 중흥로209번길 12-1,,,45078,,1,0,일괄유기,,2160419169,21604191696,,
411296,1,천풍전력,61419,광주광역시 동구 중흥로213번길 1,,,43353,,1,0,일괄유기,,1495200231,14952002316,,
627878,0,거성축산유통,61420,광주광역시 동구 중흥로241번길 5,47212,육류 소매업,45530,45530,1,1,계속,계속,2189906064,21899060640,47212,육류 소매업
775066,0,명인만두 광주무등산점,61493,광주광역시 동구 증심사길 25,56191,김밥 및 기타 간이 음식점업,44927,44927,1,1,계속,계속,2762601377,27626013770,56191,김밥 및 기타 간이 음식점업
205338,1,광주조경,61461,광주광역시 동구 증심천로89번길 16,,,45995,,1,0,일괄유기,,1257700219,12577002196,,
706582,0,롱테일법률사무소,61444,광주광역시 동구 지산로 62-2,71101,변호사업,45974,45974,3,3,계속,계속,2377800649,23778006490,71101,변호사업
956161,0,법무법인 아폴론(LAW FIRM APOLLON) (광주 분사무소),61441,광주광역시 동구 지산로 70,71101,변호사업,45901,45901,1,1,계속,계속,3318503169,33185031690,71101,변호사업
365540,0,법무법인감동으로(분사무소),61445,광주광역시 동구 지산로 73,71101,변호사업,43344,43344,2,2,계속,계속,1388531765,13885317650,71101,변호사업
421292,0,공동 법률사무소 내곁애,61445,광주광역시 동구 지산로 73,71101,변호사업,45444,45444,1,1,계속,계속,1552301915,15523019150,71101,변호사업
742916,0,법무법인(유한)효성-광주,61445,광주광역시 동구 지산로 73,71101,변호사업,44197,44197,1,1,계속,계속,2588501546,25885015460,71101,변호사업
859666,0,법무법인청명,61445,광주광역시 동구 지산로 73,71101,변호사업,45003,45003,4,4,계속,계속,3068602856,30686028560,71101,변호사업
956141,0,법무법인양우(광주분사무소),61440,광주광역시 동구 지산로 85,71101,변호사업,44501,44501,12,12,계속,계속,3318501894,33185018940,71101,변호사업
462943,0,텐퍼센트커피 광주법원점,61441,광주광역시 동구 지산로 86-11,56221,커피 전문점,45576,45576,3,3,계속,계속,1795001028,17950010280,56221,커피 전문점
442532,0,법무법인광산,61445,광주광역시 동구 지산로63번길 2,71101,변호사업,44858,44858,2,2,계속,계속,1678602722,16786027220,71101,변호사업
457312,0,법률사무소 로담,61445,광주광역시 동구 지산로63번길 2,71101,변호사업,42739,42739,5,5,계속,계속,1762500237,17625002370,71101,변호사업
722149,0,운림전력주식회사,61512,광주광역시 동구 지원2동(내남동),41999,건설업본사,44682,44682,1,1,계속,계속,2468102393,24681023930,41999,건설업본사
548286,0,더벤티 소태점,61502,광주광역시 동구 지원로 4,56221,커피 전문점,45356,45356,1,1,계속,계속,2080853126,20808531260,56221,커피 전문점
957275,0,제이메디케어(광주점),61502,광주광역시 동구 지원로6번길 5,46592,의료기기 도매업,45384,45384,1,1,계속,계속,3323100804,33231008040,46592,의료기기 도매업
466420,0,티키타카마케팅,61445,광주광역시 동구 지호로 11,71310,광고 대행업,45839,45839,1,1,계속,계속,1815001133,18150011330,71310,광고 대행업
439964,0,준스디자인(jun.s_design),61447,광주광역시 동구 지호로 112,42412,"도배, 실내장식 및 내장 목공사업",45253,45253,12,11,일괄유기,일괄유기,1662001345,16620013456,42412,"도배, 실내장식 및 내장 목공사업"
427938,0,비비큐산수점,61448,광주광역시 동구 지호로 28,56162,치킨 전문점,45660,45660,1,1,계속,계속,1591202394,15912023940,56162,치킨 전문점
723620,0,지산유통,61444,광주광역시 동구 지호로 35,47212,육류 소매업,45478,45478,1,1,계속,계속,2475500502,24755005020,47212,육류 소매업
477524,0,석샘사우나,61451,광주광역시 동구 지호로 64,96121,욕탕업,45689,45689,1,1,계속,계속,1880102469,18801024690,96121,욕탕업
18454,1,자연애사람들,61451,광주광역시 동구 지호로100번길 4,,,45926,,4,0,일괄유기,,1041598270,10415982706,,
950425,0,씨유계림아이파크점,61405,광주광역시 동구 참판로 6,47122,체인화 편의점,45659,45659,1,1,계속,계속,3282601945,32826019450,47122,체인화 편의점
673813,0,스마일 F&H,61405,광주광역시 동구 참판로26번길 21,56111,한식 일반 음식점업,45444,45444,4,4,계속,계속,2261619970,22616199700,56111,한식 일반 음식점업
791126,0,주식회사영컴퍼니,61405,광주광역시 동구 참판로26번길 3,85612,기타 스포츠 교육기관,44378,44378,1,1,계속,계속,2858101614,28581016140,85612,기타 스포츠 교육기관
783376,0,현대컴퓨터자수,61478,광주광역시 동구 천변우로 329-16,13222,자수제품 및 자수용재료 제조업,45778,45778,1,1,계속,계속,2810803257,28108032570,13222,자수제품 및 자수용재료 제조업
124071,0,피케이코퍼레이션 주식회사,61478,광주광역시 동구 천변우로 339,47811,의약품 및 의료용품 소매업,45384,45384,1,1,계속,계속,1178803114,11788031140,47811,의약품 및 의료용품 소매업
402336,0,주식회사플러스리더,61478,광주광역시 동구 천변우로 339,68224,부동산 분양 대행업,41935,41935,4,4,계속,계속,1448131404,14481314040,68224,부동산 분양 대행업
704904,0,예민재가복지센터,61478,광주광역시 동구 천변우로 339,87299,그 외 기타 비거주 복지 서비스업,45231,45231,6,4,계속,계속,2368002782,23680027820,87299,그 외 기타 비거주 복지 서비스업
462669,0,예슬쌀롱 2호점(불로동),61484,광주광역시 동구 천변우로 397,96112,두발 미용업,45598,45598,1,1,계속,계속,1792401766,17924017660,96112,두발 미용업
607002,0,광림토건 유한회사,61488,광주광역시 동구 천변우로 453,41999,건설업본사,36708,36617,1,1,계속,계속,2158188174,21581881740,41999,건설업본사
942763,0,주식회사 이연건설산업,61506,광주광역시 동구 천변좌로604번길 1,41999,건설업본사,45891,45891,2,2,계속,계속,3238703537,32387035370,41999,건설업본사
89098,0,이제이지컴퍼니,61506,광주광역시 동구 천변좌로630번안길 2-2,47912,전자상거래 소매업,45474,45474,1,1,계속,계속,1120675897,11206758970,47912,전자상거래 소매업
859920,0,(주)마가게임즈,61475,광주광역시 동구 충장동(금남로1가),58212,모바일 게임 소프트웨어 개발 및 공급업,44214,44214,1,1,계속,계속,3068801899,30688018990,58212,모바일 게임 소프트웨어 개발 및 공급업
709190,0,포베이 충장로점,61482,광주광역시 동구 충장로 101-6,56129,기타 외국식 음식점업,45433,45433,3,3,계속,계속,2390502877,23905028770,56129,기타 외국식 음식점업
966575,0,주식회사 에프에스푸드 광주충장지점,61483,광주광역시 동구 충장로 102-11,56111,한식 일반 음식점업,45597,45597,3,3,계속,계속,3378103460,33781034600,56111,한식 일반 음식점업
973262,0,주류상회Be광주동구점,61483,광주광역시 동구 충장로 102-6,56219,기타 주점업,45690,45690,1,1,계속,계속,3415500783,34155007830,56219,기타 주점업
753568,0,담드(DAMD),61476,광주광역시 동구 충장로 3,47830,시계 및 귀금속 소매업,45775,45775,1,1,계속,계속,2647100564,26471005640,47830,시계 및 귀금속 소매업
669259,0,은꽃,61481,광주광역시 동구 충장로 33,33110,귀금속 및 관련제품 제조업,45628,45628,1,1,계속,계속,2252302004,22523020040,33110,귀금속 및 관련제품 제조업
544948,0,화성,61481,광주광역시 동구 충장로 39-8,47851,화초 및 식물 소매업,45383,45383,1,1,계속,계속,2075000571,20750005710,47851,화초 및 식물 소매업
645391,0,후아유 광주 충장로,61482,광주광역시 동구 충장로 73,46413,남녀용 겉옷 및 셔츠 도매업,45463,45463,1,1,계속,계속,2211871863,22118718630,46413,남녀용 겉옷 및 셔츠 도매업
49341,0,백억커피 광주충장로점,61482,광주광역시 동구 충장로 77-4,56221,커피 전문점,45931,45931,5,5,계속,계속,1073886618,10738866180,56221,커피 전문점
804586,0,보배반점충장점,61482,광주광역시 동구 충장로 77-6,56121,중식 음식점업,45598,45598,2,2,계속,계속,2932201791,29322017910,56121,중식 음식점업
862283,0,타이거룸카페,61483,광주광역시 동구 충장로 80-5,91229,기타 오락장 운영업,45536,45536,8,8,계속,계속,3071820858,30718208580,91229,기타 오락장 운영업
457298,0,미미당,61482,광주광역시 동구 충장로 93-12,56111,한식 일반 음식점업,43344,43344,2,2,계속,계속,1762400579,17624005790,56111,한식 일반 음식점업
875861,0,충장서림,61482,광주광역시 동구 충장로 93-5,47611,"서적, 신문 및 잡지류 소매업",45748,45748,4,4,계속,계속,3099622656,30996226560,47611,"서적, 신문 및 잡지류 소매업"
799311,0,캐롯커피(carrot coffee),61482,광주광역시 동구 충장로 95-1,56221,커피 전문점,45658,45658,1,1,계속,계속,2902801417,29028014170,56221,커피 전문점
901952,0,와플대학 광주충장로캠퍼스,61482,광주광역시 동구 충장로 99-1,56199,간이음식 포장 판매 전문점,45569,45569,5,5,계속,계속,3130666822,31306668220,56199,간이음식 포장 판매 전문점
154963,0,강남더뷰티성형외과의원,61483,광주광역시 동구 충장로안길 44,86201,일반 의원,45624,45624,6,6,계속,계속,1212753572,12127535720,86201,일반 의원
997387,0,(주)더리틀키리 지점 (짜이짜이),61483,광주광역시 동구 충장로안길 5-3,56121,중식 음식점업,45931,45931,4,4,계속,계속,3558503127,35585031270,56121,중식 음식점업
123494,0,열린공동생활가정,61402,광주광역시 동구 필문대로 12-7,87131,아동 및 부녀자 거주 복지시설 운영업,45658,45658,4,4,계속,계속,1178282403,11782824030,87131,아동 및 부녀자 거주 복지시설 운영업
713800,0,유한회사랜드마크청암,61406,광주광역시 동구 필문대로 134-1,68129,기타 부동산 개발 및 공급업,45733,45733,1,1,계속,계속,2418602262,24186022620,68129,기타 부동산 개발 및 공급업
233028,0,기아 스마트대리점,61437,광주광역시 동구 필문대로 185,45110,자동차 신품 판매업,45778,45778,1,1,계속,계속,1276200773,12762007730,45110,자동차 신품 판매업
211312,0,개미인력개발광주동구점,61439,광주광역시 동구 필문대로 199,75121,임시 및 일용 인력 공급업,45717,45717,2,2,계속,계속,1259468235,12594682350,75121,임시 및 일용 인력 공급업
496640,0,처갓집양념치킨동명계림점,61435,광주광역시 동구 필문대로 252,56162,치킨 전문점,45749,45749,1,1,계속,계속,1990703058,19907030580,56162,치킨 전문점
120238,0,링크캠퍼스,61452,광주광역시 동구 필문대로 309,58221,시스템 소프트웨어 개발 및 공급업,44010,44044,6,6,계속,계속,1171878102,11718781020,58221,시스템 소프트웨어 개발 및 공급업
167251,0,씨유조선대장미원점,61452,광주광역시 동구 필문대로 309,47122,체인화 편의점,43586,43586,1,1,계속,계속,1227900121,12279001210,47122,체인화 편의점
902171,0,이마트24조대글로벌점,61452,광주광역시 동구 필문대로 309,47122,체인화 편의점,44309,44309,2,1,계속,계속,3131063477,31310634770,47122,체인화 편의점
336150,0,필문소화기질환연구회,61453,광주광역시 동구 필문대로 365,68112,비주거용 건물 임대업,43132,43132,1,1,계속,계속,1358291235,13582912350,68112,비주거용 건물 임대업
657749,0,죽이야기조선대병원점,61453,광주광역시 동구 필문대로 365,56111,한식 일반 음식점업,44197,44197,3,3,계속,계속,2231601355,22316013550,56111,한식 일반 음식점업
109309,0,계림아이파크SK뷰입주자대표회의,61404,광주광역시 동구 필문대로 70,68211,주거용 부동산 관리업,45339,45339,1,1,계속,계속,1148275636,11482756360,68211,주거용 부동산 관리업
383836,1,지에스25계림아이파크점,61404,광주광역시 동구 필문대로 70,,,44808,,10,0,계속,,1410628150,14106281500,,
782274,0,글로어광주계림점,61404,광주광역시 동구 필문대로 70,56221,커피 전문점,44836,44836,9,9,계속,계속,2806800533,28068005330,56221,커피 전문점
462624,0,디케이산업,61411,광주광역시 동구 필문대로171번길 1-2,41999,건설업본사,45717,45717,5,5,계속,계속,1792101580,17921015800,41999,건설업본사
548891,0,매일유업 호남대리점,61437,광주광역시 동구 필문대로191번길 37-2,46324,낙농품 및 동식물성 유지 도매업,45717,45717,1,1,계속,계속,2081553162,20815531620,46324,낙농품 및 동식물성 유지 도매업
477957,0,딜리버리로우,61437,광주광역시 동구 필문대로191번길 5-12,56162,치킨 전문점,45415,45415,1,1,계속,계속,1882101148,18821011480,56162,치킨 전문점
319127,0,카밍캣 고양이 미용,61433,광주광역시 동구 필문대로192번길 21,47852,반려용동물 및 관련용품 소매업,45731,45731,1,1,계속,계속,1346173559,13461735590,47852,반려용동물 및 관련용품 소매업
417153,0,(주)케이애드앤파트너스,61433,광주광역시 동구 필문대로192번길 21,71310,광고 대행업,43160,43160,3,3,계속,계속,1528800560,15288005600,71310,광고 대행업
427992,0,씨유 산수라도스점,61433,광주광역시 동구 필문대로192번길 21,47122,체인화 편의점,45840,45840,5,5,계속,계속,1591502527,15915025270,47122,체인화 편의점
463975,0,비비인타임ViviInTime,61440,광주광역시 동구 필문대로205번길 14-1,56111,한식 일반 음식점업,44682,44682,2,2,계속,계속,1800302116,18003021160,56111,한식 일반 음식점업
421413,0,팔도국밥육수당광주법원점,61439,광주광역시 동구 필문대로205번길 25,56111,한식 일반 음식점업,45748,45748,1,1,계속,계속,1553201334,15532013340,56111,한식 일반 음식점업
626366,0,닭한마리칼국수,61441,광주광역시 동구 필문대로205번길 28,56111,한식 일반 음식점업,45901,45901,2,2,계속,계속,2186400485,21864004850,56111,한식 일반 음식점업
974177,0,투썸플레이스조선대점,61448,광주광역시 동구 필문대로273번길 1,56221,커피 전문점,45338,45338,1,1,계속,계속,3420202696,34202026960,56221,커피 전문점
744238,0,올리브영 조선대점,61449,광주광역시 동구 필문대로273번길 10,47813,"화장품, 비누 및 방향제 소매업",45931,45931,7,7,계속,계속,2596100976,25961009760,47813,"화장품, 비누 및 방향제 소매업"
502633,0,메가엠지씨커피조선대점,61448,광주광역시 동구 필문대로273번길 5,56221,커피 전문점,45292,45292,7,7,계속,계속,2013901107,20139011070,56221,커피 전문점
10894,0,공사중포차 조대점,61449,광주광역시 동구 필문대로287번길 13,56111,한식 일반 음식점업,45659,45659,1,1,계속,계속,1020412488,10204124880,56111,한식 일반 음식점업
986694,0,조선대패집,61449,광주광역시 동구 필문대로287번길 23,56111,한식 일반 음식점업,45628,45628,6,6,계속,계속,3494501093,34945010930,56111,한식 일반 음식점업
501569,0,커피베이무등산골드클래스점,61497,광주광역시 동구 학소로 109,56221,커피 전문점,44562,44562,1,1,계속,계속,2011899440,20118994400,56221,커피 전문점
721067,0,세진이네과일가게,61497,광주광역시 동구 학소로 109,46311,과실류 도매업,44348,44348,1,1,계속,계속,2459201330,24592013300,46311,과실류 도매업
798610,0,주식회사 태양목장,61497,광주광역시 동구 학소로 109,35114,태양력 발전업,45901,45901,5,5,계속,계속,2898801352,28988013520,35114,태양력 발전업
856528,0,두찜광주지원점,61498,광주광역시 동구 학소로 97,56162,치킨 전문점,45446,45446,2,2,계속,계속,3061752520,30617525200,56162,치킨 전문점
924185,0,백조아파트관리운영위원회,61501,광주광역시 동구 학소로76번길 2,68211,주거용 부동산 관리업,45536,45536,1,1,계속,계속,3168015604,31680156040,68211,주거용 부동산 관리업
249780,0,재단법인광주광역시사회서비스원광주희망원,61510,광주광역시 동구 화산로 177,87299,그 외 기타 비거주 복지 서비스업,44774,44774,22,22,계속,계속,1288215995,12882159950,87299,그 외 기타 비거주 복지 서비스업
938485,0,남군갈비,61507,광주광역시 동구 화산로 327,56111,한식 일반 음식점업,45658,45658,2,2,계속,계속,3212401974,32124019740,56111,한식 일반 음식점업
545228,0,지에스25 용산호반점,61509,광주광역시 동구 화산로 328-6,47122,체인화 편의점,45474,45474,3,3,계속,계속,2076492082,20764920820,47122,체인화 편의점
496524,0,소태길,61504,광주광역시 동구 화산로 354,56113,한식 육류요리 전문점,45416,45416,1,1,계속,계속,1990203432,19902034320,56113,한식 육류요리 전문점
798214,0,사단법인선인사회복지회,61504,광주광역시 동구 화산로 355,75919,기타 사무지원 서비스업,43866,43866,1,1,계속,계속,2898200050,28982000500,75919,기타 사무지원 서비스업
38671,0,필마드,61507,광주광역시 동구 화산로323번길 3,73301,인물사진 및 행사용 영상 촬영업,45397,45397,1,1,계속,계속,1062062087,10620620870,73301,인물사진 및 행사용 영상 촬영업
996765,1,수수실내건축디자인,61507,광주광역시 동구 화산로335번길 5-8,,,43584,,1,0,일괄유기,,3553100700,35531007006,,
771495,0,선우,61511,광주광역시 동구 화산로350번길 88,41999,건설업본사,45541,45541,1,1,계속,계속,2741802225,27418022250,41999,건설업본사
771496,1,선우,61511,광주광역시 동구 화산로350번길 88,,,45810,,1,0,일괄유기,,2741802225,27418022256,,
1000117,0,밝은욕실인테리어,61503,광주 동구 남문로 552,41999,건설업본사,44857,44857,1,1,계속,계속,3572700029,35727000290,41999,건설업본사
1000118,1,밝은욕실인테리어,61503,광주 동구 남문로 552,,,43831,,1,0,일괄유기,,3572700029,35727000296,,
1000900,0,유한회사 더클로이,61470,광주 동구 독립로 268,56111,한식 일반 음식점업,44211,44211,2,2,계속,계속,3578601933,35786019330,56111,한식 일반 음식점업
1001143,0,유한회사화원,61450,광주광역시 동구 지산로38번길 9,68221,부동산 중개 및 대리업,44378,44378,1,1,계속,계속,3578800883,35788008830,68221,부동산 중개 및 대리업
1001289,0,아이파크태권도,61455,광주광역시 동구 남문로753번길 20,85611,태권도 및 무술 교육기관,44617,44617,1,1,계속,계속,3579401414,35794014140,85611,태권도 및 무술 교육기관
1001695,0,텔레시스-파리(TELESISParis),61482,광주 동구 금남로 226-11,47412,여자용 겉옷 소매업,43283,43283,1,1,계속,계속,3581900575,35819005750,47412,여자용 겉옷 소매업
1002002,0,아바이순대국밥,61496,광주 동구 학소로 100,56111,한식 일반 음식점업,44621,44621,1,1,계속,계속,3584000977,35840009770,56111,한식 일반 음식점업
1002644,0,(주)종합건축사사무소동주헌,61436,광주 동구 장동로 5-5,72111,건축설계 및 관련 서비스업,44958,44958,3,3,계속,계속,3588602954,35886029540,72111,건축설계 및 관련 서비스업
1002697,0,주식회사강호개발,61489,광주광역시 동구 양림로119번길 7,68129,기타 부동산 개발 및 공급업,43647,43647,1,1,계속,계속,3588700292,35887002920,68129,기타 부동산 개발 및 공급업
1003102,0,투니즘(Toonism),61514,광주 동구 육판서길 16,90132,비공연 예술가,43654,43654,2,2,계속,계속,3590101776,35901017760,90132,비공연 예술가
1003196,0,미학,61488,광주 동구 서석로 10,96112,두발 미용업,44197,44197,1,1,계속,계속,3590401520,35904015200,96112,두발 미용업
1004774,0,믿음 치과기공소,61477,광주 동구 충장로22번길 8-23,27191,치과용 기기 제조업,45294,45294,3,3,계속,계속,3599401690,35994016900,27191,치과용 기기 제조업
1004901,0,광주보청기난청센터,61473,광주 동구 제봉로 173,47812,의료용 기구 소매업,42278,42278,2,2,계속,계속,3600400123,36004001230,47812,의료용 기구 소매업
1005361,0,후동이소금구이,61430,광주 동구 동명로 15,56111,한식 일반 음식점업,44867,44867,1,1,계속,계속,3603001062,36030010620,56111,한식 일반 음식점업
1005727,0,주식회사핑고엔터테인먼트,61436,광주광역시 동구 동계천로 150,59111,일반 영화 및 비디오물 제작업,43252,43252,48,48,계속,계속,3608100842,36081008420,59111,일반 영화 및 비디오물 제작업
1005735,0,농업회사법인 한국농업주식회사,61427,광주 동구 제봉로184번길 5,46312,"채소류, 서류 및 향신작물류 도매업",43296,43296,2,2,계속,계속,3608100992,36081009920,46312,"채소류, 서류 및 향신작물류 도매업"
1005805,0,농업회사법인주식회사꿀떡,61426,광주광역시 동구 독립로 286,1131,과실작물 재배업,45597,45597,2,2,계속,계속,3608102383,36081023830,1131,과실작물 재배업
1006456,0,학동회관,61460,광주 동구 의재로 57,56111,한식 일반 음식점업,45200,45200,1,1,계속,계속,3610103006,36101030060,56111,한식 일반 음식점업
1006884,0,메카,61471,광주 동구 금남로 161,56221,커피 전문점,43101,43101,1,1,계속,계속,3612400352,36124003520,56221,커피 전문점
1008068,0,산수쌈밥동명,61430,광주광역시 동구 동계로 11,56111,한식 일반 음식점업,45847,45847,9,9,계속,계속,3618803574,36188035740,56111,한식 일반 음식점업
1008224,0,디자인비움,61487,광주 동구 백서로137번길 13-6,18119,기타 인쇄업,43344,43344,0,0,계속,계속,3620300438,36203004380,18119,기타 인쇄업
1008654,0,티에디트,61459,광주광역시 동구 의재로 9,56221,커피 전문점,44927,44927,1,1,계속,계속,3622401669,36224016690,56221,커피 전문점
1008780,0,베이비블루(babyblue),61465,광주광역시 동구 제봉로82번길 13-10,56219,기타 주점업,45658,45658,1,1,계속,계속,3623200909,36232009090,56219,기타 주점업
1009039,0,정원샤브,61448,광주 동구 필문대로273번길 11,56111,한식 일반 음식점업,45232,45232,3,3,계속,계속,3626300510,36263005100,56111,한식 일반 음식점업
1009147,0,무등산광신프로그레스하하어린이집,61410,광주 동구 밤실로 100,87210,보육시설 운영업,46009,46009,8,8,계속,계속,3628003571,36280035710,87210,보육시설 운영업
1009335,0,주식회사 부지런한사람들 용산점,61499,광주 동구 남문로621번길 1,47121,슈퍼마켓,44963,44963,16,16,계속,계속,3628502387,36285023870,47121,슈퍼마켓
1010462,0,딴짓공작소,61406,광주 동구 무등로415번길 26,85699,그 외 기타 분류 안된 교육기관,44676,44676,1,1,계속,계속,3633000965,36330009650,85699,그 외 기타 분류 안된 교육기관
1010774,0,빽다방 조선대후문점,61449,광주 동구 필문대로273번길 8,56221,커피 전문점,45506,45506,5,4,계속,계속,3637200325,36372003250,56221,커피 전문점
1012933,0,주식회사이레정보시스템,61483,광주 동구 충장로 94,18111,경 인쇄업,43282,43282,1,1,계속,계속,3648700962,36487009620,18111,경 인쇄업
1013147,0,창신파워주식회사,61490,광주 동구 제봉로17번길 13-6,75121,임시 및 일용 인력 공급업,45040,45040,2,2,계속,계속,3648802588,36488025880,75121,임시 및 일용 인력 공급업
1013242,0,불교서원,61430,광주광역시 동구 동계천로95번길 34,58113,일반 서적 출판업,45657,45657,1,1,계속,계속,3649402333,36494023330,58113,일반 서적 출판업
1013311,0,조대후문맛집호랑이곱창,61449,광주광역시 동구 필문대로287번길 15-6,56111,한식 일반 음식점업,45413,45413,1,1,계속,계속,3650103202,36501032020,56111,한식 일반 음식점업
1013354,0,동명주막,61430,광주 동구 동계천로 115,56219,기타 주점업,43852,43852,2,2,계속,계속,3650301756,36503017560,56219,기타 주점업
1013657,0,국수나무,61463,광주 동구 남문로 690,56111,한식 일반 음식점업,43862,43862,3,1,계속,계속,3651801158,36518011580,56111,한식 일반 음식점업
1013879,0,장어명가청산광주점,61513,광주 동구 남문로 275,56111,한식 일반 음식점업,42430,42430,6,6,계속,계속,3653400085,36534000850,56111,한식 일반 음식점업
1014563,0,(주)한국에이치알디진흥원,61471,광주 동구 구성로 189,60310,영상물 제공 서비스업,44298,44298,1,1,계속,계속,3658602063,36586020630,60310,영상물 제공 서비스업
1014683,0,주식회사 비마이스튜디오,61479,광주 동구 중앙로 149,73301,인물사진 및 행사용 영상 촬영업,43871,43871,5,5,계속,계속,3658701488,36587014880,73301,인물사진 및 행사용 영상 촬영업
1014717,0,유한회사케이트립,61407,광주 동구 필문대로  143,75210,여행사업,44743,44743,1,1,계속,계속,3658702323,36587023230,75210,여행사업
1014955,0,계림부부내과의원,61405,광주 동구 무등로 405,86201,일반 의원,44630,44630,4,4,계속,계속,3659101563,36591015630,86201,일반 의원
1015369,0,한가족의원,61462,광주 동구 학소로 134,86201,일반 의원,42066,42066,3,3,계속,계속,3661700010,36617000100,86201,일반 의원
1015536,0,자연숲 산수점,61416,광주 동구 동계로 38,47121,슈퍼마켓,44896,44896,4,4,계속,계속,3662701401,36627014010,47121,슈퍼마켓
1016685,0,명품맛나수산,61427,광주 동구 제봉로194번길 5-7,46315,"신선, 냉동 및 기타 수산물 도매업",45327,45327,2,2,계속,계속,3669000139,36690001390,46315,"신선, 냉동 및 기타 수산물 도매업"
1016776,0,늘푸름용산점,61508,광주 동구 용산4길 5,47215,"채소, 과실 및 뿌리작물 소매업",44562,44562,1,1,계속,계속,3669901465,36699014650,47215,"채소, 과실 및 뿌리작물 소매업"
1017962,0,산수중앙지역아동센터,61410,광주 동구 밤실로 132,87299,그 외 기타 비거주 복지 서비스업,44562,44562,3,3,계속,계속,3678200438,36782004380,87299,그 외 기타 비거주 복지 서비스업
1018468,0,그랜드마트 청과야채,61424,광주 동구 경양로 234,46311,과실류 도매업,44714,44714,1,1,계속,계속,3679001714,36790017140,46311,과실류 도매업
1018630,0,신드롬콘텐츠,61436,광주광역시 동구 동계천로 150,75992,"전시, 컨벤션 및 행사 대행업",45203,45203,1,1,계속,계속,3680402483,36804024830,75992,"전시, 컨벤션 및 행사 대행업"
1018664,0,메가MGC커피 광주충장로점,61482,광주광역시 동구 충장로 77-1,56221,커피 전문점,45393,45393,11,11,계속,계속,3680502985,36805029850,56221,커피 전문점
1019291,0,디디아이,61427,광주광역시 동구 제봉로 196,71531,경영 컨설팅업,45778,45778,1,1,계속,계속,3685100780,36851007800,71531,경영 컨설팅업
1019516,0,주식회사플리즈프로젝트,61487,광주 동구 서석로 34-3,47912,전자상거래 소매업,43475,43475,2,2,계속,계속,3688101258,36881012580,47912,전자상거래 소매업
1019693,0,주식회사 삼성금융파트너스(광주라이프 지점),61475,광주광역시 동구 중앙로 198,66202,보험 대리 및 중개업,45597,45597,1,1,계속,계속,3688502600,36885026000,66202,보험 대리 및 중개업
1020150,0,오성사주식회사,61476,광주 동구 충장로 7,14199,그 외 기타 봉제의복 제조업,45017,45017,1,1,계속,계속,3688802483,36888024830,14199,그 외 기타 봉제의복 제조업
1020876,0,렌즈미황금점,61484,광주 동구 중앙로160번길 12-1,47822,안경 및 렌즈 소매업,43913,43913,1,1,계속,계속,3693200730,36932007300,47822,안경 및 렌즈 소매업
1021770,0,(주)케이티씨,61401,광주광역시 동구 무등로321번길 20-24,58222,응용 소프트웨어 개발 및 공급업,45078,45078,1,1,계속,계속,3698702801,36987028010,58222,응용 소프트웨어 개발 및 공급업
1021845,0,주식회사칼라애드,61463,광주 동구 학소로 139,18119,기타 인쇄업,43276,43276,8,8,계속,계속,3698801037,36988010370,18119,기타 인쇄업
1021895,0,아이컨설팅주식회사,61441,광주 동구 밤실로 39,68121,주거용 건물 개발 및 공급업,44409,44409,2,2,계속,계속,3698802088,36988020880,68121,주거용 건물 개발 및 공급업
1022292,0,목구멍 광주충장점,61483,광주광역시 동구 충장로안길 10,56111,한식 일반 음식점업,45748,45748,3,3,계속,계속,3701102674,37011026740,56111,한식 일반 음식점업
1022557,0,도리게마당,61437,광주 동구 필문대로191번길 5-21,56111,한식 일반 음식점업,44011,44011,8,8,계속,계속,3702800602,37028006020,56111,한식 일반 음식점업
1022765,0,낭만공작소,61436,광주광역시 동구 동계천로 122,56123,서양식 음식점업,43983,43983,1,1,계속,계속,3704900456,37049004560,56123,서양식 음식점업
1023108,0,주식회사 올더타임 (ALLTHETIMEInc.),61472,광주 동구 금남로 193-22,63991,데이터베이스 및 온라인정보 제공업,44986,44986,1,1,계속,계속,3708103114,37081031140,63991,데이터베이스 및 온라인정보 제공업
1023579,0,주식회사 원드림,61417,광주 동구 무등로 402,68122,비주거용 건물 개발 및 공급업,43831,43831,1,1,계속,계속,3708801231,37088012310,68122,비주거용 건물 개발 및 공급업
1024791,0,(주)건축사사무소현,61499,광주 동구 남문로 589,72111,건축설계 및 관련 서비스업,44593,44593,2,2,계속,계속,3718102419,37181024190,72111,건축설계 및 관련 서비스업
1025068,0,(주)그린허브앤팜,61496,광주 동구 학소로76번길 9,47811,의약품 및 의료용품 소매업,43167,43167,2,2,계속,계속,3718700539,37187005390,47811,의약품 및 의료용품 소매업
1025352,0,아이온치과의원,61417,광주 동구 경양로 349,86202,치과 의원,44622,44622,5,5,계속,계속,3719001595,37190015950,86202,치과 의원
1025471,0,노랑통닭,61498,광주 동구 남문로634번길 12,56162,치킨 전문점,44105,44105,1,1,계속,계속,3720201951,37202019510,56162,치킨 전문점
1025813,0,아비꼬 광주충장로점,61483,광주 동구 충장로 102-5,56122,일식 음식점업,45432,45432,1,1,계속,계속,3721901925,37219019250,56122,일식 음식점업
1026072,0,솔고헬스케어,61437,광주 동구 필문대로 187,47811,의약품 및 의료용품 소매업,44287,44287,1,1,계속,계속,3724100626,37241006260,47811,의약품 및 의료용품 소매업
1026536,0,주식회사스시타이쇼광주점,61470,광주 동구 독립로 268,56122,일식 음식점업,44213,44213,5,5,계속,계속,3728501686,37285016860,56122,일식 음식점업
1026580,0,법무법인 무등 종합법률,61441,광주광역시 동구  준법로25번길 16,71101,변호사업,42653,42653,4,4,계속,계속,3728600457,37286004570,71101,변호사업
1027046,0,박치과의원,61482,광주 동구 서석로 51,86202,치과 의원,43581,43581,2,2,계속,계속,3729001088,37290010880,86202,치과 의원
1027050,1,코퍼스어학원,61432,광주 동구 경양로 336,,,45041,,1,0,계속,,3729001884,37290018840,,
1027094,0,어울린정신건강의학과의원,61463,광주 동구 남문로 684,86102,일반 병원,45962,45962,2,2,계속,계속,3729402372,37294023720,86102,일반 병원
1027170,0,초록마을광주계림센트럴점,61424,광주광역시 동구 경양로 234,47121,슈퍼마켓,44305,44305,1,1,계속,계속,3730202079,37302020790,47121,슈퍼마켓
1027244,0,녹지,61434,광주 동구 동명로20번길 22,56111,한식 일반 음식점업,45370,45370,1,1,계속,계속,3730502823,37305028230,56111,한식 일반 음식점업
1027507,0,아이센스리그PC방계림동점,61422,광주 동구 경양로 237,91222,컴퓨터 게임방 운영업,45078,45078,9,9,계속,계속,3731701924,37317019240,91222,컴퓨터 게임방 운영업
1028067,0,장기요양기관민들레,61514,광주 동구 남계길 42-5,87111,노인 요양 복지시설 운영업,43586,43586,2,2,계속,계속,3738001248,37380012480,87111,노인 요양 복지시설 운영업
1028163,0,주식회사헤세드,61448,광주 동구 필문대로263번길 12,68212,비주거용 부동산 관리업,43833,43833,1,1,계속,계속,3738101551,37381015510,68212,비주거용 부동산 관리업
1028170,0,투탑스그룹주식회사,61421,광주 동구 독립로 324,71531,경영 컨설팅업,43891,43891,10,10,계속,계속,3738101658,37381016580,71531,경영 컨설팅업
1028517,0,광주햇빛발전협동조합,61401,광주광역시 동구  중앙로 349-8,35114,태양력 발전업,43313,43313,1,1,계속,계속,3738700175,37387001750,35114,태양력 발전업
1028862,0,일등한의원,61417,광주 동구 계림동,86203,한의원,44652,44652,5,5,계속,계속,3739601502,37396015020,86203,한의원
1029329,0,엔씨웨이브 충장점 후아유,61480,광주광역시 동구 중앙로 163,47419,기타 의복 소매업,45809,45809,1,1,계속,계속,3742302010,37423020100,47419,기타 의복 소매업
1029524,0,호시마츠,61436,광주 동구 제봉로110번길 15,56122,일식 음식점업,43739,43739,3,3,계속,계속,3743900503,37439005030,56122,일식 음식점업
1029812,0,나무그늘재가노인복지센터,61433,광주 동구 경양로 370,87111,노인 요양 복지시설 운영업,45749,45749,1,1,계속,계속,3748003031,37480030310,87111,노인 요양 복지시설 운영업
1029883,0,주식회사희망팜,61421,광주 동구 독립로 338,46441,의약품 도매업,43709,43709,1,1,계속,계속,3748101573,37481015730,46441,의약품 도매업
1030649,0,리얼펍계림점,61417,광주 동구 무등로 396,56213,생맥주 전문점,44774,44774,8,8,계속,계속,3750202487,37502024870,56213,생맥주 전문점
1031816,0,주식회사옴니아트,61436,광주광역시 동구 동계천로 150,14192,"근무복, 작업복 및 유사의복 제조업",43191,43191,20,20,일괄계속,계속,3758600887,37586008870,14192,"근무복, 작업복 및 유사의복 제조업"
1031967,0,(주)조선엠앤씨홀딩스,61433,광주 동구 경양로 382,46442,의료용품 도매업,42887,42887,0,0,계속,계속,3758700579,37587005790,46442,의료용품 도매업
1032407,0,이디야커피광주KT타워점,61466,광주 동구 제봉로82번길 16,56221,커피 전문점,45231,45231,1,1,계속,계속,3760403028,37604030280,56221,커피 전문점
1032677,0,알비씨스템,61499,광주 동구 남문로 643,47320,가전제품 소매업,43514,43514,0,0,계속,계속,3761700813,37617008130,47320,가전제품 소매업
1032805,0,코메터,61452,광주광역시 동구 조선대1길 17,31312,무인 항공기 및 무인 비행장치 제조업,45411,45411,1,1,계속,계속,3762501665,37625016650,31312,무인 항공기 및 무인 비행장치 제조업
1033253,0,새봄요양원,61512,광주광역시 동구 남문로 266-30,87111,노인 요양 복지시설 운영업,45717,45717,10,10,계속,계속,3768003487,37680034870,87111,노인 요양 복지시설 운영업
1034587,0,너트(knut),61432,광주 동구 동계로 2,96112,두발 미용업,44743,44743,1,1,계속,계속,3773201104,37732011040,96112,두발 미용업
1034722,0,다정초밥참치,61436,광주광역시 동구 장동로 5,56122,일식 음식점업,45839,45839,1,1,계속,계속,3774601377,37746013770,56122,일식 음식점업
1034980,0,주식회사 호텔아트하임,61488,광주광역시 동구 서석로10번길 5,55101,호텔업,43313,43313,18,17,계속,계속,3778100874,37781008740,55101,호텔업
1035797,0,네네치킨광주동구학동점,61463,광주 동구 의재로 22,56162,치킨 전문점,45352,45352,1,1,계속,계속,3780503021,37805030210,56162,치킨 전문점
1036102,0,리앤이라마띠네 이마트24R광주하늘마당점,61474,광주 동구 서석로 89,47122,체인화 편의점,44743,44743,1,1,계속,계속,3782101912,37821019120,47122,체인화 편의점
1036191,0,GS25산수그린점,61416,광주광역시 동구 동계로 38,47122,체인화 편의점,45902,45902,4,4,계속,계속,3782701758,37827017580,47122,체인화 편의점
1036402,0,변호사 정훈재 법률사무소,61445,광주광역시 동구  동명로 114,71101,변호사업,43070,43070,3,3,계속,계속,3784700271,37847002710,71101,변호사업
1036550,0,미싱어바웃(misingabout),61427,광주 동구 제봉로184번길 9-9,13222,자수제품 및 자수용재료 제조업,43510,43510,1,1,계속,계속,3787100183,37871001830,13222,자수제품 및 자수용재료 제조업
1036880,0,유한회사금도깨비,61433,광주 동구 필문대로192번길 24,68221,부동산 중개 및 대리업,43132,43132,0,0,계속,계속,3788600737,37886007370,68221,부동산 중개 및 대리업
1036955,0,주식회사한성목재,61432,광주 동구 동명로67번길 28,46699,그 외 기타 건축자재 도매업,44621,44621,1,1,계속,계속,3788602415,37886024150,46699,그 외 기타 건축자재 도매업
1037507,0,광주충장로2호점빽다방,61482,광주 동구 금남로 246,56229,기타 비알코올 음료점업,42370,42370,1,1,계속,계속,3790400170,37904001700,56229,기타 비알코올 음료점업
1038076,0,디자인화이트,61487,광주 동구 문화전당로 15,58190,기타 인쇄물 출판업,43475,43475,1,1,계속,계속,3794000159,37940001590,58190,기타 인쇄물 출판업
1038307,0,미랑재가노인복지센터,61405,광주 동구 참판로26번길 1,87299,그 외 기타 비거주 복지 서비스업,42478,42478,3,3,계속,계속,3798000325,37980003250,87299,그 외 기타 비거주 복지 서비스업
1038555,0,법무법인호성광주분사무소,61445,광주 동구 동명로 110,71101,변호사업,44721,44721,1,1,계속,계속,3798501824,37985018240,71101,변호사업
1038749,0,유한회사시온미디어,61479,광주광역시 동구 중앙로 149-5,90132,비공연 예술가,42887,42887,6,5,계속,계속,3798700547,37987005470,90132,비공연 예술가
1038835,0,주식회사 소트뉴인터내셔널,61436,광주 동구 동계천로 150,14112,여자용 겉옷 제조업,44986,44986,3,2,계속,계속,3798702526,37987025260,14112,여자용 겉옷 제조업
1038913,0,(주)웅비,61410,광주 동구 밤실로136번길 8-9,41999,건설업본사,43049,43049,3,4,계속,계속,3798800957,37988009570,41999,건설업본사
1038914,0,(주)웅비,61410,광주 동구 밤실로136번길 8-9,42311,일반전기 공사업,43158,43158,2,1,일괄유기,일괄유기,3798800957,37988009576,42311,일반전기 공사업
1040169,0,조선환경(주),61407,광주 동구 필문대로 135,38210,지정 외 폐기물 처리업,43709,43709,4,4,계속,계속,3808101485,38081014850,38210,지정 외 폐기물 처리업
1040290,0,농업법인정직한주식회사,61455,광주광역시 동구 남문로753번길 20,47212,육류 소매업,43466,43466,2,2,계속,계속,3808500408,38085004080,47212,육류 소매업
1041104,0,몸매가패션이다,61454,광주 동구 남문로 760,91132,체력단련시설 운영업,44378,44378,1,1,계속,계속,3810800832,38108008320,91132,체력단련시설 운영업
1042463,0,주식회사에이치앤엘,61433,광주 동구 경양로 358,75992,"전시, 컨벤션 및 행사 대행업",43680,43680,0,0,계속,계속,3818801323,38188013230,75992,"전시, 컨벤션 및 행사 대행업"
1042586,0,더존아카데미학원,61449,광주 동구 필문대로 277,85691,컴퓨터 학원,44144,44144,4,4,계속,계속,3819301104,38193011040,85691,컴퓨터 학원
1042648,0,디자인한스,61487,광주 동구 백서로125번길 12,58190,기타 인쇄물 출판업,45607,45607,1,1,계속,계속,3820103279,38201032790,58190,기타 인쇄물 출판업
1042733,0,청와대반찬,61433,광주 동구 필문대로206번길 6-6,47223,조리 반찬류 소매업,42948,42948,3,3,계속,계속,3820500611,38205006110,47223,조리 반찬류 소매업
1043089,0,광주불교사,61489,광주 동구 천변우로 485-1,47859,그 외 기타 분류 안된 상품 전문 소매업,44390,44390,1,1,계속,계속,3822301235,38223012350,47859,그 외 기타 분류 안된 상품 전문 소매업
1043202,0,대로인터내셔날,61463,광주 동구 남문로 676,75210,여행사업,43939,43939,0,0,계속,계속,3823300496,38233004960,75210,여행사업
1043591,0,(유)예석,61455,광주광역시 동구 남문로753번길 20,68221,부동산 중개 및 대리업,44635,44635,1,1,계속,계속,3828101593,38281015930,68221,부동산 중개 및 대리업
1043860,0,상상포레스트 주식회사,61484,광주광역시 동구  천변우로 381,41999,건설업본사,44292,44292,1,1,계속,계속,3828602073,38286020730,41999,건설업본사
1043882,0,주식회사 주성메디칼,61495,광주 동구 소태길 77,46441,의약품 도매업,44743,44743,2,2,계속,계속,3828602530,38286025300,46441,의약품 도매업
1044775,0,카페지즈,61494,광주 동구 동산길 42,56221,커피 전문점,45384,45384,3,3,계속,계속,3832201793,38322017930,56221,커피 전문점
1044801,0,프라임픽(primepick),61436,광주 동구 장동로 25,47419,기타 의복 소매업,44621,44621,1,1,계속,계속,3832401142,38324011420,47419,기타 의복 소매업
1044830,0,진성오피스,61508,광주 동구 용산3길 16,47311,"컴퓨터 및 주변장치, 소프트웨어 소매업",45352,45352,1,1,계속,계속,3832601369,38326013690,47311,"컴퓨터 및 주변장치, 소프트웨어 소매업"
1045236,0,동국,61434,광주 동구 동명로 52,56111,한식 일반 음식점업,45078,45078,1,1,계속,계속,3837500427,38375004270,56111,한식 일반 음식점업
1045288,0,천사재가노인복지센터,61462,광주 동구 증심천로33번길 6,87293,방문 복지서비스 제공업,45292,45292,79,70,계속,계속,3838003016,38380030160,87293,방문 복지서비스 제공업
1045385,0,목어문화예술협동조합,61480,광주 동구 충장로46번길 7,56221,커피 전문점,44256,44256,1,1,계속,계속,3838102182,38381021820,56221,커피 전문점
1046850,1,광명티에스(TS),61406,광주 동구 무등로449번길 5-1,,,43313,,1,0,일괄유기,,3846000256,38460002566,,
1047353,0,주식회사 주연플러스,61458,광주광역시 동구 남문로693번길 24,46592,의료기기 도매업,45405,45405,1,1,계속,계속,3848603516,38486035160,46592,의료기기 도매업
1047788,0,백제동물약품,61427,광주 동구 제봉로 200,46441,의약품 도매업,43458,43458,1,1,계속,계속,3850101251,38501012510,46441,의약품 도매업
1047832,0,법률사무소광주,61445,광주 동구 동명로 98,71101,변호사업,44835,44835,1,1,계속,계속,3850202621,38502026210,71101,변호사업
1047874,0,리엘라게임,61452,광주광역시 동구 조선대1길 17,58212,모바일 게임 소프트웨어 개발 및 공급업,44739,44739,1,1,계속,계속,3850402514,38504025140,58212,모바일 게임 소프트웨어 개발 및 공급업
1048690,0,앰플랩(amplab),61472,광주광역시 동구 금남로 193-22,71310,광고 대행업,45922,45922,4,4,계속,계속,3857600473,38576004730,71310,광고 대행업
1048908,0,사단법인 인문연구원 동고송,61407,광주 동구 갈마로 6,70209,기타 인문 및 사회과학 연구개발업,43831,43831,1,1,계속,계속,3858200227,38582002270,70209,기타 인문 및 사회과학 연구개발업
1050069,0,메리펫샵,61424,광주광역시 동구 경양로 234,47852,반려용동물 및 관련용품 소매업,45509,45509,1,1,계속,계속,3863201087,38632010870,47852,반려용동물 및 관련용품 소매업
1051192,0,로그 (Log),61484,광주 동구 천변우로  381,47412,여자용 겉옷 소매업,44531,44531,1,1,계속,계속,3870101276,38701012760,47412,여자용 겉옷 소매업
1051307,0,AUSMehl(아우스밀),61430,광주 동구 동명로25번길 4-1,56221,커피 전문점,43191,43191,1,1,계속,계속,3870600869,38706008690,56221,커피 전문점
1051779,0,컴포즈커피계림그랜드점,61422,광주 동구 경양로 237,56221,커피 전문점,44382,44382,10,10,계속,계속,3873500933,38735009330,56221,커피 전문점
1052074,0,꿈동산어린이집,61403,광주 동구 무등로375번길 15-7,87210,보육시설 운영업,42832,42832,12,12,계속,계속,3878000632,38780006320,87210,보육시설 운영업
1052235,0,디엔에이디자인스튜디오 주식회사,61432,광주광역시 동구 동명로67번길 21,73203,시각 디자인업,45537,45537,1,1,계속,계속,3878103126,38781031260,73203,시각 디자인업
1053040,0,아이사랑,61480,광주 동구 중앙로 163,47422,의복 액세서리 및 모조 장신구 소매업,45047,45047,1,1,계속,계속,3880702004,38807020040,47422,의복 액세서리 및 모조 장신구 소매업
1053055,0,노리존,61483,광주 동구 충장로안길 40-2,91221,전자 게임장 운영업,44287,44287,2,2,계속,계속,3880801282,38808012820,91221,전자 게임장 운영업
1053296,0,카페 붕어날다,61454,광주 동구 남문로 754-1,56221,커피 전문점,45250,45250,1,1,계속,계속,3882101942,38821019420,56221,커피 전문점
1053479,0,소풍김밥,61514,광주 동구 남문로 341,56191,김밥 및 기타 간이 음식점업,44160,44160,1,1,계속,계속,3883500426,38835004260,56191,김밥 및 기타 간이 음식점업
1054115,0,(주)온더드림,61459,광주 동구 의재로 23-1,68121,주거용 건물 개발 및 공급업,44805,44805,3,3,계속,계속,3888602616,38886026160,68121,주거용 건물 개발 및 공급업
1055068,0,골든보이,61481,광주 동구 충장로 43-2,46492,시계 및 귀금속제품 도매업,44208,44208,1,1,계속,계속,3892800867,38928008670,46492,시계 및 귀금속제품 도매업
1055248,0,블루서클,61489,광주 동구 양림로119번길 24,56221,커피 전문점,45961,45961,1,1,계속,계속,3894601176,38946011760,56221,커피 전문점
1055501,0,주식회사파인커뮤니케이션,61479,광주 동구 천변우로 363-10,71392,"광고물 문안, 도안, 설계 등 작성업",43102,43102,4,4,계속,계속,3898101046,38981010460,71392,"광고물 문안, 도안, 설계 등 작성업"
1055520,0,주식회사 집합도시,61401,광주 동구 무등로321번길  6-22,73201,인테리어 디자인업,43724,43724,1,1,계속,계속,3898101482,38981014820,73201,인테리어 디자인업
1055929,0,유한회사디바인,61489,광주 동구 양림로119번길 5,55102,여관업,44044,44044,3,3,계속,계속,3898701451,38987014510,55102,여관업
1055954,0,주식회사다올디자인,61421,광주 동구 독립로 338,46412,커튼 및 침구용품 도매업,44305,44305,1,1,계속,계속,3898701994,38987019940,46412,커튼 및 침구용품 도매업
1055955,1,(주)다올디자인,61400,광주 동구 독립로 388,,,44168,,1,0,일괄유기,,3898701994,38987019946,,
1056529,0,다옴손해사정,61413,광주 동구 중앙로290번길  16,66201,손해 사정업,45170,45170,4,4,계속,계속,3901102396,39011023960,66201,손해 사정업
1056589,1,지에스25계림금호점,61402,광주광역시 동구 중앙로 358,,,44470,,5,0,계속,,3901401651,39014016510,,
1057646,0,(주)한국유기농,61461,광주광역시 동구  증심천로 118,46325,커피 및 차류 도매업,43040,43040,7,6,계속,계속,3908700753,39087007530,46325,커피 및 차류 도매업
1058211,0,펩스교육,61514,광주 동구 남문로 341-1,85503,온라인 교육 학원,43647,43647,1,1,계속,계속,3910901306,39109013060,85503,온라인 교육 학원
1059415,0,다함기술산업(주),61478,광주 동구 천변우로 339,72919,"기타 기술 시험, 검사 및 분석업",44501,44501,15,14,계속,계속,3918702259,39187022590,72919,"기타 기술 시험, 검사 및 분석업"
1059416,0,다함기술산업(주),61478,광주 동구 천변우로 339,42202,건물용 기계장비 설치 공사업,45462,45462,1,1,일괄유기,일괄유기,3918702259,39187022596,42202,건물용 기계장비 설치 공사업
1059458,0,주식회사 일일구식자재마트,61508,광주광역시 동구 용산4길 5,47121,슈퍼마켓,45778,45778,9,9,계속,계속,3918703597,39187035970,47121,슈퍼마켓
1059871,0,태자한우 용산점,61508,광주광역시 동구 용산4길 5,47212,육류 소매업,45810,45810,1,1,계속,계속,3920703297,39207032970,47212,육류 소매업
1061171,0,주식회사아레아디자인,61422,광주광역시 동구 중흥로 238-1,41999,건설업본사,43739,43739,2,4,계속,계속,3928801323,39288013230,41999,건설업본사
1061172,0,주식회사아레아디자인,61422,광주 동구 중흥로  238-1,42412,"도배, 실내장식 및 내장 목공사업",43795,43795,8,6,일괄유기,일괄유기,3928801323,39288013236,42412,"도배, 실내장식 및 내장 목공사업"
1061485,0,우진태크,61436,광주광역시 동구  동계천로 150,26299,그 외 기타 전자부품 제조업,44060,44060,1,1,계속,계속,3930501532,39305015320,26299,그 외 기타 전자부품 제조업
1062119,0,블랑펫,61488,광주 동구 문화전당로35번길 39-1,47852,반려용동물 및 관련용품 소매업,43965,43965,1,1,계속,계속,3934900221,39349002210,47852,반려용동물 및 관련용품 소매업
1062164,0,투존치킨,61450,광주 동구 지호로 52,56162,치킨 전문점,43283,43283,0,0,계속,계속,3935400152,39354001520,56162,치킨 전문점
1062391,0,지효종합건설주식회사,61407,광주 동구 필문대로 147,41999,건설업본사,43731,43731,4,5,계속,계속,3938101614,39381016140,41999,건설업본사
1062392,0,지효종합건설주식회사,61407,광주 동구 필문대로 147,42499,그 외 기타 건축 마무리 공사업,43795,43795,8,6,일괄유기,일괄유기,3938101614,39381016146,42499,그 외 기타 건축 마무리 공사업
1063041,0,프랙탈,61427,광주 동구 제봉로200번길 1-7,90191,공연 기획업,43315,43315,0,0,계속,계속,3939300146,39393001460,90191,공연 기획업
1063510,0,미소방,61434,광주 동구 동계천로 151-9,56161,"피자, 햄버거, 샌드위치 및 유사 음식점업",44713,44713,1,1,계속,계속,3942101613,39421016130,56161,"피자, 햄버거, 샌드위치 및 유사 음식점업"
1063817,0,컴포즈커피학운평화점,61462,광주 동구 증심천로 23,56221,커피 전문점,45058,45058,2,2,계속,계속,3945000841,39450008410,56221,커피 전문점
1064094,0,주식회사 보종 글로벌 헬스케어,61447,광주 동구 지호로 179-16,71531,경영 컨설팅업,44068,44068,2,2,계속,계속,3948101238,39481012380,71531,경영 컨설팅업
1064298,0,주식회사숲더프리,61436,광주광역시 동구  동명로 8-9,2040,임업 관련 서비스업,42339,42339,4,2,계속,계속,3948600267,39486002670,2040,임업 관련 서비스업
1064359,0,주식회사 동명브로스,61468,광주 동구 서남로 14,47912,전자상거래 소매업,43770,43770,1,1,계속,계속,3948601683,39486016830,47912,전자상거래 소매업
1064449,0,유한회사 창무컴퍼니,61482,광주광역시 동구 금남로 236,71531,경영 컨설팅업,45762,45762,5,5,계속,계속,3948603890,39486038900,71531,경영 컨설팅업
1064820,0,유일푸드,61433,광주 동구 필문대로 190,46312,"채소류, 서류 및 향신작물류 도매업",44494,44494,1,1,계속,계속,3949301658,39493016580,46312,"채소류, 서류 및 향신작물류 도매업"
1064940,0,오늘애김밥 조선대점,61467,광주광역시 동구 필문대로 308,56191,김밥 및 기타 간이 음식점업,45948,45948,4,4,계속,계속,3950203705,39502037050,56191,김밥 및 기타 간이 음식점업
1065690,0,이화수전통육개장광주조선대점,61468,광주 동구 백서로 173,56111,한식 일반 음식점업,44470,44470,1,1,계속,계속,3956100684,39561006840,56111,한식 일반 음식점업
1066061,0,주식회사그린글로벌,61420,광주 동구 중흥로241번길 13-1,41999,건설업본사,42789,42789,1,1,계속,계속,3958600601,39586006010,41999,건설업본사
1066062,0,주식회사 그린글로벌,61420,광주 동구 중흥로241번길 13-1,42411,도장 공사업,43074,43074,1,1,일괄유기,일괄유기,3958600601,39586006016,42411,도장 공사업
1066681,0,로라보까롤러장,61483,광주 동구 중앙로160번길 13,91139,그 외 기타 스포츠시설 운영업,45200,45200,7,7,계속,계속,3960501792,39605017920,91139,그 외 기타 스포츠시설 운영업
1067136,0,피가로 동명점,61436,광주 동구 동계천로 122,56123,서양식 음식점업,43101,43101,8,8,계속,계속,3963100185,39631001850,56123,서양식 음식점업
1067713,0,(주)케어링 주간보호센터 광주 동구점,61474,광주광역시 동구 서석로 89,87111,노인 요양 복지시설 운영업,45597,45597,7,8,계속,계속,3968502681,39685026810,87111,노인 요양 복지시설 운영업
1068867,0,골드마젠(GOLDMAGEN),61483,광주 동구 충장로 68,33110,귀금속 및 관련제품 제조업,44504,44504,1,1,계속,계속,3973200981,39732009810,33110,귀금속 및 관련제품 제조업
1068946,0,에프엠 엔터테인먼트,61463,광주 동구 남문로 696,76210,스포츠 및 레크리에이션 용품 임대업,43497,43497,1,1,계속,계속,3974000502,39740005020,76210,스포츠 및 레크리에이션 용품 임대업
1069270,0,오픈랩주식회사,61483,광주광역시 동구  중앙로160번길 9-13,90199,그 외 기타 창작 및 예술관련 서비스업,42495,42495,3,3,계속,계속,3978100280,39781002800,90199,그 외 기타 창작 및 예술관련 서비스업
1069279,0,(주)광신커뮤니케이션,61488,광주 동구 백서로125번길 21-2,71392,"광고물 문안, 도안, 설계 등 작성업",42737,42737,1,1,계속,계속,3978100451,39781004510,71392,"광고물 문안, 도안, 설계 등 작성업"
1069763,0,뮤지엄오브그라피티아트 유한책임회사,61436,광주 동구 동계천로  150,70209,기타 인문 및 사회과학 연구개발업,45170,45170,1,1,계속,계속,3978702655,39787026550,70209,기타 인문 및 사회과학 연구개발업
1070142,0,미노루,61430,광주 동구 동명로25번길 7-2,56111,한식 일반 음식점업,44197,44197,1,1,계속,계속,3980601102,39806011020,56111,한식 일반 음식점업
1071160,0,한국기계설비관리(주),61406,광주 동구 무등로 463,72129,기타 엔지니어링 서비스업,45108,45108,3,3,계속,계속,3988103107,39881031070,72129,기타 엔지니어링 서비스업
1071557,0,농업회사법인프라임팜주식회사,61473,광주광역시 동구 중앙로 211,46312,"채소류, 서류 및 향신작물류 도매업",42856,42856,1,1,계속,계속,3988800579,39888005790,46312,"채소류, 서류 및 향신작물류 도매업"
1071686,0,고흥수산,61490,광주광역시 동구 양림로 120,46315,"신선, 냉동 및 기타 수산물 도매업",45383,45383,1,1,계속,계속,3989200130,39892001300,46315,"신선, 냉동 및 기타 수산물 도매업"
1071921,0,스타샷,61482,광주 동구 금남로 246,73301,인물사진 및 행사용 영상 촬영업,43191,43191,1,1,계속,계속,3990800809,39908008090,73301,인물사진 및 행사용 영상 촬영업
1072164,0,문광,61436,광주광역시 동구 장동로 23-43,56111,한식 일반 음식점업,45778,45778,1,1,계속,계속,3992002395,39920023950,56111,한식 일반 음식점업
1073212,0,유한회사리더스컴퍼니,61428,광주 동구 구성로 240,47312,통신기기 소매업,44287,44287,6,6,계속,계속,3998702141,39987021410,47312,통신기기 소매업
1076365,0,인산감정평가사사무소,61478,광주광역시 동구  천변우로 339,68223,부동산 감정평가업,44287,44287,1,1,계속,계속,4016000342,40160003420,68223,부동산 감정평가업
1076638,0,지산1동주민자치회,61445,광주 동구 지산로 57,94990,그 외 기타 협회 및 단체,44781,44781,1,1,계속,계속,4018018442,40180184420,94990,그 외 기타 협회 및 단체
1078165,0,주식회사 와이마트 산수그린점,61416,광주 동구 동계로 38,47121,슈퍼마켓,43586,43586,1,1,계속,계속,4018158422,40181584220,47121,슈퍼마켓
1078496,0,5 18 민주화운동부상자회,61479,광주광역시 동구 구성로152번길 6,14192,"근무복, 작업복 및 유사의복 제조업",44927,44927,18,18,계속,계속,4018211292,40182112920,14192,"근무복, 작업복 및 유사의복 제조업"
1078655,0,예술의거리상인회,61475,광주광역시 동구 예술길 24,94990,그 외 기타 협회 및 단체,45748,45748,1,1,계속,계속,4018277810,40182778100,94990,그 외 기타 협회 및 단체
1079098,0,주식회사 올리브온,61472,광주광역시 동구 금남로 193-12,73203,시각 디자인업,44900,44900,1,1,계속,계속,4018602578,40186025780,73203,시각 디자인업
1079279,0,주식회사 엠피뉴런,61469,광주 동구 백서로 160,58222,응용 소프트웨어 개발 및 공급업,45992,45992,1,1,계속,계속,4018703443,40187034430,58222,응용 소프트웨어 개발 및 공급업
1080713,0,올리브영조선대점,61449,광주광역시 동구 필문대로273번길10,47813,"화장품, 비누 및 방향제 소매업",40893,40893,7,7,계속,계속,4020834959,40208349590,47813,"화장품, 비누 및 방향제 소매업"
1083589,0,위메디컬,61495,광주광역시 동구 소태길 77,46441,의약품 도매업,45383,45383,1,1,계속,계속,4023553364,40235533640,46441,의약품 도매업
1083785,0,메가엠지씨커피 조선대공대점,61452,광주광역시 동구 조선대1길 8,56221,커피 전문점,45617,45617,7,7,계속,계속,4023864329,40238643290,56221,커피 전문점
1084020,0,나이키NC웨이브충장로점,61480,광주 동구 중앙로 163,47414,셔츠 및 블라우스 소매업,43535,43535,0,0,계속,계속,4024662613,40246626130,47414,셔츠 및 블라우스 소매업
1087892,0,아이꿈터,61502,광주 동구 지원로 26,87131,아동 및 부녀자 거주 복지시설 운영업,44378,44378,5,5,계속,계속,4028225576,40282255760,87131,아동 및 부녀자 거주 복지시설 운영업
1088457,0,한길세무법인 동광주지점,61479,광주 동구 천변우로 361-26,71202,세무사업,45505,45505,5,5,계속,계속,4028537976,40285379760,71202,세무사업
1089334,0,주식회사에스투와이,61486,광주광역시 동구  문화전당로26번길 2,46443,화장품 및 화장용품 도매업,43504,43504,1,1,계속,계속,4028801348,40288013480,46443,화장품 및 화장용품 도매업
1089464,0,남광주한의원,61454,광주 동구 남문로 774-1,86203,한의원,37073,37073,5,5,계속,계속,4029004862,40290048620,86203,한의원
1090769,0,광주보청기 난청이명센터,61486,광주 동구 제봉로 55,46592,의료기기 도매업,42948,42948,1,1,계속,계속,4030549736,40305497360,46592,의료기기 도매업
1091082,0,세계로약국,61427,광주 동구 제봉로 182,47811,의약품 및 의료용품 소매업,36892,36892,4,4,계속,계속,4030825375,40308253750,47811,의약품 및 의료용품 소매업
1091432,0,아리따움조선대점,61449,광주 동구 필문대로273번길 20,47813,"화장품, 비누 및 방향제 소매업",42917,42917,1,1,계속,계속,4031046863,40310468630,47813,"화장품, 비누 및 방향제 소매업"
1095784,0,헬시피플 주식회사,61474,광주광역시 동구 서석로85번길 8-12,41999,건설업본사,43313,43313,9,9,계속,계속,4038183586,40381835860,41999,건설업본사
1095785,0,헬시피플 주식회사,61474,광주 동구 서석로85번길  8-12,41112,아파트 건설업,44013,44013,8,54,일괄유기,일괄유기,4038183586,40381835866,41112,아파트 건설업
1095833,0,주식회사온디,61448,광주 동구 필문대로 253,58222,응용 소프트웨어 개발 및 공급업,44560,44560,7,6,계속,계속,4038184756,40381847560,58222,응용 소프트웨어 개발 및 공급업
1096199,0,사단법인김홍빈과희망만들기,61474,광주광역시 동구 서석로85번길 21,94990,그 외 기타 협회 및 단체,44564,44564,1,1,계속,계속,4038215203,40382152030,94990,그 외 기타 협회 및 단체
1096365,0,광주광역시청소년삶디자인센터,61483,광주 동구 중앙로160번길 31-37,85699,그 외 기타 분류 안된 교육기관,42552,42552,36,36,계속,계속,4038279906,40382799060,85699,그 외 기타 분류 안된 교육기관
1096947,0,동명푸른길협동조합,61430,광주 동구 동계로 15,33999,그 외 기타 달리 분류되지 않은 제품 제조업,43899,43899,1,1,계속,계속,4038701460,40387014600,33999,그 외 기타 달리 분류되지 않은 제품 제조업
1097736,0,에이스화훼유통,61430,광주 동구 동명동,46204,화훼류 및 식물 도매업,44412,44412,1,1,계속,계속,4039898812,40398988120,46204,화훼류 및 식물 도매업
1097841,0,세무사홍장표사무소,61473,광주광역시 동구  구성로204번길 2,71202,세무사업,39295,39295,5,5,계속,계속,4040188490,40401884900,71202,세무사업
1099191,0,기찻길옆 황제식당,61490,광주광역시 동구 제봉로17번길 13-32,56122,일식 음식점업,45796,45796,1,1,계속,계속,4041702590,40417025900,56122,일식 음식점업
1099472,0,효동,61443,광주 동구 밤실로30번길 4-3,47119,기타 대형 종합 소매업,42917,42917,3,3,계속,계속,4043600195,40436001950,47119,기타 대형 종합 소매업
1099523,0,컴포즈커피계림점,61417,광주광역시 동구 무등로384번길 29,56221,커피 전문점,45658,45658,2,2,계속,계속,4043907471,40439074710,56221,커피 전문점
1101729,0,두산위브더파크아파트입주자대표회의,61413,광주광역시 동구 중앙로290번길 16,68211,주거용 부동산 관리업,45597,45597,17,17,계속,계속,4048282710,40482827100,68211,주거용 부동산 관리업
1101981,0,(주)미담온 달달한온도,61405,광주 동구 필문대로106번길  8,56221,커피 전문점,44927,44927,1,1,계속,계속,4048511647,40485116470,56221,커피 전문점
1102055,0,(주)이상커뮤니케이션,61475,광주 동구 중앙로196번길 3,58190,기타 인쇄물 출판업,43580,43580,0,0,계속,계속,4048601409,40486014090,58190,기타 인쇄물 출판업
1102056,0,유한회사서브천변주유소,61484,광주광역시 동구 천변우로 403,47711,운송장비용 주유소 운영업,43573,43573,0,0,계속,계속,4048601452,40486014520,47711,운송장비용 주유소 운영업
1102153,0,유한회사 지엘어스,61419,광주 동구 무등로 304,46443,화장품 및 화장용품 도매업,45659,45659,1,1,계속,계속,4048603538,40486035380,46443,화장품 및 화장용품 도매업
1102510,0,원광한의원,61401,광주 동구 무등로321번길 20-11,86203,한의원,36708,36069,3,3,계속,계속,4049016796,40490167960,86203,한의원
1102865,0,성모마취통증의학과의원,61463,광주광역시 동구  남문로 692-1,86201,일반 의원,42066,42066,3,3,계속,계속,4049869907,40498699070,86201,일반 의원
1103242,0,디저트39 광주용산점,61508,광주 동구 용산3길 17,56221,커피 전문점,44621,44621,3,3,계속,계속,4050379760,40503797600,56221,커피 전문점
1103291,0,굿디자인,61480,광주 동구 구성로 162-1,33110,귀금속 및 관련제품 제조업,45328,45328,1,1,계속,계속,4050424898,40504248980,33110,귀금속 및 관련제품 제조업
1105544,0,광주광역시동구다함께돌봄센터(선교리포레),61512,광주광역시 동구  선교로 38-33,87299,그 외 기타 비거주 복지 서비스업,45292,45292,2,2,계속,계속,4058271953,40582719530,87299,그 외 기타 비거주 복지 서비스업
1105818,0,주식회사선진아이엔디,61430,광주 동구 동계로9번길 16-7,41999,건설업본사,44732,44732,2,2,계속,계속,4058602508,40586025080,41999,건설업본사
1105819,0,주식회사선진아이엔디,61430,광주 동구 동계로9번길 16-7,42412,"도배, 실내장식 및 내장 목공사업",45040,45040,2,2,일괄유기,일괄유기,4058602508,40586025086,42412,"도배, 실내장식 및 내장 목공사업"
1106598,0,롯데광주휴고보스,61470,광주 동구 독립로 268,47411,남자용 겉옷 소매업,44562,44562,1,1,계속,계속,4060393294,40603932940,47411,남자용 겉옷 소매업
1106673,0,달성약국,61468,광주 동구 백서로 147,47811,의약품 및 의료용품 소매업,42769,42769,5,5,계속,계속,4060464928,40604649280,47811,의약품 및 의료용품 소매업
1106675,0,SRSYSTEM,61452,광주광역시 동구  필문대로 309,47912,전자상거래 소매업,43322,43322,3,3,계속,계속,4060465344,40604653440,47912,전자상거래 소매업
1108401,0,주식회사하진디엔씨,61488,광주 동구 백서로 121-1,68121,주거용 건물 개발 및 공급업,44348,44348,1,1,계속,계속,4068601292,40686012920,68121,주거용 건물 개발 및 공급업
1108753,0,주식회사 유클리드,61436,광주광역시 동구 장동로 23-45,85501,일반 교과 학원,45444,45444,1,1,계속,계속,4068802790,40688027900,85501,일반 교과 학원
1109982,0,케이모바일,61401,광주 동구 무등로 309,47312,통신기기 소매업,43891,43891,1,1,계속,계속,4071162483,40711624830,47312,통신기기 소매업
1110155,0,팔레트,61484,광주광역시 동구 중앙로160번길 22,47412,여자용 겉옷 소매업,42826,42826,1,1,계속,계속,4071500262,40715002620,47412,여자용 겉옷 소매업
1110404,0,쿠키즈,61466,광주 동구 장동로 42,56221,커피 전문점,45744,45744,1,1,계속,계속,4072701809,40727018090,56221,커피 전문점
1110613,0,호텔여기어때충장로점,61484,광주 동구 서석로7번길 3,55102,여관업,42675,42675,3,3,계속,계속,4074600174,40746001740,55102,여관업
1110781,0,에스엠시스템공조,61419,광주광역시 동구 중흥로213번길 17,42202,건물용 기계장비 설치 공사업,45818,45818,4,4,일괄유기,일괄유기,4077700450,40777004506,42202,건물용 기계장비 설치 공사업
1111098,0,제이제이건설(주),61478,광주광역시 동구 천변우로 339,41999,건설업본사,36349,36242,30,33,계속,계속,4078106669,40781066690,41999,건설업본사
1111099,0,제이제이건설(주)/건설일괄,61478,광주 동구 천변우로  339,41121,사무상업용 및 공공기관용 건물 건설업,37987,37987,37,22,일괄유기,일괄유기,4078106669,40781066696,41121,사무상업용 및 공공기관용 건물 건설업
1113422,0,연합내과의원,61463,광주 동구 남문로 696,86201,일반 의원,40634,40634,8,8,계속,계속,4079018115,40790181150,86201,일반 의원
1113581,0,광주본원C&C(씨앤씨)미술학원,61482,광주광역시 동구 금남로 242-1,85622,미술학원,45992,45992,4,4,계속,계속,4079395054,40793950540,85622,미술학원
1113679,0,대일빌딩,61473,광주광역시 동구  중앙로 215,74100,사업시설 유지관리 서비스업,43191,43191,2,2,계속,계속,4080154857,40801548570,74100,사업시설 유지관리 서비스업
1113683,0,제일전기,61470,광주 동구 독립로264번길 25,47320,가전제품 소매업,36708,36069,1,1,계속,계속,4080165771,40801657710,47320,가전제품 소매업
1113685,0,화성전자,61470,광주 동구 독립로264번길 25,47591,전기용품 및 조명장치 소매업,36708,36708,1,1,계속,계속,4080172587,40801725870,47591,전기용품 및 조명장치 소매업
1113689,0,대산빌딩,61465,광주 동구 제봉로98번길 11-11,74100,사업시설 유지관리 서비스업,36892,36892,2,1,계속,계속,4080186946,40801869460,74100,사업시설 유지관리 서비스업
1113691,0,이미순부동산,61487,광주 동구 문화전당로35번길 15,68212,비주거용 부동산 관리업,43466,43466,1,1,계속,계속,4080189206,40801892060,68212,비주거용 부동산 관리업
1113694,0,곡협전남회관보존회,61473,광주 동구 구성로204번길 15-8,68112,비주거용 건물 임대업,36708,36069,1,1,계속,계속,4080196013,40801960130,68112,비주거용 건물 임대업
1113696,0,삼호회관,61470,광주 동구 독립로 276,68212,비주거용 부동산 관리업,36892,36892,1,1,계속,계속,4080198248,40801982480,68212,비주거용 부동산 관리업
1113699,0,덕성한지필방,61474,광주 동구 예술길 25,47612,문구용품 및 회화용품 소매업,40909,40909,1,1,계속,계속,4080212591,40802125910,47612,문구용품 및 회화용품 소매업
1113701,0,남동숯불갈비,61417,광주 동구 무등로384번길 5,56111,한식 일반 음식점업,39206,41091,4,4,계속,계속,4080220295,40802202950,56111,한식 일반 음식점업
1113702,0,스위스약국,61402,광주 동구 중앙로 358,47811,의약품 및 의료용품 소매업,36892,36892,1,1,계속,계속,4080220392,40802203920,47811,의약품 및 의료용품 소매업
1113704,0,장안인테리어,61500,광주 동구 학소로 75,42500,시설물 유지관리 공사업,44900,44900,1,1,일괄유기,일괄유기,4080222143,40802221436,42500,시설물 유지관리 공사업
1113707,0,승현인쇄,61487,광주 동구 백서로137번길 27,18111,경 인쇄업,39630,39630,0,0,계속,계속,4080224516,40802245160,18111,경 인쇄업
1113709,0,애니카랜드 학동점,61462,광주 동구 증심천로33번길 19-1,95213,자동차 세차업,36708,36281,2,2,계속,계속,4080225285,40802252850,95213,자동차 세차업
1113710,0,종합건축공사,61507,광주 동구 화산로 321,41129,기타 비주거용 건물 건설업,43523,43523,1,1,일괄유기,일괄유기,4080226697,40802266976,41129,기타 비주거용 건물 건설업
1113711,0,채명신헤어박스,61484,광주 동구 천변우로 405-8,96112,두발 미용업,40725,40725,5,5,계속,계속,4080228865,40802288650,96112,두발 미용업
1113717,0,오래디자인,61489,광주 동구 백서로 120-1,58113,일반 서적 출판업,38621,38621,1,1,계속,계속,4080235857,40802358570,58113,일반 서적 출판업
1113718,0,세진제책사,61487,광주 동구 백서로137번길 23,18122,제책업,39084,39084,1,1,계속,계속,4080238835,40802388350,18122,제책업
1113720,0,일등건설중기,61489,광주 동구 양림로119번길 7,42600,건설장비 운영업,40114,40114,2,2,계속,계속,4080240326,40802403260,42600,건설장비 운영업
1113722,0,카라 남녀 가발핀악세사리,61485,광주 동구 서석로 지하 56,47422,의복 액세서리 및 모조 장신구 소매업,45572,45572,1,1,계속,계속,4080242038,40802420380,47422,의복 액세서리 및 모조 장신구 소매업
1113725,0,소리유통,61433,광주 동구 필문대로218번길 2-2,46329,기타 가공식품 도매업,40969,40969,1,1,계속,계속,4080243852,40802438520,46329,기타 가공식품 도매업
1113727,0,명지원,61423,광주 동구 구성로 252,56111,한식 일반 음식점업,37408,37408,1,1,계속,계속,4080245831,40802458310,56111,한식 일반 음식점업
1113737,0,삼화문화사,61465,광주 동구 제봉로98번길 6,18111,경 인쇄업,36708,36069,0,0,계속,계속,4080249725,40802497250,18111,경 인쇄업
1113739,0,삼성코팅,61488,광주 동구 백서로125번길 13,18129,기타 인쇄관련 산업,39448,39448,1,1,계속,계속,4080252031,40802520310,18129,기타 인쇄관련 산업
1113743,0,소문난쭈꾸미,61487,광주광역시 동구 문화전당로35번길 7-1,56219,기타 주점업,45292,45292,1,1,계속,계속,4080253326,40802533260,56219,기타 주점업
1113748,0,아리랑주단,61481,광주 동구 충장로 51-1,14130,한복 제조업,42917,42917,0,0,계속,계속,4080258224,40802582240,14130,한복 제조업
1113749,0,광명당약국,61413,광주광역시 동구 중앙로276,47811,의약품 및 의료용품 소매업,41907,41907,0,0,계속,계속,4080258452,40802584520,47811,의약품 및 의료용품 소매업
1113754,0,두산인쇄,61488,광주 동구 백서로125번길 21,18111,경 인쇄업,37379,37379,1,1,계속,계속,4080264027,40802640270,18111,경 인쇄업
1113764,0,한성회관,61481,광주 동구 충장로 45-22,56122,일식 음식점업,36708,36069,0,0,계속,계속,4080274511,40802745110,56122,일식 음식점업
1113766,0,광주피부관리 에스코테라피,61482,광주 동구 충장로  101-3,96113,피부 미용업,44622,44622,2,2,계속,계속,4080275432,40802754320,96113,피부 미용업
1113767,0,광주 메디텍,61468,광주 동구 백서로 180-2,46593,정밀기기 및 과학기기 도매업,37622,37622,0,0,계속,계속,4080275859,40802758590,46593,정밀기기 및 과학기기 도매업
1113772,0,파랑문구,61476,광주 동구 금남로 164,47612,문구용품 및 회화용품 소매업,36708,36342,0,0,계속,계속,4080278138,40802781380,47612,문구용품 및 회화용품 소매업
1113778,0,우제길아트,61494,광주 동구 의재로 140-6,14499,그 외 기타 의복액세서리 제조업,43102,43102,1,0,계속,계속,4080280518,40802805180,14499,그 외 기타 의복액세서리 제조업
1113783,0,황선웅(계림),61402,광주광역시 동구 필문대로 12-7,68112,비주거용 건물 임대업,43891,43891,1,1,계속,계속,4080283266,40802832660,68112,비주거용 건물 임대업
1113784,0,기현문화사,61468,광주 동구 백서로153번길 11,18111,경 인쇄업,36708,36220,3,3,계속,계속,4080285056,40802850560,18111,경 인쇄업
1113785,0,글동네,61487,광주 동구 문화전당로23번길 6-8,18122,제책업,44531,44531,1,1,계속,계속,4080285395,40802853950,18122,제책업
1113786,0,삼광필름,61493,광주 동구 성촌길 13,91299,그 외 기타 분류 안된 오락관련 서비스업,40028,40028,2,2,계속,계속,4080285454,40802854540,91299,그 외 기타 분류 안된 오락관련 서비스업
1113787,0,학동떡집,61456,광주 동구 학동길 46-1,10601,떡류 제조업,42401,43138,1,1,계속,계속,4080287603,40802876030,10601,떡류 제조업
1113789,0,남도약국,61489,광주 동구 제봉로 19,47811,의약품 및 의료용품 소매업,36708,36529,1,1,계속,계속,4080288349,40802883490,47811,의약품 및 의료용품 소매업
1113792,0,신락원,61460,광주 동구 의재로 71,56121,중식 음식점업,37987,37987,13,8,계속,계속,4080294249,40802942490,56121,중식 음식점업
1113800,0,S모텔,61489,광주 동구 양림로115번길 17,55102,여관업,39149,39149,1,1,계속,계속,4080297722,40802977220,55102,여관업
1113803,0,대명의료기,61487,광주 동구 문화전당로 13-1,47812,의료용 기구 소매업,42186,42186,1,1,계속,계속,4080298696,40802986960,47812,의료용 기구 소매업
1113805,0,뚱우리분식,61474,광주 동구 예술길 31-15,56111,한식 일반 음식점업,39015,39015,1,1,계속,계속,4080316347,40803163470,56111,한식 일반 음식점업
1113810,0,명인인쇄광고,61486,광주 동구 문화전당로16번길 1,46453,"서적, 잡지 및 기타 인쇄물 도매업",37257,36069,1,1,계속,계속,4080322330,40803223300,46453,"서적, 잡지 및 기타 인쇄물 도매업"
1113815,0,양윤권세무사무소,61473,광주 동구 구성로204번길 6,71202,세무사업,33606,35855,2,2,계속,계속,4080328085,40803280850,71202,세무사업
1113816,0,법무사심재경사무소,61441,광주 동구 지산로 74-8,71103,법무사업,36708,36069,2,2,계속,계속,4080328504,40803285040,71103,법무사업
1113817,0,변호사이건영법률사무소,61445,광주 동구 동명로110번길 11,71101,변호사업,36708,36069,2,2,계속,계속,4080328523,40803285230,71101,변호사업
1113818,0,법무사 이남주사무소,61445,광주 동구 동명로 114-2,71103,법무사업,36708,36069,3,3,계속,계속,4080328576,40803285760,71103,법무사업
1113819,0,변호사이근우법률사무소,61441,광주 동구 준법로 7-1,71101,변호사업,36708,36069,1,1,계속,계속,4080328668,40803286680,71101,변호사업
1113821,0,세무사이정만사무소,61480,광주 동구 구성로 162-1,71202,세무사업,36678,36069,3,3,계속,계속,4080328843,40803288430,71202,세무사업
1113823,0,세무사최기종사무소,61479,광주 동구 천변우로 361-24,71202,세무사업,35065,35855,3,3,계속,계속,4080328974,40803289740,71202,세무사업
1113824,0,빛고을세무회계,61473,광주광역시 동구  구성로204번길 6,71202,세무사업,35631,35855,1,1,계속,계속,4080329013,40803290130,71202,세무사업
1113825,0,이종석세무회계사무소,61479,광주 동구 중앙로 149-2,71202,세무사업,36526,36069,4,4,계속,계속,4080329051,40803290510,71202,세무사업
1113826,0,서기열세무사무소,61472,광주 동구 금남로 181,71202,세무사업,33428,35796,6,6,계속,계속,4080329293,40803292930,71202,세무사업
1113827,0,변호사 조운식 법률사무소,61441,광주 동구 지산로78번길 1,71101,변호사업,36301,36069,2,2,계속,계속,4080329352,40803293520,71101,변호사업
1113828,0,배세환세무회계사무소,61473,광주 동구 구성로204번길 6,71201,공인회계사업,33420,35855,5,5,계속,계속,4080329366,40803293660,71201,공인회계사업
1113829,0,김준기법무사사무소,61445,광주광역시 동구  동명로 110,71103,법무사업,36708,36069,1,2,계속,계속,4080329459,40803294590,71103,법무사업
1113830,0,법무사정흔연사무소,61441,광주 동구 준법로 5,71103,법무사업,36708,36069,3,3,계속,계속,4080330602,40803306020,71103,법무사업
1113831,0,변호사 국중돈·국현아 법률사무소,61441,광주 동구 지산로78번길 1,71103,법무사업,36708,36069,1,1,계속,계속,4080330640,40803306400,71103,법무사업
1113833,0,세무사 심만구 사무소,61479,광주 동구 중앙로 151,71202,세무사업,36708,36069,5,5,계속,계속,4080330693,40803306930,71202,세무사업
1113836,0,법무사 광주합동사무소,61440,광주 동구 동명로 105,71103,법무사업,36708,36069,2,2,계속,계속,4080331009,40803310090,71103,법무사업
1113837,0,변호사공재원법률사무소,61440,광주 동구 동명로 95,71101,변호사업,34608,35855,5,5,계속,계속,4080331348,40803313480,71101,변호사업
1113838,0,법무사 신권채 사무소,61441,광주 동구 지산로78번길 3-1,71103,법무사업,36708,36069,1,1,계속,계속,4080331483,40803314830,71103,법무사업
1113839,0,박광복세무회계사무소,61472,광주 동구 금남로 181,71202,세무사업,35431,35855,3,3,계속,계속,4080331498,40803314980,71202,세무사업
1113842,0,법무사 유형용사무소,61441,광주 동구 지산로 82-1,71103,법무사업,36708,36069,4,4,계속,계속,4080331858,40803318580,71103,법무사업
1113844,0,필건축사사무소,61503,광주 동구 소태길3번길  35-7,72111,건축설계 및 관련 서비스업,36708,36069,1,1,계속,계속,4080332288,40803322880,72111,건축설계 및 관련 서비스업
1113845,0,변호사 박석순법률사무소,61440,광주 동구 동명로 115,71101,변호사업,36708,36069,3,3,계속,계속,4080332366,40803323660,71101,변호사업
1113847,0,법무사박용석사무소,61441,광주 동구 지산로 88-1,71103,법무사업,36708,36069,4,4,계속,계속,4080332686,40803326860,71103,법무사업
1113848,0,케이디ENG건축사사무소,61435,광주 동구 필문대로 238-9,72111,건축설계 및 관련 서비스업,39923,39923,0,0,계속,계속,4080332968,40803329680,72111,건축설계 및 관련 서비스업
1113851,0,이정우.이영배 세무회계사무소,61479,광주 동구 중앙로 151,71202,세무사업,34702,35855,3,3,계속,계속,4080333462,40803334620,71202,세무사업
1113854,0,나봉수법률사무소,61441,광주 동구 지산로 72,71101,변호사업,36708,36069,2,2,계속,계속,4080334200,40803342000,71101,변호사업
1113858,0,법무사 여상준 사무소,61445,광주 동구  지산로 65,71101,변호사업,36708,36069,3,3,계속,계속,4080334573,40803345730,71101,변호사업
1113859,0,박찬홍법무사사무소,61440,광주광역시 동구 동명로 105,71103,법무사업,36708,36069,2,2,계속,계속,4080334705,40803347050,71103,법무사업
1113860,0,정연길법무사사무소,61441,광주 동구 준법로 7-7,71103,법무사업,36708,36069,4,4,계속,계속,4080334724,40803347240,71103,법무사업
1113861,0,강창원법률사무소,61441,광주 동구 지산로 74-4,71101,변호사업,35855,35855,3,3,계속,계속,4080334777,40803347770,71101,변호사업
1113862,0,변호사 강행옥 법률사무소,61441,광주 동구 지산로78번길 3,71103,법무사업,36708,36069,2,2,계속,계속,4080335140,40803351400,71103,법무사업
1113865,0,법무사 서장원 사무소,61441,광주 동구 지산로78번길 3,71103,법무사업,36708,36069,4,4,계속,계속,4080335548,40803355480,71103,법무사업
1113866,0,법무사위승환사무소,61444,광주 동구 준법로 28,71103,법무사업,36708,36096,3,3,계속,계속,4080336101,40803361010,71103,법무사업
1113870,0,노강규 법률사무소,61440,광주 동구 동명로 115,71101,변호사업,36708,36069,2,2,계속,계속,4080338394,40803383940,71101,변호사업
1113871,0,천지합동법률사무소,61445,광주 동구 지산로63번길 3,71101,변호사업,36180,36175,7,7,계속,계속,4080338472,40803384720,71101,변호사업
1113874,0,현대학동판매대리점,61502,광주 동구 남문로 576,45110,자동차 신품 판매업,36708,36221,2,2,계속,계속,4080340736,40803407360,45110,자동차 신품 판매업
1113883,0,법무사박남승사무소,61441,광주광역시 동구 지산로 88,71103,법무사업,36708,36243,1,1,계속,계속,4080343164,40803431640,71103,법무사업
1113887,0,법무사안병훈사무소,61444,광주광역시 동구  준법로 32-1,71103,법무사업,36708,36283,1,1,계속,계속,4080344784,40803447840,71103,법무사업
1113888,0,법무사최재혁사무소,61440,광주 동구 필문대로 213-1,71103,법무사업,36708,36227,2,2,계속,계속,4080345110,40803451100,71103,법무사업
1113894,0,한출판,61487,광주 동구 문화전당로35번길 5-7,58113,일반 서적 출판업,42513,42513,1,1,계속,계속,4080351363,40803513630,58113,일반 서적 출판업
1113896,0,오렌지힐,61449,광주 동구 필문대로287번길 15-12,56111,한식 일반 음식점업,44964,44964,1,1,계속,계속,4080353677,40803536770,56111,한식 일반 음식점업
1113898,0,우리컴,61462,광주 동구 의재로 50-1,46510,"컴퓨터 및 주변장치, 소프트웨어 도매업",41944,41944,0,0,계속,계속,4080357203,40803572030,46510,"컴퓨터 및 주변장치, 소프트웨어 도매업"
1113901,0,법무사유인재사무소,61445,광주 동구 지산로 65,71103,법무사업,36708,36319,2,2,계속,계속,4080357877,40803578770,71103,법무사업
1113902,0,법률사무소 한우리,61441,광주 동구 준법로25번길 10,71101,변호사업,38169,38169,3,3,계속,계속,4080358143,40803581430,71101,변호사업
1113903,0,변호사이기연법률사무소,61445,광주광역시 동구  지산로63번길 2,71101,변호사업,36708,36312,1,1,계속,계속,4080358600,40803586000,71101,변호사업
1113906,0,광양숯불구이지산점,61445,광주 동구 필문대로 229,56111,한식 일반 음식점업,40331,40331,7,7,계속,계속,4080362574,40803625740,56111,한식 일반 음식점업
1113912,0,맛삼,61484,광주광역시 동구 서석로7번길6-46,56111,한식 일반 음식점업,41214,41214,8,8,계속,계속,4080368087,40803680870,56111,한식 일반 음식점업
1113916,0,법무사 주명천사무소,61433,광주 동구 필문대로 212-1,71103,법무사업,41446,41446,2,2,계속,계속,4080370579,40803705790,71103,법무사업
1113917,0,충장유통,61474,광주 동구 서석로85번길 1,46800,상품 종합 도매업,40094,40094,2,2,계속,계속,4080370996,40803709960,46800,상품 종합 도매업
1113921,0,Rosemary（로즈마리）,61483,광주광역시 동구 충장로102-9,47411,남자용 겉옷 소매업,41030,41030,1,1,계속,계속,4080373047,40803730470,47411,남자용 겉옷 소매업
1113939,0,준어패럴,61476,광주 동구 금남로 162-10,47411,남자용 겉옷 소매업,39569,39569,1,1,계속,계속,4080388540,40803885400,47411,남자용 겉옷 소매업
1113940,0,박순자손수제비녹두집,61473,광주 동구 구성로194번길 27,56111,한식 일반 음식점업,36708,36069,8,8,계속,계속,4080388915,40803889150,56111,한식 일반 음식점업
1113941,0,OHOO,61485,광주 동구 서석로 지하 56,47419,기타 의복 소매업,41183,41183,0,0,계속,계속,4080388953,40803889530,47419,기타 의복 소매업
1113955,0,제일중화요리,61481,광주 동구 구성로 174,56121,중식 음식점업,40193,41728,8,5,계속,계속,4080423942,40804239420,56121,중식 음식점업
1113958,0,한일산업,61494,광주 동구 동산길 18,46613,유리 및 창호 도매업,38314,38314,8,8,계속,계속,4080425635,40804256350,46613,유리 및 창호 도매업
1113960,0,변호사차현국법률사무소,61445,광주 동구 지산로63번길 3,71101,변호사업,36563,36528,1,1,계속,계속,4080426406,40804264060,71101,변호사업
1113972,0,한빛인쇄사,61487,광주 동구 문화전당로 15,18111,경 인쇄업,36708,36545,2,2,계속,계속,4080433095,40804330950,18111,경 인쇄업
1113974,0,법률사무소공명,61441,광주 동구 지산로78번길 1,71101,변호사업,36557,36557,2,2,계속,계속,4080434997,40804349970,71101,변호사업
1113977,0,변호사김장생법률사무소  지산동,61445,광주 동구 지산로 75,71101,변호사업,36568,36558,2,2,계속,계속,4080438182,40804381820,71101,변호사업
1113985,0,보이네아이샵안경,61465,광주광역시 동구 제봉로102,47822,안경 및 렌즈 소매업,40933,40933,0,0,계속,계속,4080443410,40804434100,47822,안경 및 렌즈 소매업
1113988,0,사진공방끼,61434,광주 동구 동계천로 163-3,85629,기타 예술학원,44075,44075,1,1,계속,계속,4080445572,40804455720,85629,기타 예술학원
1113990,0,법무사박종효사무소,61445,광주 동구 동명로98번길 1,71103,법무사업,36708,36630,1,1,계속,계속,4080447089,40804470890,71103,법무사업
1113995,0,좋은디자인,61511,광주광역시 동구 녹동길 88,73202,제품 디자인업,39332,39332,1,1,계속,계속,4080452393,40804523930,73202,제품 디자인업
1113997,0,도이터무등산점,61493,광주광역시 동구 증심사길30번길10-1,47419,기타 의복 소매업,41944,41944,1,1,계속,계속,4080452864,40804528640,47419,기타 의복 소매업
1114004,0,네일나라,61488,광주 동구 백서로125번길 3,46443,화장품 및 화장용품 도매업,44013,44013,1,1,계속,계속,4080457855,40804578550,46443,화장품 및 화장용품 도매업
1114005,0,디자인블루아이,61479,광주광역시 동구  천변우로 363-10,18111,경 인쇄업,40544,40544,1,1,계속,계속,4080458096,40804580960,18111,경 인쇄업
1114007,0,사카나,61463,광주 동구 남문로 690,56199,간이음식 포장 판매 전문점,40495,40495,1,1,계속,계속,4080459682,40804596820,56199,간이음식 포장 판매 전문점
1114011,1,백제유리,61405,광주 동구 필문대로 155-1,,,45721,,1,0,일괄유기,,4080463134,40804631346,,
1114034,0,일등건설중기,61489,광주 동구 양림로119번길 7,42600,건설장비 운영업,39882,39882,3,3,계속,계속,4080479602,40804796020,42600,건설장비 운영업
1114035,0,운정빌딩,61463,광주 동구 남문로 678,74211,건축물 일반 청소업,43712,43712,1,1,계속,계속,4080479771,40804797710,74211,건축물 일반 청소업
1114040,0,매쌩,61506,광주광역시 동구  천변좌로 606,33999,그 외 기타 달리 분류되지 않은 제품 제조업,43276,43276,1,1,계속,계속,4080481656,40804816560,33999,그 외 기타 달리 분류되지 않은 제품 제조업
1114043,0,신용상사,61470,광주광역시 동구 독립로264번길 25,47320,가전제품 소매업,36892,36892,1,1,계속,계속,4080483426,40804834260,47320,가전제품 소매업
1114051,0,만카종합카써비스,61509,광주광역시 동구 화산로 346,95212,자동차 전문 수리업,45748,45748,1,1,계속,계속,4080531401,40805314010,95212,자동차 전문 수리업
1114053,0,에이원골프클럽,61460,광주 동구 의재로33번길 38,91139,그 외 기타 스포츠시설 운영업,37361,37361,1,1,계속,계속,4080534072,40805340720,91139,그 외 기타 스포츠시설 운영업
1114056,0,비타민,61483,광주 동구 충장로안길 16-1,47411,남자용 겉옷 소매업,39083,39083,3,3,계속,계속,4080535746,40805357460,47411,남자용 겉옷 소매업
1114058,0,유리약국,61486,광주 동구 제봉로 57,47811,의약품 및 의료용품 소매업,36831,36831,0,0,계속,계속,4080536518,40805365180,47811,의약품 및 의료용품 소매업
1114064,0,성민부동산,61432,광주 동구 동명로 55,68112,비주거용 건물 임대업,43770,43770,1,1,계속,계속,4080540180,40805401800,68112,비주거용 건물 임대업
1114074,0,변호사신광식법률사무소,61445,광주 동구 지산로 63,71103,법무사업,36865,36865,2,2,계속,계속,4080548144,40805481440,71103,법무사업
1114076,0,푸른약국,61498,광주 동구 남문로 638-3,47811,의약품 및 의료용품 소매업,36858,36858,3,3,계속,계속,4080548218,40805482180,47811,의약품 및 의료용품 소매업
1114078,0,스피드익스프레스,61429,광주 동구 중앙로 242-1,52941,항공 및 육상 화물 취급업,38869,38869,0,0,계속,계속,4080551125,40805511250,52941,항공 및 육상 화물 취급업
1114080,0,동보성,61476,광주 동구 금남로 164-4,56121,중식 음식점업,38869,38869,1,1,계속,계속,4080554078,40805540780,56121,중식 음식점업
1114084,0,대광건재,61429,광주 동구 동계천로95번길 27-27,46699,그 외 기타 건축자재 도매업,36892,36892,1,1,계속,계속,4080562700,40805627000,46699,그 외 기타 건축자재 도매업
1114085,0,88종합공사,61445,광주 동구 지호로 7,33910,간판 및 광고물 제조업,36708,36069,3,3,계속,계속,4080570215,40805702150,33910,간판 및 광고물 제조업
1114086,0,넥스트디자인,61488,광주 동구 백서로125번길 11,18122,제책업,36708,36281,1,1,계속,계속,4080570549,40805705490,18122,제책업
1114087,0,지성지앤비,61487,광주 동구 문화전당로23번길 5-20,18119,기타 인쇄업,37257,37257,1,1,계속,계속,4080572299,40805722990,18119,기타 인쇄업
1114089,0,유림약국,61406,광주 동구 필문대로 170-1,47811,의약품 및 의료용품 소매업,36995,36995,2,2,계속,계속,4080575879,40805758790,47811,의약품 및 의료용품 소매업
1114092,0,건강샘약국,61470,광주 동구 제봉로 207,47811,의약품 및 의료용품 소매업,39539,39539,1,1,계속,계속,4080578032,40805780320,47811,의약품 및 의료용품 소매업
1114099,0,법무사나광수사무소,61445,광주 동구 동명로 110,71103,법무사업,36967,36964,1,1,계속,계속,4080584951,40805849510,71103,법무사업
1114100,0,새중앙세무사무소,61472,광주광역시 동구  금남로 203,71202,세무사업,33970,35796,4,4,계속,계속,4080585213,40805852130,71202,세무사업
1114101,0,법무사이영욱사무소,61440,광주 동구 동명로 105,71103,법무사업,37004,37004,2,2,계속,계속,4080585867,40805858670,71103,법무사업
1114102,0,건축사사무소 해성에이앤시,61430,광주 동구 동명로 25,72111,건축설계 및 관련 서비스업,37001,37001,2,2,계속,계속,4080586788,40805867880,72111,건축설계 및 관련 서비스업
1114104,0,즐거운약국,61463,광주 동구 남문로 694,47811,의약품 및 의료용품 소매업,36969,36969,1,1,계속,계속,4080589067,40805890670,47811,의약품 및 의료용품 소매업
1114120,0,광복회관,61422,광주광역시 동구 구성로271,68212,비주거용 부동산 관리업,41945,41945,1,1,계속,계속,4080674601,40806746010,68212,비주거용 부동산 관리업
1114127,0,금수장호텔,61401,광주 동구 무등로321번길 2,55101,호텔업,29714,34881,2,2,계속,계속,4080690839,40806908390,55101,호텔업
1114140,0,법무사정종태사무소,61441,광주 동구 지산로78번길 13,71103,법무사업,37056,37056,2,2,계속,계속,4080744759,40807447590,71103,법무사업
1114146,0,대일,61420,광주 동구 중흥로 245,46499,그 외 기타 생활용품 도매업,43983,43983,1,1,계속,계속,4080765808,40807658080,46499,그 외 기타 생활용품 도매업
1114148,0,정성어패럴,61428,광주 동구 구성로 242,14192,"근무복, 작업복 및 유사의복 제조업",42583,42583,2,2,계속,계속,4080771052,40807710520,14192,"근무복, 작업복 및 유사의복 제조업"
1114152,0,Style 21번가,61483,광주 동구 중앙로160번길 15-4,47419,기타 의복 소매업,41211,41211,3,3,계속,계속,4080775418,40807754180,47419,기타 의복 소매업
1114155,0,내가본미용실,61413,광주 동구 계림로 5-1,96119,기타 미용업,36708,36069,2,2,계속,계속,4080776154,40807761540,96119,기타 미용업
1114159,0,손금선애견세상,61479,광주 동구 중앙로 143,47852,반려용동물 및 관련용품 소매업,42998,42998,0,0,계속,계속,4080779092,40807790920,47852,반려용동물 및 관련용품 소매업
1114160,0,발해그래픽스,61430,광주광역시 동구  동명로25번길 13-2,73203,시각 디자인업,40596,40596,7,7,계속,계속,4080781225,40807812250,73203,시각 디자인업
1114161,0,대우회관,61463,광주 동구 의재로26번길 3,56111,한식 일반 음식점업,37257,37257,2,2,계속,계속,4080781389,40807813890,56111,한식 일반 음식점업
1114164,0,애견가족,61488,광주 동구 문화전당로35번길 40-1,96995,반려동물장묘 및 보호 서비스업,42339,42339,1,1,계속,계속,4080782530,40807825300,96995,반려동물장묘 및 보호 서비스업
1114169,0,태화광주대리점,61421,광주 동구 경양로 227-1,47430,신발 소매업,36708,36069,1,1,계속,계속,4080791290,40807912900,47430,신발 소매업
1114170,0,쌍광사진관,61428,광주 동구 경양로 282-1,73301,인물사진 및 행사용 영상 촬영업,36434,36069,1,1,계속,계속,4080791311,40807913110,73301,인물사진 및 행사용 영상 촬영업
1114171,0,무진주디자인연구소,61434,광주광역시 동구  동명로14번길 44,71310,광고 대행업,37879,37879,4,4,계속,계속,4080794846,40807948460,71310,광고 대행업
1114174,0,금일설비,61407,광주 동구 필문대로137번길 3-1,46621,배관 및 냉ㆍ난방장치 도매업,45078,45078,1,1,계속,계속,4080840158,40808401580,46621,배관 및 냉ㆍ난방장치 도매업
1114175,1,동산샤시건업,61415,광주광역시 동구 경양로 309-1,,,45677,,1,0,일괄유기,,4080840385,40808403856,,
1114177,0,장원회관,61437,광주 동구 밤실로 91-1,56129,기타 외국식 음식점업,39356,39356,1,1,계속,계속,4080842869,40808428690,56129,기타 외국식 음식점업
1114180,0,구수숯불갈비,61437,광주 동구 필문대로191번길 15-10,56111,한식 일반 음식점업,36708,36530,2,2,계속,계속,4080849523,40808495230,56111,한식 일반 음식점업
1114181,0,김명희부동산,61411,광주광역시 동구  무등로 483-3,68212,비주거용 부동산 관리업,36892,36892,1,1,계속,계속,4080849902,40808499020,68212,비주거용 부동산 관리업
1114182,0,진재량부동산,61411,광주 동구 무등로 479,68221,부동산 중개 및 대리업,39448,39448,0,0,계속,계속,4080849917,40808499170,68221,부동산 중개 및 대리업
1114185,0,모던공사,61430,광주 동구 동계로15번길  17,42131,철골 및 관련 구조물 공사업,45572,45572,1,1,일괄유기,일괄유기,4080855030,40808550306,42131,철골 및 관련 구조물 공사업
1114187,0,푸른안과,61468,광주 동구 제봉로 64,86201,일반 의원,37347,37347,15,15,계속,계속,4080856932,40808569320,86201,일반 의원
1114189,0,세종메디컬,61488,광주 동구 천변우로 453,68119,기타 부동산 임대업,45200,45200,1,1,계속,계속,4080858226,40808582260,68119,기타 부동산 임대업
1114195,0,경원빌딩,61406,광주 동구 필문대로 136,68112,비주거용 건물 임대업,44000,44000,1,1,계속,계속,4080864301,40808643010,68112,비주거용 건물 임대업
1114196,0,덕영OA상사,61418,광주 동구  경양로 377,47311,"컴퓨터 및 주변장치, 소프트웨어 소매업",36708,36069,2,2,계속,계속,4080865203,40808652030,47311,"컴퓨터 및 주변장치, 소프트웨어 소매업"
1114199,0,산수점현대자동차,61405,광주 동구 필문대로 112,95213,자동차 세차업,36708,36069,4,4,계속,계속,4080868331,40808683310,95213,자동차 세차업
1114202,0,원일인쇄,61487,광주 동구 백서로137번길 30-1,18119,기타 인쇄업,37258,37258,1,1,계속,계속,4080875939,40808759390,18119,기타 인쇄업
1114207,0,금강해물탕,61479,광주 동구 중앙로 149-6,56111,한식 일반 음식점업,38292,38292,1,1,계속,계속,4080881289,40808812890,56111,한식 일반 음식점업
1114208,0,삼원,61480,광주 동구 구성로152번길 15,56111,한식 일반 음식점업,37257,37257,1,1,계속,계속,4080882105,40808821050,56111,한식 일반 음식점업
1114209,0,붕붕자동차공업사,61445,광주광역시 동구 필문대로239,95212,자동차 전문 수리업,41984,41984,2,2,계속,계속,4080884272,40808842720,95212,자동차 전문 수리업
1114214,0,절라도땅,61471,광주 동구 금남로 161-12,56111,한식 일반 음식점업,39234,39234,1,1,계속,계속,4080889923,40808899230,56111,한식 일반 음식점업
1114222,0,미래기업,61460,광주 동구 의재로 77,68119,기타 부동산 임대업,40360,40360,1,1,계속,계속,4080896045,40808960450,68119,기타 부동산 임대업
1114225,0,대한해동검도,61420,광주 동구 무등로 338,85612,기타 스포츠 교육기관,44378,44378,1,1,계속,계속,4080897248,40808972480,85612,기타 스포츠 교육기관
1114232,0,근영미디어,61487,광주 동구 문화전당로 15,18111,경 인쇄업,39279,39279,1,1,계속,계속,4080899227,40808992270,18111,경 인쇄업
1114233,0,화롯불,61468,광주 동구 백서로 168,56111,한식 일반 음식점업,38562,38562,4,4,계속,계속,4080899514,40808995140,56111,한식 일반 음식점업
1114234,0,세진포토,61413,광주 동구 중앙로272번길 1,73301,인물사진 및 행사용 영상 촬영업,44470,44470,1,1,계속,계속,4080899983,40808999830,73301,인물사진 및 행사용 영상 촬영업
1114235,0,변호사하승완법률사무소,61445,광주 동구 동명로 110,71101,변호사업,40604,40604,1,1,계속,계속,4080931622,40809316220,71101,변호사업
1114243,0,국제전자,61470,광주 동구 독립로264번길 25,46521,가전제품 및 부품 도매업,37622,37622,1,1,계속,계속,4080947459,40809474590,46521,가전제품 및 부품 도매업
1114248,0,홈마트,61449,광주 동구 필문대로287번길 24,47121,슈퍼마켓,43983,43983,1,1,계속,계속,4080952097,40809520970,47121,슈퍼마켓
1114251,0,리얼메디칼,61418,광주 동구 무등로 458-1,47812,의료용 기구 소매업,38939,38939,1,1,계속,계속,4080955740,40809557400,47812,의료용 기구 소매업
1114255,0,광주금호실업,61418,광주광역시 동구  경양로379번길 6,74211,건축물 일반 청소업,38261,38261,0,0,일괄계속,계속,4080962921,40809629210,74211,건축물 일반 청소업
1114256,0,아이디어안경콘택트,61402,광주 동구 중앙로 358,47822,안경 및 렌즈 소매업,41061,41061,1,1,계속,계속,4080964730,40809647300,47822,안경 및 렌즈 소매업
1114263,0,새영빌딩,61483,광주 동구 충장로안길 14,68112,비주거용 건물 임대업,37622,37622,1,1,계속,계속,4080972190,40809721900,68112,비주거용 건물 임대업
1114264,0,대한인쇄,61488,광주 동구 백서로 121-1,18111,경 인쇄업,37987,37987,2,2,계속,계속,4080973530,40809735300,18111,경 인쇄업
1114266,0,성인주차장,61472,광주 동구 금남로 189-2,52915,주차장 운영업,42005,42005,1,1,계속,계속,4080974499,40809744990,52915,주차장 운영업
1114276,0,금광기획,61423,광주 동구 중앙로 281-1,73202,제품 디자인업,40360,40360,1,1,계속,계속,4080984018,40809840180,73202,제품 디자인업
1114284,0,우다찻집,61490,광주 동구 제봉로 9-1,56111,한식 일반 음식점업,37742,37742,1,1,계속,계속,4080987499,40809874990,56111,한식 일반 음식점업
1114287,0,법무사정자홍사무소,61441,광주 동구 지산로78번길 16,71103,법무사업,37473,37473,2,2,계속,계속,4080992051,40809920510,71103,법무사업
1114293,0,동양OPC,61496,광주 동구 학소로76번길 9,46591,사무용 가구 및 기기 도매업,40360,40360,3,3,계속,계속,4080997871,40809978710,46591,사무용 가구 및 기기 도매업
1114294,0,청해문화사,61468,광주 동구 서남로 20-2,18111,경 인쇄업,36708,36069,1,1,계속,계속,4081010958,40810109580,18111,경 인쇄업
1114295,0,금성문화사,61487,광주광역시 동구 문화전당로23번길 13,18111,경 인쇄업,45628,45628,1,1,계속,계속,4081012261,40810122610,18111,경 인쇄업
1114297,0,라인,61488,광주 동구 백서로125번길 21-1,18111,경 인쇄업,39444,39444,3,3,계속,계속,4081015517,40810155170,18111,경 인쇄업
1114298,0,신화문화사,61487,광주 동구 문화전당로23번길 5-6,18111,경 인쇄업,39114,39114,1,1,계속,계속,4081015690,40810156900,18111,경 인쇄업
1114299,0,범촌기획,61487,광주광역시 동구  문화전당로 7,18119,기타 인쇄업,36708,36069,1,1,계속,계속,4081015822,40810158220,18119,기타 인쇄업
1114300,0,아름다운세상,61486,광주 동구 문화전당로16번길 5-17,18111,경 인쇄업,36708,36220,1,1,계속,계속,4081017359,40810173590,18111,경 인쇄업
1114301,0,전남메디텍,61486,광주광역시 동구  제봉로 63,47812,의료용 기구 소매업,38653,38653,1,1,계속,계속,4081018552,40810185520,47812,의료용 기구 소매업
1114302,0,대신인쇄출판,61487,광주 동구 문화전당로23번길 5-19,18119,기타 인쇄업,36708,36069,2,2,계속,계속,4081019361,40810193610,18119,기타 인쇄업
1114303,0,이안멀티콤,61486,광주 동구 문화전당로26번길 10-11,46510,"컴퓨터 및 주변장치, 소프트웨어 도매업",36708,36281,1,1,계속,계속,4081020553,40810205530,46510,"컴퓨터 및 주변장치, 소프트웨어 도매업"
1114306,0,금강디지털보청기,61489,광주 동구 제봉로 41,47812,의료용 기구 소매업,43181,43181,0,0,계속,계속,4081022380,40810223800,47812,의료용 기구 소매업
1114308,0,도시곳간 광주계림점,61404,광주 동구 무등로375번길 28,47223,조리 반찬류 소매업,45213,45213,1,1,계속,계속,4081027333,40810273330,47223,조리 반찬류 소매업
1114310,0,4인다이어리(4in-diary),61445,광주 동구 필문대로 233,73301,인물사진 및 행사용 영상 촬영업,42553,42553,2,2,계속,계속,4081027838,40810278380,73301,인물사진 및 행사용 영상 촬영업
1114319,0,법무사허형권사무소,61445,광주 동구 동명로 110,71103,법무사업,37559,37559,1,1,계속,계속,4081035172,40810351720,71103,법무사업
1114320,0,솔기획,61487,광주 동구 문화전당로 15,18111,경 인쇄업,37622,37622,1,1,계속,계속,4081036055,40810360550,18111,경 인쇄업
1114323,0,레드옥스,61470,광주 동구 독립로 268,46413,남녀용 겉옷 및 셔츠 도매업,41334,41334,0,0,계속,계속,4081039862,40810398620,46413,남녀용 겉옷 및 셔츠 도매업
1114325,0,법무사김희근사무소,61444,광주 동구 준법로 32-1,71103,법무사업,37671,37671,4,4,계속,계속,4081041994,40810419940,71103,법무사업
1114326,0,법무사 박문서 사무소,61445,광주 동구 지산로63번길 3,71103,법무사업,37581,37581,1,1,계속,계속,4081043293,40810432930,71103,법무사업
1114327,0,법무사 채희철사무소,61445,광주 동구 지산로63번길 3,71103,법무사업,37562,37562,2,2,계속,계속,4081044730,40810447300,71103,법무사업
1114330,0,삼겹한판,61405,광주 동구 참판로 2,56111,한식 일반 음식점업,45352,45352,2,2,계속,계속,4081049318,40810493180,56111,한식 일반 음식점업
1114331,0,세종온누리약국,61427,광주 동구 중앙로 233,47811,의약품 및 의료용품 소매업,37796,37796,1,1,계속,계속,4081049924,40810499240,47811,의약품 및 의료용품 소매업
1114333,0,국제칼라,61487,광주 동구 문화전당로23번길 4,18119,기타 인쇄업,36708,36069,7,7,계속,계속,4081060365,40810603650,18119,기타 인쇄업
1114334,0,보성문화사,61487,광주 동구 문화전당로23번길 5-6,18111,경 인쇄업,36708,36069,1,1,계속,계속,4081065870,40810658700,18111,경 인쇄업
1114335,0,정명인쇄사,61489,광주 동구 양림로119번길 23,18111,경 인쇄업,36708,36069,12,12,계속,계속,4081065905,40810659050,18111,경 인쇄업
1114338,0,라이프기획,61488,광주 동구 천변우로 439,58190,기타 인쇄물 출판업,36708,36220,4,4,계속,계속,4081066637,40810666370,58190,기타 인쇄물 출판업
1114339,0,출판인쇄해성,61488,광주 동구 문화전당로23번길 28,18111,경 인쇄업,36708,36281,1,1,계속,계속,4081066734,40810667340,18111,경 인쇄업
1114340,0,창조사,61488,광주 동구 백서로125번길 21-2,47612,문구용품 및 회화용품 소매업,36708,36069,4,4,계속,계속,4081067219,40810672190,47612,문구용품 및 회화용품 소매업
1114341,0,도서출판 사람들,61487,광주 동구 문화전당로23번길 3-1,58113,일반 서적 출판업,43907,43907,1,1,계속,계속,4081067878,40810678780,58113,일반 서적 출판업
1114342,0,광주상사,61487,광주광역시 동구  문화전당로23번길 13,18111,경 인쇄업,36708,36306,1,1,계속,계속,4081068197,40810681970,18111,경 인쇄업
1114344,0,맥스타,61486,광주 동구 문화전당로 12-2,58113,일반 서적 출판업,35855,35855,3,3,계속,계속,4081068668,40810686680,58113,일반 서적 출판업
1114345,0,삼일인쇄사,61486,광주 동구 문화전당로26번길 6,18111,경 인쇄업,36708,36069,1,1,계속,계속,4081068732,40810687320,18111,경 인쇄업
1114346,0,세영인쇄,61487,광주 동구 문화전당로 11-2,18119,기타 인쇄업,36708,36069,1,1,계속,계속,4081068746,40810687460,18119,기타 인쇄업
1114347,0,동천장어,61470,광주 동구 독립로264번길 27,56111,한식 일반 음식점업,45078,45078,1,1,계속,계속,4081069916,40810699160,56111,한식 일반 음식점업
1114363,0,T.H유통,61487,광주 동구  서석로 42,46323,"빵류, 과자류, 당류, 초콜릿 도매업",41214,41214,8,8,계속,계속,4081079660,40810796600,46323,"빵류, 과자류, 당류, 초콜릿 도매업"
1114364,0,법무사조기혁사무소,61445,광주 동구 지산로 71-1,71103,법무사업,37650,37650,2,2,계속,계속,4081079675,40810796750,71103,법무사업
1114368,0,아이.엔.지 디자인,61506,광주 동구 천변좌로 714-10 2층,41229,기타 토목시설물 건설업,43390,44921,2,2,일괄유기,일괄유기,4081081318,40810813186,41229,기타 토목시설물 건설업
1114369,0,김승래세무회계사무소,61480,광주광역시 동구  구성로 166,71209,기타 회계 관련 서비스업,37623,37623,4,4,계속,계속,4081081360,40810813600,71209,기타 회계 관련 서비스업
1114370,0,변호사 양시복법률사무소,61441,광주 동구 준법로 5,71101,변호사업,37653,37653,1,1,계속,계속,4081081400,40810814000,71101,변호사업
1114386,0,동해산업,61487,광주 동구 문화전당로35번길 16-6,68119,기타 부동산 임대업,39814,39814,1,1,계속,계속,4081125123,40811251230,68119,기타 부동산 임대업
1114387,0,온비즈(online-biz）,61437,광주 동구 필문대로 185,71310,광고 대행업,43026,43026,8,8,계속,계속,4081125841,40811258410,71310,광고 대행업
1114397,0,모든인쇄광고,61487,광주광역시 동구 백서로137번길10,18111,경 인쇄업,41379,41379,2,2,계속,계속,4081133303,40811333030,18111,경 인쇄업
1114400,0,전일출판사,61488,광주광역시 동구  천변우로 439,71392,"광고물 문안, 도안, 설계 등 작성업",40575,40575,1,1,계속,계속,4081134812,40811348120,71392,"광고물 문안, 도안, 설계 등 작성업"
1114405,0,법무사김경현사무소,61441,광주 동구 준법로 7-1,71103,법무사업,37771,37771,3,3,계속,계속,4081140634,40811406340,71103,법무사업
1114413,0,동명가원,61435,광주 동구 필문대로 230,56111,한식 일반 음식점업,37865,37865,1,0,계속,계속,4081146278,40811462780,56111,한식 일반 음식점업
1114420,0,버들식당,61494,광주 동구 의재로 146,56111,한식 일반 음식점업,38534,38534,2,2,계속,계속,4081148276,40811482760,56111,한식 일반 음식점업
1114423,0,변호사이기석법률사무소,61441,광주광역시 동구  준법로25번길 16,71101,변호사업,37774,37774,3,3,계속,계속,4081155030,40811550300,71101,변호사업
1114427,0,윤뷰티끄,61470,광주 동구 독립로 268,47419,기타 의복 소매업,43871,43871,1,1,계속,계속,4081157474,40811574740,47419,기타 의복 소매업
1114428,0,금광개발,61407,광주광역시 동구 필문대로 143,75121,임시 및 일용 인력 공급업,39142,39142,1,1,계속,계속,4081157703,40811577030,75121,임시 및 일용 인력 공급업
1114431,0,해인기획,61487,광주 동구 서석로 40-6,18111,경 인쇄업,38412,38412,1,1,계속,계속,4081169155,40811691550,18111,경 인쇄업
1114432,0,세기보청기,61472,광주광역시 동구  금남로 207,47812,의료용 기구 소매업,36708,36240,1,1,계속,계속,4081171194,40811711940,47812,의료용 기구 소매업
1114433,0,변지유뷰틱,61465,광주 동구 제봉로 118,47419,기타 의복 소매업,36708,36069,0,0,계속,계속,4081171869,40811718690,47419,기타 의복 소매업
1114441,0,여우헤어클럽,61460,광주 동구 의재로 63-1,96119,기타 미용업,39356,39356,1,1,계속,계속,4081178367,40811783670,96119,기타 미용업
1114444,0,무진장떡볶이,61449,광주 동구 필문대로287번길 24-14,56191,김밥 및 기타 간이 음식점업,42125,42125,0,0,계속,계속,4081179920,40811799200,56191,김밥 및 기타 간이 음식점업
1114445,0,매직카용품　　　　　,61407,광주 동구 필문대로 127,45219,기타 자동차 신품 부품 및 내장품 판매업,43862,43862,1,1,계속,계속,4081180179,40811801790,45219,기타 자동차 신품 부품 및 내장품 판매업
1114451,0,형제고물상,61420,광주 동구 중앙로 307-7,46791,재생용 재료 수집 및 판매업,41821,41821,3,3,계속,계속,4081182842,40811828420,46791,재생용 재료 수집 및 판매업
1114454,0,뉴욕약국,61468,광주 동구 백서로 143,47811,의약품 및 의료용품 소매업,36708,36069,19,19,계속,계속,4081185780,40811857800,47811,의약품 및 의료용품 소매업
1114457,0,변호사조기선법률사무소,61445,광주 동구 동명로 110,71109,기타 법무관련 서비스업,37865,37865,2,2,계속,계속,4081188297,40811882970,71109,기타 법무관련 서비스업
1114461,0,도서출판정음,61487,광주광역시 동구  백서로125번길 12-3,18111,경 인쇄업,42125,42125,1,1,계속,계속,4081219201,40812192010,18111,경 인쇄업
1114462,0,종로인쇄,61488,광주 동구 백서로125번길 7,18111,경 인쇄업,37622,37622,2,3,계속,계속,4081221366,40812213660,18111,경 인쇄업
1114465,0,아쿠아by아르케지엥,61487,광주 동구 문화전당로 35-1,96113,피부 미용업,43266,43266,1,1,계속,계속,4081225213,40812252130,96113,피부 미용업
1114466,0,씨유금동점,61487,광주 동구 백서로125번길 26,47122,체인화 편의점,38898,38898,5,5,계속,계속,4081225697,40812256970,47122,체인화 편의점
1114471,0,웰클리닉,61486,광주 동구 제봉로 57,68221,부동산 중개 및 대리업,39234,39234,0,0,계속,계속,4081234430,40812344300,68221,부동산 중개 및 대리업
1114473,0,역전우동(광주충장로점),61483,광주광역시 동구 충장로102-2,56191,김밥 및 기타 간이 음식점업,42064,42064,12,12,계속,계속,4081235647,40812356470,56191,김밥 및 기타 간이 음식점업
1114476,0,지오테크（GOTEC）,61492,광주 동구 의재로 161,62010,컴퓨터 프로그래밍 서비스업,41456,41456,1,1,계속,계속,4081237456,40812374560,62010,컴퓨터 프로그래밍 서비스업
1114478,0,아이비골드,61481,광주 동구 충장로 45-11,47429,"섬유 원단, 실 및 기타 섬유제품 소매업",40575,40575,1,1,계속,계속,4081239681,40812396810,47429,"섬유 원단, 실 및 기타 섬유제품 소매업"
1114484,0,법무사 김동안 사무소,61445,광주 동구 동명로 110,71103,법무사업,37998,37998,3,3,계속,계속,4081242492,40812424920,71103,법무사업
1114485,0,법무사 김재길 사무소,61440,광주 동구 지산로 83-2,71103,법무사업,38066,38066,2,2,계속,계속,4081244919,40812449190,71103,법무사업
1114489,0,법무사 주기성 사무소,61439,광주광역시 동구  필문대로205번길 27,71103,법무사업,38033,38033,4,4,계속,계속,4081246391,40812463910,71103,법무사업
1114497,0,변호사박홍기법률사무소,61444,광주 동구 준법로 6,71101,변호사업,38020,38020,3,3,계속,계속,4081249404,40812494040,71101,변호사업
1114498,0,변호사김현법률세무사무소,61440,광주광역시 동구  동명로 107,71101,변호사업,36708,35977,2,2,계속,계속,4081249758,40812497580,71101,변호사업
1114499,0,수영빌딩,61475,광주 동구 금남로 227,68221,부동산 중개 및 대리업,38030,38030,1,1,계속,계속,4081250901,40812509010,68221,부동산 중개 및 대리업
1114505,0,변호사김용출법률사무소,61440,광주 동구 지산동,71101,변호사업,38048,38048,1,1,계속,계속,4081253965,40812539650,71101,변호사업
1114507,0,변호사김길수법률사무소,61440,광주 동구 지산로 83-2,71101,변호사업,38083,38083,2,2,계속,계속,4081255037,40812550370,71101,변호사업
1114515,0,탑선스트링,61488,광주 동구 백서로119번길 14-1,33209,기타 악기 및 전자 악기 제조업,31778,35855,1,2,계속,계속,4081260355,40812603550,33209,기타 악기 및 전자 악기 제조업
1114516,0,한진상사,61503,광주 동구 소태길3번길 48,18129,기타 인쇄관련 산업,39356,39356,1,1,계속,계속,4081267343,40812673430,18129,기타 인쇄관련 산업
1114517,1,한진상사/건설일괄,61503,광주 동구 소태길3번길 48,,,46013,,5,0,일괄유기,,4081267343,40812673436,,
1114518,0,동평실업,61487,광주 동구 백서로137번길 1,68112,비주거용 건물 임대업,36708,36039,3,3,계속,계속,4081267514,40812675140,68112,비주거용 건물 임대업
1114520,0,아주,61488,광주 동구 백서로125번길 11,18119,기타 인쇄업,36708,36069,4,4,계속,계속,4081269002,40812690020,18119,기타 인쇄업
1114521,0,한일원색,61487,광주 동구 문화전당로23번길 14,18129,기타 인쇄관련 산업,36708,36069,1,1,계속,계속,4081269531,40812695310,18129,기타 인쇄관련 산업
1114523,0,씨유산수조운점,61406,광주광역시 동구 무등로449번길 22-28,47122,체인화 편의점,45505,45505,2,2,계속,계속,4081270299,40812702990,47122,체인화 편의점
1114524,0,심미안,61489,광주 동구 천변우로 487,58113,일반 서적 출판업,38231,38231,4,4,계속,계속,4081272021,40812720210,58113,일반 서적 출판업
1114527,0,변호사박영국법률사무소,61473,광주 동구 구성로204번길 2,71101,변호사업,38094,38094,8,8,계속,계속,4081273001,40812730010,71101,변호사업
1114529,0,변호사김영길법률사무소,61444,광주 동구 준법로 10,71101,변호사업,38101,38101,3,3,계속,계속,4081273374,40812733740,71101,변호사업
1114530,0,세진디자인,61406,광주광역시 동구 필문대로 146-4,42412,"도배, 실내장식 및 내장 목공사업",44387,44387,1,1,일괄유기,일괄유기,4081274693,40812746936,42412,"도배, 실내장식 및 내장 목공사업"
1114535,0,삼원솔루션,61423,광주 동구 경양로259번길 23,33910,간판 및 광고물 제조업,38108,38108,1,1,계속,계속,4081275917,40812759170,33910,간판 및 광고물 제조업
1114539,0,가람디자인,61487,광주광역시 동구 문화전당로23번길3-1,18111,경 인쇄업,41988,41988,0,0,계속,계속,4081277458,40812774580,18111,경 인쇄업
1114540,0,감디자인,61447,광주 동구 지호로106번길 4-5,62021,컴퓨터시스템 통합 자문 및 구축 서비스업,39183,39183,1,1,계속,계속,4081277652,40812776520,62021,컴퓨터시스템 통합 자문 및 구축 서비스업
1114541,0,엄마네,61488,광주 동구 문화전당로23번길 33,56111,한식 일반 음식점업,40483,40483,2,2,계속,계속,4081278568,40812785680,56111,한식 일반 음식점업
1114544,0,산드로롯데백화점광주점,61470,광주 동구 독립로 268,46103,"섬유, 의복, 신발 및 가죽제품 중개업",45108,45108,1,1,계속,계속,4081281103,40812811030,46103,"섬유, 의복, 신발 및 가죽제품 중개업"
1114559,0,국제열쇠,61479,광주 동구 구성로144번길 1,46622,"철물, 금속 파스너 및 수공구 도매업",38200,38200,1,1,계속,계속,4081289634,40812896340,46622,"철물, 금속 파스너 및 수공구 도매업"
1114563,0,신영제책,61487,광주광역시 동구  백서로125번길 18-1,18122,제책업,38261,38261,1,1,계속,계속,4081292750,40812927500,18122,제책업
1114565,0,동아사,61434,광주 동구 동계천로 139,46453,"서적, 잡지 및 기타 인쇄물 도매업",36708,35855,4,4,계속,계속,4081294758,40812947580,46453,"서적, 잡지 및 기타 인쇄물 도매업"
1114566,0,목포신안유통,61427,광주 동구 제봉로194번길 13,46315,"신선, 냉동 및 기타 수산물 도매업",42736,42736,1,1,계속,계속,4081295892,40812958920,46315,"신선, 냉동 및 기타 수산물 도매업"
1114569,0,부동산임대(박정서),61482,광주 동구 충장로 97,68119,기타 부동산 임대업,40269,40269,0,0,계속,계속,4081306270,40813062700,68119,기타 부동산 임대업
1114571,0,무풍빌딩,61483,광주 동구 충장로 102-1,74100,사업시설 유지관리 서비스업,36892,36892,1,0,계속,계속,4081316633,40813166330,74100,사업시설 유지관리 서비스업
1114572,0,금성정보출판사,61487,광주 동구 문화전당로 35-1,58113,일반 서적 출판업,36069,36069,1,1,계속,계속,4081316967,40813169670,58113,일반 서적 출판업
1114573,0,법무사조성주사무소,61441,광주 동구 준법로 29,71103,법무사업,38169,38169,2,2,계속,계속,4081317909,40813179090,71103,법무사업
1114575,0,광인문화사,61468,광주 동구 백서로153번길 16,18111,경 인쇄업,39722,39722,4,4,계속,계속,4081319057,40813190570,18111,경 인쇄업
1114576,1,동성보일러,61415,광주 동구 경양로 313,,,44622,,1,0,일괄유기,,4081319585,40813195856,,
1114581,0,대진산업,61491,광주 동구 운림길 23,46452,"문구용품, 회화용품, 사무용품 도매업",39569,39569,2,2,계속,계속,4081322149,40813221490,46452,"문구용품, 회화용품, 사무용품 도매업"
1114583,0,디자인 이스 마인,61429,광주광역시 동구  동계천로 81,73203,시각 디자인업,38567,38567,1,1,계속,계속,4081322926,40813229260,73203,시각 디자인업
1114587,0,김춘호세무회계사무소,61479,광주 동구 중앙로 147,71202,세무사업,38334,38334,5,5,계속,계속,4081323658,40813236580,71202,세무사업
1114588,0,한국전산,61445,광주 동구 지산로 65,46591,사무용 가구 및 기기 도매업,39083,39083,3,3,계속,계속,4081323911,40813239110,46591,사무용 가구 및 기기 도매업
1114591,0,토마토약국,61489,광주 동구 백서로 134,47811,의약품 및 의료용품 소매업,38353,38353,1,1,계속,계속,4081327289,40813272890,47811,의약품 및 의료용품 소매업
1114592,0,조윤우 세무회계사무소,61479,광주 동구 천변우로 363-7,71202,세무사업,38384,38384,6,6,계속,계속,4081327353,40813273530,71202,세무사업
1114593,0,이상훈세무회계사무소,61479,광주 동구 중앙로 149-2,71201,공인회계사업,40007,40007,6,6,계속,계속,4081327673,40813276730,71201,공인회계사업
1114596,0,광주의료기,61468,광주광역시 동구  백서로 165,47811,의약품 및 의료용품 소매업,39841,39841,3,3,계속,계속,4081328463,40813284630,47811,의약품 및 의료용품 소매업
1114597,0,담소정,61447,광주 동구 지호로 108,56111,한식 일반 음식점업,44136,44136,1,1,계속,계속,4081328600,40813286000,56111,한식 일반 음식점업
1114601,0,법무사이병직사무소,61445,광주 동구 동명로 110,71103,법무사업,38415,38415,1,1,계속,계속,4081329986,40813299860,71103,법무사업
1114603,0,변호사변리사임일도법률사무소,61441,광주 동구 준법로 29,71101,변호사업,38384,38384,2,2,계속,계속,4081331236,40813312360,71101,변호사업
1114605,0,박도하법률사무소,61441,광주광역시 동구  준법로25번길 16-3,71101,변호사업,38808,38808,2,2,계속,계속,4081331842,40813318420,71101,변호사업
1114606,0,박창식법률사무소,61441,광주 동구 준법로 7-7,71101,변호사업,38388,38388,2,2,계속,계속,4081332007,40813320070,71101,변호사업
1114607,0,아이사랑안경클리닉,61448,광주 동구 필문대로273번길 7,47822,안경 및 렌즈 소매업,45056,45056,1,1,계속,계속,4081333307,40813333070,47822,안경 및 렌즈 소매업
1114609,0,한국메디코스 단아한 얼굴,61479,광주광역시 동구  중앙로 149,47813,"화장품, 비누 및 방향제 소매업",40269,40269,0,1,계속,계속,4081334403,40813344030,47813,"화장품, 비누 및 방향제 소매업"
1114611,0,길부동산,61488,광주 동구 백서로125번길 35,74211,건축물 일반 청소업,43375,43375,0,0,계속,계속,4081337943,40813379430,74211,건축물 일반 청소업
1114612,0,양지인쇄기획,61488,광주 동구 천변우로 441,18111,경 인쇄업,43724,43724,1,1,계속,계속,4081338296,40813382960,18111,경 인쇄업
1114621,0,도미노피자,61474,광주광역시 동구 중앙로214,56161,"피자, 햄버거, 샌드위치 및 유사 음식점업",38473,38473,2,2,계속,계속,4081343315,40813433150,56161,"피자, 햄버거, 샌드위치 및 유사 음식점업"
1114624,0,법무사 조상섭 사무소,61445,광주 동구 지산로 75-1,71103,법무사업,38511,38511,2,2,계속,계속,4081346419,40813464190,71103,법무사업
1114626,0,변호사추동기법률사무소,61441,광주광역시 동구  준법로25번길 16,71101,변호사업,38512,38512,2,2,계속,계속,4081348682,40813486820,71101,변호사업
1114629,0,쉬즈미스,61470,광주 동구 독립로 268,46413,남녀용 겉옷 및 셔츠 도매업,42705,42705,0,0,계속,계속,4081350679,40813506790,46413,남녀용 겉옷 및 셔츠 도매업
1114630,0,대신정기화물 수기영업소,61477,광주 동구 독립로 234-1,49401,택배업,40544,40544,4,4,계속,계속,4081350723,40813507230,49401,택배업
1114633,0,중산건기,61434,광주 동구 동명로20번길 17,52941,항공 및 육상 화물 취급업,43831,43831,4,4,계속,계속,4081351853,40813518530,52941,항공 및 육상 화물 취급업
1114634,0,김재곤부동산,61463,광주 동구 남문로 694-7,68212,비주거용 부동산 관리업,42005,42005,1,1,계속,계속,4081352866,40813528660,68212,비주거용 부동산 관리업
1114635,0,민제컴퓨터,61470,광주 동구 독립로264번길 25,46510,"컴퓨터 및 주변장치, 소프트웨어 도매업",45061,45061,1,1,계속,계속,4081353531,40813535310,46510,"컴퓨터 및 주변장치, 소프트웨어 도매업"
1114636,0,영신당,61489,광주 동구 천변우로 479,47611,"서적, 신문 및 잡지류 소매업",39805,39805,1,1,계속,계속,4081353827,40813538270,47611,"서적, 신문 및 잡지류 소매업"
1114643,0,리즈유니폼,61479,광주 동구 구성로144번길 1,14192,"근무복, 작업복 및 유사의복 제조업",43983,43983,1,1,계속,계속,4081359651,40813596510,14192,"근무복, 작업복 및 유사의복 제조업"
1114645,0,일등건설중기,61489,광주 동구 양림로119번길 7,42600,건설장비 운영업,42374,42374,2,2,계속,계속,4081359724,40813597240,42600,건설장비 운영업
1114648,0,로엠금남로,61485,광주 동구 서석로 지하 56,47411,남자용 겉옷 소매업,36892,36892,1,1,계속,계속,4081364611,40813646110,47411,남자용 겉옷 소매업
1114650,0,광주흑판교구,61477,광주광역시 동구 독립로236-1,47859,그 외 기타 분류 안된 상품 전문 소매업,41061,41061,1,1,계속,계속,4081369237,40813692370,47859,그 외 기타 분류 안된 상품 전문 소매업
1114651,0,빛고을쥬얼리,61480,광주광역시 동구 충장로 52,47830,시계 및 귀금속 소매업,45628,45628,2,2,계속,계속,4081369538,40813695380,47830,시계 및 귀금속 소매업
1114652,0,에이스모터스,61406,광주 동구 무등로 439,95212,자동차 전문 수리업,42583,42583,1,1,계속,계속,4081369746,40813697460,95212,자동차 전문 수리업
1114654,0,스페이스,61488,광주 동구 천변우로 439,73203,시각 디자인업,41609,41609,3,3,계속,계속,4081371257,40813712570,73203,시각 디자인업
1114657,0,양지세무회계사무소,61472,광주광역시 동구 금남로 181,71202,세무사업,38657,38657,2,2,계속,계속,4081373217,40813732170,71202,세무사업
1114668,0,시에테벨리,61447,광주 동구 지호로 175,56123,서양식 음식점업,40791,40791,0,0,계속,계속,4081382792,40813827920,56123,서양식 음식점업
1114673,0,변호사김세환법률사무소,61441,광주 동구 지산로78번길 9,71101,변호사업,38784,38784,1,1,계속,계속,4081385940,40813859400,71101,변호사업
1114674,0,왁 롯데광주점,61470,광주 동구 독립로 268,46413,남녀용 겉옷 및 셔츠 도매업,42508,42508,1,1,계속,계속,4081385969,40813859690,46413,남녀용 겉옷 및 셔츠 도매업
1114675,0,수성창호,61507,광주광역시 동구 천변좌로 650,41111,단독 주택 건설업,44322,44322,1,1,일괄유기,일괄유기,4081386162,40813861626,41111,단독 주택 건설업
1114676,0,서광빌딩,61434,광주 동구 동계천로 143,68112,비주거용 건물 임대업,40725,40725,1,1,계속,계속,4081386589,40813865890,68112,비주거용 건물 임대업
1114677,0,변호사 최정재법률사무소,61441,광주 동구 지산로78번길 5,71101,변호사업,38764,38764,2,2,계속,계속,4081386779,40813867790,71101,변호사업
1114678,0,3H스마트의료기,61463,광주 동구 남문로 690,47812,의료용 기구 소매업,42278,42278,1,1,계속,계속,4081386949,40813869490,47812,의료용 기구 소매업
1114683,0,변호사천형욱법률사무소,61440,광주 동구 지산로 83,71101,변호사업,38796,38796,3,3,계속,계속,4081389795,40813897950,71101,변호사업
1114686,0,띠어리,61470,광주광역시 동구 독립로268,47412,여자용 겉옷 소매업,41282,41282,2,2,계속,계속,4081397432,40813974320,47412,여자용 겉옷 소매업
1114688,0,법무사심현섭사무소,61441,광주 동구 지산로 74-8,71103,법무사업,38876,38876,2,2,계속,계속,4081397960,40813979600,71103,법무사업
1114691,0,센트롯지,61482,광주 동구 서석로 49,46443,화장품 및 화장용품 도매업,40391,40391,1,1,계속,계속,4081421171,40814211710,46443,화장품 및 화장용품 도매업
1114692,0,금용빌딩,61482,광주 동구 충장로 77-8,74100,사업시설 유지관리 서비스업,37987,37987,1,1,계속,계속,4081421206,40814212060,74100,사업시설 유지관리 서비스업
1114696,0,법무사강익수사무소,61445,광주 동구 동명로 110,71103,법무사업,38890,38890,2,2,계속,계속,4081423688,40814236880,71103,법무사업
1114699,0,춘양골농장한우,61464,광주 동구 남문로 673,46313,육류 도매업,44294,44294,1,1,계속,계속,4081425202,40814252020,46313,육류 도매업
1114705,0,조은금,61480,광주광역시 동구 충장로 50-3,47830,시계 및 귀금속 소매업,45628,45628,1,1,계속,계속,4081430350,40814303500,47830,시계 및 귀금속 소매업
1114710,0,세무사이영규사무소,61445,광주 동구 동명로 110,71202,세무사업,38961,38961,5,5,계속,계속,4081432741,40814327410,71202,세무사업
1114715,0,법무사김연옥사무소,61445,광주 동구 동명로 110,71103,법무사업,38946,38946,1,1,계속,계속,4081434977,40814349770,71103,법무사업
1114718,0,르노코리아 서비스코너 산수점,61407,광주 동구 필문대로 133,95212,자동차 전문 수리업,39176,39176,5,5,계속,계속,4081437635,40814376350,95212,자동차 전문 수리업
1114720,0,트뤼포,61487,광주 동구 문화전당로35번길 9,56219,기타 주점업,43467,43467,1,1,계속,계속,4081439195,40814391950,56219,기타 주점업
1114723,0,디자인뱅크,61487,광주 동구 문화전당로23번길 11,73203,시각 디자인업,43073,43073,1,1,계속,계속,4081441110,40814411100,73203,시각 디자인업
1114732,0,이노블,61476,광주광역시 동구 충장로7,14191,셔츠 및 블라우스 제조업,41009,41009,1,1,계속,계속,4081443739,40814437390,14191,셔츠 및 블라우스 제조업
1114734,0,다비치안경충장1가점,61482,광주 동구 충장로 105,47822,안경 및 렌즈 소매업,39001,39001,4,4,계속,계속,4081445644,40814456440,47822,안경 및 렌즈 소매업
1114735,0,경향신문광주지사,61433,광주광역시 동구 경양로384,47992,계약배달 판매업,42136,42136,2,2,계속,계속,4081445979,40814459790,47992,계약배달 판매업
1114741,0,풍년,61449,광주 동구 필문대로287번길 15-20,56111,한식 일반 음식점업,44970,44970,1,1,계속,계속,4081448340,40814483400,56111,한식 일반 음식점업
1114747,0,영성원,61465,광주 동구 제봉로82번길 13-7,56121,중식 음식점업,39569,39569,1,1,계속,계속,4081451336,40814513360,56121,중식 음식점업
1114749,0,더블로썸메이크업,61487,광주 동구 서석로 42,96119,기타 미용업,42842,42842,7,7,계속,계속,4081453810,40814538100,96119,기타 미용업
1114754,0,던킨도너츠,61489,광주광역시 동구 제봉로41,47221,"빵류, 과자류 및 당류 소매업",41852,41852,3,3,계속,계속,4081456312,40814563120,47221,"빵류, 과자류 및 당류 소매업"
1114759,0,에이비(원),61483,광주 동구 중앙로160번길 31-6,47429,"섬유 원단, 실 및 기타 섬유제품 소매업",39448,39448,1,1,계속,계속,4081457631,40814576310,47429,"섬유 원단, 실 및 기타 섬유제품 소매업"
1114765,0,장터팥죽,61427,광주 동구 제봉로 190,56111,한식 일반 음식점업,43274,43274,1,1,계속,계속,4081459814,40814598140,56111,한식 일반 음식점업
1114766,0,고려상사,61482,광주 동구 충장로 91,56229,기타 비알코올 음료점업,36708,36069,0,0,계속,계속,4081460553,40814605530,56229,기타 비알코올 음료점업
1114770,0,신화공구,61458,광주광역시 동구 남문로725,46622,"철물, 금속 파스너 및 수공구 도매업",41197,41197,1,1,계속,계속,4081465107,40814651070,46622,"철물, 금속 파스너 및 수공구 도매업"
1114771,0,변호사김현도법률사무소,61440,광주 동구 동명로 107,71101,변호사업,39126,39126,2,2,계속,계속,4081466178,40814661780,71101,변호사업
1114772,0,월정,61465,광주 동구 제봉로98번길 1,68212,비주거용 부동산 관리업,44896,44896,1,1,계속,계속,4081466877,40814668770,68212,비주거용 부동산 관리업
1114777,0,허브모텔,61488,광주 동구 문화전당로23번길 30,55102,여관업,44805,44805,1,1,계속,계속,4081469461,40814694610,55102,여관업
1114778,0,우리동네,61463,광주광역시 동구 의재로 32-1,46499,그 외 기타 생활용품 도매업,45474,45474,2,2,계속,계속,4081469587,40814695870,46499,그 외 기타 생활용품 도매업
1114779,0,푸른커뮤니케이션,61430,광주광역시 동구  동명로 19-7,58190,기타 인쇄물 출판업,39783,39783,1,1,계속,계속,4081471536,40814715360,58190,기타 인쇄물 출판업
1114787,0,미래유통,61503,광주 동구 소태길 47,47129,기타 음ㆍ식료품 위주 종합 소매업,43467,43467,1,1,계속,계속,4081477864,40814778640,47129,기타 음ㆍ식료품 위주 종합 소매업
1114796,0,111,61483,광주광역시 동구 중앙로160번길 23,47419,기타 의복 소매업,45444,45444,1,1,계속,계속,4081485398,40814853980,47419,기타 의복 소매업
1114797,0,법무사문정길사무소,61440,광주 동구 동명로 107,71103,법무사업,39269,39269,2,2,계속,계속,4081486174,40814861740,71103,법무사업
1114799,0,법무사최길성사무소,61445,광주 동구 동명로 110,71103,법무사업,39265,39265,2,2,계속,계속,4081486548,40814865480,71103,법무사업
1114801,0,삼희,61480,광주 동구 구성로 164,56111,한식 일반 음식점업,39265,39265,1,1,계속,계속,4081486820,40814868200,56111,한식 일반 음식점업
1114803,0,한성종합건재,61432,광주 동구 동명로67번길 28,46699,그 외 기타 건축자재 도매업,40878,40878,1,1,계속,계속,4081487227,40814872270,46699,그 외 기타 건축자재 도매업
1114804,0,보성녹차돼지,61479,광주 동구 천변우로 363-11,56111,한식 일반 음식점업,41456,41456,3,3,계속,계속,4081488283,40814882830,56111,한식 일반 음식점업
1114811,0,미지건업,61472,광주 동구 금남로  193-11,41999,건설업본사,45680,45680,1,1,계속,계속,4081495649,40814956490,41999,건설업본사
1114814,0,황금나라#,61481,광주광역시 동구 충장로45-2,47830,시계 및 귀금속 소매업,40940,40940,2,2,계속,계속,4081496968,40814969680,47830,시계 및 귀금속 소매업
1114815,0,법무사강판용사무소,61441,광주 동구 지산로 74-8,71103,법무사업,39387,39387,1,1,계속,계속,4081497050,40814970500,71103,법무사업
1114824,0,법무사권숙원사무소,61444,광주 동구 준법로 8-1,71103,법무사업,39380,39380,1,1,계속,계속,4081499475,40814994750,71103,법무사업
1114826,0,이철호부동산,61483,광주 동구 충장로 70-1,68119,기타 부동산 임대업,39814,39814,1,1,계속,계속,4081509999,40815099990,68119,기타 부동산 임대업
1114827,0,라베리따범영순,61480,광주 동구 충장로 56,14199,그 외 기타 봉제의복 제조업,39951,39951,1,1,계속,계속,4081522556,40815225560,14199,그 외 기타 봉제의복 제조업
1114832,0,정돌성세무회계사무소,61427,광주 동구 제봉로194번길 5-9,71202,세무사업,39345,39345,3,3,계속,계속,4081529511,40815295110,71202,세무사업
1114835,0,이천상사,61490,광주광역시 동구  제봉로17번길 18-24,47129,기타 음ㆍ식료품 위주 종합 소매업,40817,40817,2,2,계속,계속,4081529786,40815297860,47129,기타 음ㆍ식료품 위주 종합 소매업
1114837,0,변호사류재규법률사무소,61440,광주 동구 동명로 105,71101,변호사업,39356,39356,4,4,계속,계속,4081530041,40815300410,71101,변호사업
1114840,0,덕성목재상사,61426,광주 동구 독립로 290,46611,원목 및 건축관련 목제품 도매업,43344,43344,1,1,계속,계속,4081530906,40815309060,46611,원목 및 건축관련 목제품 도매업
1114847,0,정우웨딩,61488,광주 동구 서석로 10,96994,결혼 상담 및 준비 서비스업,43832,43832,10,10,계속,계속,4081533903,40815339030,96994,결혼 상담 및 준비 서비스업
1114850,0,고경주아트주얼리연구소,61477,광주광역시 동구 충장로12,33110,귀금속 및 관련제품 제조업,41841,41841,0,0,계속,계속,4081534799,40815347990,33110,귀금속 및 관련제품 제조업
1114851,0,참샘마트,61466,광주 동구 백서로 217,47121,슈퍼마켓,42644,42644,4,4,계속,계속,4081534877,40815348770,47121,슈퍼마켓
1114852,0,샤인메이크업&샤인스튜디오,61483,광주 동구 중앙로160번길 31-6,73301,인물사진 및 행사용 영상 촬영업,43413,43413,1,1,계속,계속,4081535745,40815357450,73301,인물사진 및 행사용 영상 촬영업
1114854,0,새오름PROCESS,61488,광주 동구 백서로125번길 13,18119,기타 인쇄업,39508,39508,1,1,계속,계속,4081536064,40815360640,18119,기타 인쇄업
1114855,0,나주곰탕노안골,61468,광주 동구 백서로 151,56111,한식 일반 음식점업,43652,43652,0,0,계속,계속,4081536079,40815360790,56111,한식 일반 음식점업
1114861,1,대양시스템,61442,광주광역시 동구 밤실로30번길 3,,,45016,,1,0,일괄유기,,4081538738,40815387386,,
1114868,0,광주교육사,61423,광주 동구 경양로277번길 20,47612,문구용품 및 회화용품 소매업,40544,40544,2,2,계속,계속,4081540011,40815400110,47612,문구용품 및 회화용품 소매업
1114871,0,신도영우OA,61501,광주광역시 동구  학소로62번길 5,47821,사무용 기기 소매업,39448,39448,1,1,계속,계속,4081542149,40815421490,47821,사무용 기기 소매업
1114874,0,집수리공동체,61430,광주 동구 경양로 300,41999,건설업본사,39449,39449,3,3,계속,계속,4081543376,40815433760,41999,건설업본사
1114875,0,집수리공동체,61430,광주 동구 경양로 300,42201,배관 및 냉ㆍ난방 공사업,42199,42199,1,1,일괄유기,일괄유기,4081543376,40815433766,42201,배관 및 냉ㆍ난방 공사업
1114878,0,법무사김규선사무소,61445,광주 동구 동명로 110,71103,법무사업,39520,39520,1,1,계속,계속,4081545904,40815459040,71103,법무사업
1114880,0,세븐일레븐 광주법원점,61440,광주 동구 동명로 115,47122,체인화 편의점,42095,42095,3,3,계속,계속,4081546164,40815461640,47122,체인화 편의점
1114881,0,변호사최은식법률사무소,61440,광주 동구 동명로 95,71101,변호사업,39479,39479,5,5,계속,계속,4081546510,40815465100,71101,변호사업
1114882,0,쉬즈미스광주금남점,61485,광주 동구 서석로 지하 56,47419,기타 의복 소매업,41214,41214,1,1,계속,계속,4081546733,40815467330,47419,기타 의복 소매업
1114884,0,이가네한우방,61463,광주 동구 의재로26번길 6,56111,한식 일반 음식점업,39814,39814,2,2,계속,계속,4081547203,40815472030,56111,한식 일반 음식점업
1114885,0,명문목욕탕,61500,광주 동구 지원로 5,96121,욕탕업,42920,42920,5,5,계속,계속,4081547237,40815472370,96121,욕탕업
1114889,0,해성기획,61487,광주 동구 문화전당로23번길 8,73203,시각 디자인업,43178,43178,1,1,계속,계속,4081548745,40815487450,73203,시각 디자인업
1114893,0,소쇄원,61449,광주 동구 필문대로287번길 28,56111,한식 일반 음식점업,42005,42005,7,3,계속,계속,4081551541,40815515410,56111,한식 일반 음식점업
1114897,0,지원약국,61462,광주 동구 학소로 134,47811,의약품 및 의료용품 소매업,39545,39545,1,1,계속,계속,4081554500,40815545000,47811,의약품 및 의료용품 소매업
1114898,0,하이카랜드,61417,광주 동구 무등로 426,95211,자동차 종합 수리업,42887,42887,1,1,계속,계속,4081554631,40815546310,95211,자동차 종합 수리업
1114903,0,법무사 장정주 사무소,61444,광주 동구 준법로 32-2,71103,법무사업,39596,39596,1,1,계속,계속,4081556551,40815565510,71103,법무사업
1114905,0,인맥토건,61478,광주광역시 동구  천변우로 339,41999,건설업본사,42186,42186,3,3,계속,계속,4081557467,40815574670,41999,건설업본사
1114906,0,씨앗마켓,61508,광주 동구 용산1길  2,46732,비료 및 농약 도매업,44805,44805,2,2,계속,계속,4081557604,40815576040,46732,비료 및 농약 도매업
1114909,0,법무사 김만성 사무소,61445,광주 동구 동명로 110,71103,법무사업,39624,39624,1,1,계속,계속,4081559368,40815593680,71103,법무사업
1114912,0,인성빌딩,61483,광주 동구 충장로 68,68212,비주거용 부동산 관리업,42599,43284,1,1,계속,계속,4081561020,40815610200,68212,비주거용 부동산 관리업
1114913,0,바닐라코,61483,광주 동구 충장로 82-2,47429,"섬유 원단, 실 및 기타 섬유제품 소매업",37159,37159,0,1,계속,계속,4081562733,40815627330,47429,"섬유 원단, 실 및 기타 섬유제품 소매업"
1114920,0,지오오브제,61484,광주 동구 서석로7번길 4-1,73301,인물사진 및 행사용 영상 촬영업,41670,41670,1,1,계속,계속,4081569624,40815696240,73301,인물사진 및 행사용 영상 촬영업
1114926,0,이마트24 광주동계로점,61432,광주 동구 동계로 8-1,47129,기타 음ㆍ식료품 위주 종합 소매업,42583,42583,2,2,계속,계속,4081574108,40815741080,47129,기타 음ㆍ식료품 위주 종합 소매업
1114928,0,이노디자인,61487,광주광역시 동구  문화전당로 19-1,18111,경 인쇄업,41330,41330,1,1,계속,계속,4081577750,40815777500,18111,경 인쇄업
1114929,0,더글라스대인점,61431,광주 동구 동계천로 74,47822,안경 및 렌즈 소매업,39707,39707,1,1,계속,계속,4081578593,40815785930,47822,안경 및 렌즈 소매업
1114931,0,한양빌딩,61482,광주 동구 충장로 65-1,68212,비주거용 부동산 관리업,40667,40667,1,1,계속,계속,4081581778,40815817780,68212,비주거용 부동산 관리업
1114932,0,엄브로(충장로점),61482,광주 동구 충장로 75,47414,셔츠 및 블라우스 소매업,41214,43161,2,2,계속,계속,4081586337,40815863370,47414,셔츠 및 블라우스 소매업
1114935,1,정화건축설비,61456,광주 동구 남문로 733-1,,,43283,,1,0,일괄유기,,4081587578,40815875786,,
1114938,0,조은소리보청기,61489,광주 동구 제봉로 35-2,47812,의료용 기구 소매업,45292,45292,1,1,계속,계속,4081588771,40815887710,47812,의료용 기구 소매업
1114939,0,한울의료기,61443,광주광역시 동구  밤실로30번길 12-1,47812,의료용 기구 소매업,39873,39873,2,2,계속,계속,4081589692,40815896920,47812,의료용 기구 소매업
1114941,0,한성건축,61434,광주 동구 동명로 16,41999,건설업본사,44197,44197,1,1,계속,계속,4081599225,40815992250,41999,건설업본사
1114947,0,전북식당,61493,광주광역시 동구 증심사길28-16,56111,한식 일반 음식점업,41122,41122,2,2,계속,계속,4081622344,40816223440,56111,한식 일반 음식점업
1114949,0,다다뷰티,61483,광주광역시 동구  충장로안길 9,47813,"화장품, 비누 및 방향제 소매업",39814,39814,1,1,계속,계속,4081623800,40816238000,47813,"화장품, 비누 및 방향제 소매업"
1114954,0,선진상사(엠리밋),61470,광주 동구 독립로 268,47419,기타 의복 소매업,41671,41671,0,0,계속,계속,4081627320,40816273200,47419,기타 의복 소매업
1114955,0,변호사이상현법률사무소,61440,광주 동구 동명로 105,71101,변호사업,39818,39818,1,1,계속,계속,4081627465,40816274650,71101,변호사업
1114958,0,수정,61484,광주 동구 천변우로 393-18,56111,한식 일반 음식점업,39815,39815,7,6,계속,계속,4081628218,40816282180,56111,한식 일반 음식점업
1114959,0,광주건축,61434,광주 동구 동계천로  151-25,41111,단독 주택 건설업,43381,43922,1,1,일괄유기,일괄유기,4081628391,40816283916,41111,단독 주택 건설업
1114965,0,벧엘상회,61477,광주 동구 충장로 26-1,46419,기타 생활용 섬유 및 직물제품 도매업,39845,39845,1,1,계속,계속,4081630368,40816303680,46419,기타 생활용 섬유 및 직물제품 도매업
1114971,0,박준상헤어붐2호점,61480,광주 동구 중앙로 163,96112,두발 미용업,41113,41113,3,0,계속,계속,4081632328,40816323280,96112,두발 미용업
1114977,0,대왕교육,61464,광주 동구 남문로693번길 11,46453,"서적, 잡지 및 기타 인쇄물 도매업",43617,43617,0,0,계속,계속,4081634573,40816345730,46453,"서적, 잡지 및 기타 인쇄물 도매업"
1114983,0,탑길산업,61412,광주광역시 동구 무등로 374,41999,건설업본사,44927,44927,1,1,계속,계속,4081640551,40816405510,41999,건설업본사
1114984,0,최진영 부동산,61483,광주 동구 충장로 102-11,68112,비주거용 건물 임대업,41334,41334,1,1,계속,계속,4081640658,40816406580,68112,비주거용 건물 임대업
1114988,0,렌즈미충장로점,61483,광주 동구 중앙로160번길 31-41,47822,안경 및 렌즈 소매업,42461,42461,1,0,계속,계속,4081642447,40816424470,47822,안경 및 렌즈 소매업
1114990,0,증심사중앙식당충장로점,61482,광주 동구 충장로 85-8,56111,한식 일반 음식점업,39947,39947,1,1,계속,계속,4081643669,40816436690,56111,한식 일반 음식점업
1114994,0,디자인이꼬르,61415,광주광역시 동구 계림로20번길 3,73203,시각 디자인업,42401,42401,2,2,계속,계속,4081645217,40816452170,73203,시각 디자인업
1114995,0,디자인이꼬르,61415,광주 동구 계림로20번길  3,41121,사무상업용 및 공공기관용 건물 건설업,45531,45531,1,1,일괄유기,일괄유기,4081645217,40816452176,41121,사무상업용 및 공공기관용 건물 건설업
1114997,0,문화디자인,61419,광주 동구 중흥로209번길 18,73202,제품 디자인업,42156,42156,5,5,계속,계속,4081645522,40816455220,73202,제품 디자인업
1114998,1,문화디자인,61474,광주 동구 제봉로 155-1,,,45253,,1,0,일괄유기,,4081645522,40816455226,,
1114999,0,무등가방,61437,광주 동구 필문대로187번길 10-2,15129,가방 및 기타 보호용 케이스 제조업,44173,44173,1,1,계속,계속,4081645560,40816455600,15129,가방 및 기타 보호용 케이스 제조업
1115000,0,증심사중앙식당,61493,광주 동구 증심사길30번길 15,56111,한식 일반 음식점업,39969,39969,1,1,계속,계속,4081645901,40816459010,56111,한식 일반 음식점업
1115003,0,정원,61488,광주 동구 백서로125번길 3,56122,일식 음식점업,39984,39984,2,2,계속,계속,4081646948,40816469480,56122,일식 음식점업
1115004,0,우진유통,61487,광주광역시 동구 서석로42,46329,기타 가공식품 도매업,41214,41214,3,3,계속,계속,4081647234,40816472340,46329,기타 가공식품 도매업
1115006,0,지유명차광주점,61492,광주 동구 운림길 57-11,56229,기타 비알코올 음료점업,42064,42064,1,1,계속,계속,4081648363,40816483630,56229,기타 비알코올 음료점업
1115007,0,팔도강산별관,61447,광주 동구 지호로127번길 10-1,56111,한식 일반 음식점업,42826,42826,3,2,계속,계속,4081648553,40816485530,56111,한식 일반 음식점업
1115013,0,땡땡이,61483,광주 동구 충장로 90,47429,"섬유 원단, 실 및 기타 섬유제품 소매업",42491,42491,1,1,계속,계속,4081653037,40816530370,47429,"섬유 원단, 실 및 기타 섬유제품 소매업"
1115014,0,5．18낙지전문점,61489,광주 동구 제봉로 21,56111,한식 일반 음식점업,40024,40024,2,2,계속,계속,4081653906,40816539060,56111,한식 일반 음식점업
1115016,0,효도의료기,61468,광주광역시 동구  제봉로 56,46442,의료용품 도매업,39636,39636,1,1,계속,계속,4081654583,40816545830,46442,의료용품 도매업
1115025,0,담양국수,61493,광주 동구 증심사길30번길 28-3,56111,한식 일반 음식점업,40483,40483,1,1,계속,계속,4081659176,40816591760,56111,한식 일반 음식점업
1115026,0,네파(무등산점）,61493,광주광역시 동구 증심사길30번길11,46464,운동 및 경기용품 도매업,41282,41282,4,4,계속,계속,4081659934,40816599340,46464,운동 및 경기용품 도매업
1115027,0,청하회관,61481,광주 동구 충장로 45-10,56111,한식 일반 음식점업,36708,36191,1,1,계속,계속,4081661328,40816613280,56111,한식 일반 음식점업
1115029,0,이쁘제미용실,61411,광주 동구 무등로 491,96112,두발 미용업,43770,43770,1,1,계속,계속,4081666298,40816662980,96112,두발 미용업
1115033,0,유디치과빌딩,61463,광주광역시 동구 남문로 694-10,68212,비주거용 부동산 관리업,45508,45508,1,1,계속,계속,4081668772,40816687720,68212,비주거용 부동산 관리업
1115038,0,대지식당,61493,광주 동구 증심사길30번길 27,56111,한식 일반 음식점업,40179,40179,1,1,계속,계속,4081671563,40816715630,56111,한식 일반 음식점업
1115048,0,제주물항1950,61433,광주 동구 필문대로 200,56111,한식 일반 음식점업,40179,40179,4,4,계속,계속,4081677247,40816772470,56111,한식 일반 음식점업
1115049,0,해주DC마트,61437,광주 동구 무등로 512,47129,기타 음ㆍ식료품 위주 종합 소매업,42644,42644,2,2,계속,계속,4081677271,40816772710,47129,기타 음ㆍ식료품 위주 종합 소매업
1115050,0,아이팩토리,61484,광주광역시 동구 서석로7번길5,47822,안경 및 렌즈 소매업,41730,41730,4,4,계속,계속,4081677679,40816776790,47822,안경 및 렌즈 소매업
1115056,0,은혜신발,61485,광주 동구 서석로 56,47430,신발 소매업,42278,42278,1,1,계속,계속,4081680719,40816807190,47430,신발 소매업
1115059,0,SH실업,61468,광주 동구 백서로 145-1,68119,기타 부동산 임대업,40239,40239,1,1,계속,계속,4081681095,40816810950,68119,기타 부동산 임대업
1115062,0,로뎀나무,61436,광주 동구 동계천로 150,71392,"광고물 문안, 도안, 설계 등 작성업",40360,40360,1,0,계속,계속,4081681232,40816812320,71392,"광고물 문안, 도안, 설계 등 작성업"
1115065,0,거성개발,61448,광주 동구 지산로 37,68212,비주거용 부동산 관리업,40330,40330,2,2,계속,계속,4081682380,40816823800,68212,비주거용 부동산 관리업
1115069,0,변호사구길선법률사무소,61445,광주 동구 지산로63번길 2,71101,변호사업,40221,40221,2,2,계속,계속,4081683225,40816832250,71101,변호사업
1115070,0,조대복사,61453,광주 동구 필문대로 337,18111,경 인쇄업,42310,42310,1,1,계속,계속,4081683341,40816833410,18111,경 인쇄업
1115073,0,오륙도,61429,광주 동구 동계천로 77,56111,한식 일반 음식점업,40238,40238,1,1,계속,계속,4081683832,40816838320,56111,한식 일반 음식점업
1115079,0,명품텔레콤,61402,광주 동구 계림동,47312,통신기기 소매업,43556,43556,1,1,계속,계속,4081688477,40816884770,47312,통신기기 소매업
1115080,0,월산약국,61428,광주 동구 경양로 278,47811,의약품 및 의료용품 소매업,40269,40269,1,1,계속,계속,4081689025,40816890250,47811,의약품 및 의료용품 소매업
1115082,0,부강애드,61507,광주 동구 화산로 313,33910,간판 및 광고물 제조업,41043,41043,1,1,계속,계속,4081697296,40816972960,33910,간판 및 광고물 제조업
1115086,0,채미원,61434,광주 동구 동계천로  167-7,56111,한식 일반 음식점업,41375,41375,1,1,계속,계속,4081698150,40816981500,56111,한식 일반 음식점업
1115087,0,법무사 조재권 사무소,61441,광주 동구 지산로 74-4,71101,변호사업,40308,40308,1,1,계속,계속,4081699182,40816991820,71101,변호사업
1115090,0,에버그린,61482,광주 동구 금남로1가,47813,"화장품, 비누 및 방향제 소매업",39234,39234,1,1,계속,계속,4081712222,40817122220,47813,"화장품, 비누 및 방향제 소매업"
1115091,0,나 뷰티코아,61491,광주 동구 의재로 117,96119,기타 미용업,36192,36161,5,5,계속,계속,4081712595,40817125950,96119,기타 미용업
1115092,0,유세준부동산,61483,광주 동구 중앙로160번길 15-8,68119,기타 부동산 임대업,43466,43466,0,0,계속,계속,4081712751,40817127510,68119,기타 부동산 임대업
1115096,0,문구라인/현대,61477,광주 동구 충장로 14-46,46452,"문구용품, 회화용품, 사무용품 도매업",40330,40330,2,2,계속,계속,4081719579,40817195790,46452,"문구용품, 회화용품, 사무용품 도매업"
1115100,0,변호사김신원법률사무소,61445,광주 동구 동명로 102-2,71101,변호사업,40343,40343,6,6,계속,계속,4081721454,40817214540,71101,변호사업
1115101,0,홈스마일,61402,광주 동구 중앙로 358,47190,그 외 기타 종합 소매업,40391,40391,0,0,계속,계속,4081721769,40817217690,47190,그 외 기타 종합 소매업
1115102,0,홍도,61427,광주 동구 동계천로 64,56111,한식 일반 음식점업,40360,40360,1,1,계속,계속,4081722322,40817223220,56111,한식 일반 음식점업
1115104,0,법무사 서동호사무소,61445,광주 동구 동명로 110,71101,변호사업,40365,40365,1,1,계속,계속,4081723317,40817233170,71101,변호사업
1115105,0,김범석법무사무소,61445,광주 동구 동명로 102,71103,법무사업,41897,41897,2,2,계속,계속,4081723511,40817235110,71103,법무사업
1115110,0,광주아이폰수리아이폰마켓블랙,61483,광주 동구 중앙로160번길 31-6,47859,그 외 기타 분류 안된 상품 전문 소매업,42186,42186,0,0,계속,계속,4081725241,40817252410,47859,그 외 기타 분류 안된 상품 전문 소매업
1115111,0,수자타,61494,광주 동구 동산길7번길 3,56111,한식 일반 음식점업,40360,40360,3,3,계속,계속,4081725561,40817255610,56111,한식 일반 음식점업
1115117,0,나영종세무회계사무소,61479,광주 동구 중앙로 149-5,71202,세무사업,40400,40400,3,3,계속,계속,4081727007,40817270070,71202,세무사업
1115120,0,법무사신인기사무소,61441,광주 동구 지산로78번길 16,71101,변호사업,40422,40422,4,4,계속,계속,4081728501,40817285010,71101,변호사업
1115122,0,한우목장,61419,광주 동구 무등로 298,47212,육류 소매업,44089,44089,2,2,계속,계속,4081730875,40817308750,47212,육류 소매업
1115123,0,정진포장,61487,광주 동구 백서로125번길 12-4,17909,그 외 기타 종이 및 판지 제품 제조업,40422,40422,3,3,계속,계속,4081731234,40817312340,17909,그 외 기타 종이 및 판지 제품 제조업
1115124,0,신성,61482,광주 동구 충장로 101-17,56111,한식 일반 음식점업,40439,40439,1,1,계속,계속,4081731758,40817317580,56111,한식 일반 음식점업
1115125,0,동대문아울렛,61483,광주 동구 중앙로160번길 3-6,47419,기타 의복 소매업,42248,42248,10,10,계속,계속,4081732214,40817322140,47419,기타 의복 소매업
1115129,0,탐스바닷가재,61447,광주 동구 지호로124번길 10-1,56111,한식 일반 음식점업,41183,41183,5,5,계속,계속,4081734721,40817347210,56111,한식 일반 음식점업
1115130,1,아주커치킨학동1점,61457,광주 동구 남문로 728,,,41031,,0,0,계속,,4081737067,40817370670,,
1115138,0,글라스온 렌즈타운,61483,광주 동구 중앙로160번길 7,47822,안경 및 렌즈 소매업,41650,41650,2,2,계속,계속,4081741668,40817416680,47822,안경 및 렌즈 소매업
1115139,0,JL2빌딩,61483,광주 동구 중앙로160번길 31-7,68122,비주거용 건물 개발 및 공급업,43831,43831,1,1,계속,계속,4081741881,40817418810,68122,비주거용 건물 개발 및 공급업
1115143,0,아스카일본어중국어통역학원,61474,광주 동구 예술길 31,85631,외국어학원,40523,40523,1,1,계속,계속,4081744006,40817440060,85631,외국어학원
1115147,0,대광유통,61477,광주 동구 충장로 16-1,47440,가방 및 기타 가죽제품 소매업,40575,40575,1,1,계속,계속,4081746173,40817461730,47440,가방 및 기타 가죽제품 소매업
1115149,0,조은안전산업,61418,광주 동구 무등로 456,46209,기타 산업용 농산물 도매업,40544,40544,1,1,계속,계속,4081747279,40817472790,46209,기타 산업용 농산물 도매업
1115150,0,김수인법무사,61445,광주 동구 동명로 110,71103,법무사업,40553,40553,4,4,계속,계속,4081747342,40817473420,71103,법무사업
1115151,0,중산건기(최제필),61434,광주광역시 동구 동명동 (동명동),42600,건설장비 운영업,42064,42064,1,1,계속,계속,4081747736,40817477360,42600,건설장비 운영업
1115158,0,박철세무회계사무소,61483,광주광역시 동구  중앙로 162-1,71202,세무사업,40634,40634,2,2,계속,계속,4081752563,40817525630,71202,세무사업
1115159,0,광주중앙미용학원,61482,광주광역시 동구  금남로 232-4,85669,기타 기술 및 직업훈련학원,40606,40606,3,3,계속,계속,4081753131,40817531310,85669,기타 기술 및 직업훈련학원
1115166,0,궁전제과,61482,광주 동구 충장로 93-6,56150,제과점업,40634,40634,36,35,계속,계속,4081755634,40817556340,56150,제과점업
1115168,0,밝은안경21,61464,광주광역시 동구 남문로669-1,47822,안경 및 렌즈 소매업,41306,41306,1,1,계속,계속,4081755916,40817559160,47822,안경 및 렌즈 소매업
1115169,0,파리바게트 학동삼성점,61464,광주 동구 남문로 689,56150,제과점업,40630,40630,1,1,계속,계속,4081756045,40817560450,56150,제과점업
1115170,0,FourSeason,61486,광주광역시 동구 문화전당로8,58190,기타 인쇄물 출판업,41153,41153,1,1,계속,계속,4081756268,40817562680,58190,기타 인쇄물 출판업
1115172,0,타임실업,61483,광주 동구 충장로 80-4,68119,기타 부동산 임대업,40695,40695,1,1,계속,계속,4081757097,40817570970,68119,기타 부동산 임대업
1115173,0,남광주종로약국,61469,광주 동구 제봉로 12,47811,의약품 및 의료용품 소매업,40634,40634,3,3,계속,계속,4081757331,40817573310,47811,의약품 및 의료용품 소매업
1115176,0,법무사 백남철 사무소,61445,광주 동구 지산로 71-7,71103,법무사업,40661,40661,3,3,계속,계속,4081758626,40817586260,71103,법무사업
1115179,0,법률사무소양현,61444,광주 동구 준법로 10,71101,변호사업,40664,40664,4,4,계속,계속,4081759625,40817596250,71101,변호사업
1115181,0,금향빌딩,61482,광주 동구 금남로 250-8,68119,기타 부동산 임대업,36892,36892,1,1,계속,계속,4081760291,40817602910,68119,기타 부동산 임대업
1115182,0,클라비스,61485,광주 동구 서석로 지하 56,47411,남자용 겉옷 소매업,40544,40544,1,1,계속,계속,4081764512,40817645120,47411,남자용 겉옷 소매업
1115183,0,머큐리,61482,광주 동구 충장로 95-2,47190,그 외 기타 종합 소매업,41219,41219,1,1,계속,계속,4081766335,40817663350,47190,그 외 기타 종합 소매업
1115185,0,오케이금고오케이열쇠,61482,광주 동구 금남로 232,46721,1차 금속제품 도매업,36708,36069,1,1,계속,계속,4081768084,40817680840,46721,1차 금속제품 도매업
1115186,0,오케이금고 오케이 열쇠,61471,광주 동구 금남로 232,42500,시설물 유지관리 공사업,45395,45395,1,1,일괄유기,일괄유기,4081768084,40817680846,42500,시설물 유지관리 공사업
1115187,0,에코스(이정언),61485,광주 동구 서석로 지하 56,47419,기타 의복 소매업,41643,41643,1,1,계속,계속,4081768589,40817685890,47419,기타 의복 소매업
1115189,1,김영자코디,61400,광주 동구 무등로 418,,,45996,,1,0,일괄유기,,4081769308,40817693086,,
1115196,0,자모,61420,광주 동구 중앙로 327,68119,기타 부동산 임대업,40763,40763,1,1,계속,계속,4081770751,40817707510,68119,기타 부동산 임대업
1115198,1,김가네,61448,광주 동구 필문대로273번길 17,,,41760,,0,0,계속,,4081772929,40817729290,,
1115199,0,씨유학운그랜드점,61463,광주 동구 의재로 34-1,47122,체인화 편의점,42202,42202,4,4,계속,계속,4081774024,40817740240,47122,체인화 편의점
1115203,0,포낙보청기,61486,광주 동구 제봉로 55,47812,의료용 기구 소매업,42370,42370,1,1,계속,계속,4081775305,40817753050,47812,의료용 기구 소매업
1115204,0,도안빌딩,61464,광주광역시 동구 남문로689,68212,비주거용 부동산 관리업,40909,40909,2,2,계속,계속,4081775585,40817755850,68212,비주거용 부동산 관리업
1115209,0,중앙피부과의원,61484,광주 동구 중앙로 158-1,86201,일반 의원,36708,36069,3,3,계속,계속,4081776677,40817766770,86201,일반 의원
1115210,0,문앤문의원,61481,광주 동구 구성로 176,86201,일반 의원,37956,37956,4,4,계속,계속,4081776721,40817767210,86201,일반 의원
1115211,0,류봉수성형외과,61487,광주 동구 서석로 40,86201,일반 의원,36708,36610,4,4,계속,계속,4081776736,40817767360,86201,일반 의원
1115212,0,명승1,61493,광주광역시 동구 증심사길30번길47,56111,한식 일반 음식점업,41214,41214,1,1,계속,계속,4081776769,40817767690,56111,한식 일반 음식점업
1115216,0,동양미인의원,61481,광주 동구 금남로 184,86201,일반 의원,40544,40544,4,4,계속,계속,4081777074,40817770740,86201,일반 의원
1115217,0,최광림성형외과의원,61483,광주 동구 중앙로 164,86102,일반 병원,36708,36547,1,1,계속,계속,4081777297,40817772970,86102,일반 병원
1115224,0,도쿄쥬스영（TokyoJuiceyoung）,61483,광주광역시 동구 충장로안길 7-1,47419,기타 의복 소매업,45628,45628,2,2,계속,계속,4081778791,40817787910,47419,기타 의복 소매업
1115230,0,디자인숲,61488,광주 동구 백서로125번길 11,18111,경 인쇄업,43009,43009,1,1,계속,계속,4081780851,40817808510,18111,경 인쇄업
1115232,0,씨유동명중앙점,61434,광주 동구 동계천로 143,47122,체인화 편의점,42005,42005,6,1,계속,계속,4081781087,40817810870,47122,체인화 편의점
1115233,0,진월안전철물상사,61498,광주 동구 학소로 89-1,46622,"철물, 금속 파스너 및 수공구 도매업",41244,41244,2,2,계속,계속,4081781262,40817812620,46622,"철물, 금속 파스너 및 수공구 도매업"
1115235,0,법무사김대식사무소,61443,광주 동구 밤실로 20-1,71103,법무사업,40759,40759,1,1,계속,계속,4081781883,40817818830,71103,법무사업
1115239,0,이니스프리 조선대점,61449,광주 동구 필문대로273번길 24,47813,"화장품, 비누 및 방향제 소매업",42552,42552,2,2,계속,계속,4081782844,40817828440,47813,"화장품, 비누 및 방향제 소매업"
1115240,0,충장로뉴발란스메가샵,61483,광주 동구 충장로 82,47430,신발 소매업,43647,43647,5,5,계속,계속,4081783237,40817832370,47430,신발 소매업
1115242,0,못된고양이,61483,광주 동구 충장로 80-9,47429,"섬유 원단, 실 및 기타 섬유제품 소매업",40836,40836,1,1,계속,계속,4081784615,40817846150,47429,"섬유 원단, 실 및 기타 섬유제품 소매업"
1115244,0,디지털시네마라인,61479,광주 동구 구성로152번길 20,59130,"영화, 비디오물 및 방송프로그램 배급업",41030,41030,1,1,계속,계속,4081785026,40817850260,59130,"영화, 비디오물 및 방송프로그램 배급업"
1115245,0,충금주차장,61480,광주 동구 중앙로 165,52915,주차장 운영업,40796,40796,1,1,계속,계속,4081785346,40817853460,52915,주차장 운영업
1115249,0,도스마스（조선대점）,61449,광주 동구 필문대로273번길 8-1,56129,기타 외국식 음식점업,42217,42217,1,1,계속,계속,4081787664,40817876640,56129,기타 외국식 음식점업
1115251,0,두번째이야기,61478,광주광역시 동구 천변우로 339,47912,전자상거래 소매업,44197,44197,1,1,계속,계속,4081788931,40817889310,47912,전자상거래 소매업
1115253,0,법무사서한석사무소,61445,광주 동구 동명로 110,71103,법무사업,40837,40837,5,5,계속,계속,4081791789,40817917890,71103,법무사업
1115254,0,금향,61413,광주광역시 동구 중앙로272번길4,56111,한식 일반 음식점업,40987,40987,4,4,계속,계속,4081792245,40817922450,56111,한식 일반 음식점업
1115256,0,세븐일레븐 충장로점,61479,광주 동구 구성로152번길 24,47122,체인화 편의점,41275,41275,5,5,계속,계속,4081793322,40817933220,47122,체인화 편의점
1115262,0,안뜨레,61498,광주 동구 남문로634번길 1-32,56111,한식 일반 음식점업,44896,44896,2,2,계속,계속,4081796289,40817962890,56111,한식 일반 음식점업
1115263,0,조대깻잎통닭,61449,광주 동구  필문대로287번길 23,56162,치킨 전문점,41183,41183,3,3,계속,계속,4081796519,40817965190,56162,치킨 전문점
1115264,0,새롬food,61433,광주광역시 동구  동명로 81-9,46329,기타 가공식품 도매업,41214,41214,2,2,계속,계속,4081797328,40817973280,46329,기타 가공식품 도매업
1115266,0,뉴미래특허법률사무소,61441,광주 동구 지산로,71109,기타 법무관련 서비스업,40909,40909,0,0,계속,계속,4081798308,40817983080,71109,기타 법무관련 서비스업
1115271,0,대성학원매점,61465,광주 동구  제봉로 92,47231,음료 소매업,40914,40914,0,0,계속,계속,4081820146,40818201460,47231,음료 소매업
1115272,0,조군희세무회계사무소,61483,광주 동구 중앙로,71202,세무사업,40909,40909,2,2,계속,계속,4081820165,40818201650,71202,세무사업
1115273,0,이화상사,61476,광주 동구 금남로,46451,"생활용 포장 및 위생용품, 봉투 및 유사 제품 도매업",40909,40909,1,1,계속,계속,4081820205,40818202050,46451,"생활용 포장 및 위생용품, 봉투 및 유사 제품 도매업"
1115275,0,디자인씨디알,61489,광주광역시 동구 백서로130,58113,일반 서적 출판업,41365,41365,1,1,계속,계속,4081820296,40818202960,58113,일반 서적 출판업
1115279,0,써니스토어（SUNNYSTORE）,61501,광주 동구 학소로76번길 14,47912,전자상거래 소매업,44713,44713,1,1,계속,계속,4081822106,40818221060,47912,전자상거래 소매업
1115280,0,오렌즈광주충장로1호점,61484,광주광역시 동구 중앙로160번길14,47822,안경 및 렌즈 소매업,41306,41306,2,2,계속,계속,4081822386,40818223860,47822,안경 및 렌즈 소매업
1115282,0,기홍석안과의원,61463,광주 동구 남문로 698,86201,일반 의원,40929,40929,5,5,계속,계속,4081822576,40818225760,86201,일반 의원
1115284,0,백상기업,61428,광주 동구 구성로238번길 4,41999,건설업본사,41893,41893,1,1,계속,계속,4081823366,40818233660,41999,건설업본사
1115290,0,변호사이재강법률사무소,61445,광주광역시 동구 동명로110,71101,변호사업,40969,40969,2,2,계속,계속,4081827246,40818272460,71101,변호사업
1115292,0,신강지질,61514,광주광역시 동구  육판서길 17,41999,건설업본사,43771,43771,1,1,계속,계속,4081827396,40818273960,41999,건설업본사
1115294,0,아이엠디자인,61438,광주광역시 동구  밤실로 78-1,41999,건설업본사,41000,41000,1,1,계속,계속,4081827625,40818276250,41999,건설업본사
1115295,0,아이엠디자인,61438,광주광역시 동구 밤실로 78-1,42412,"도배, 실내장식 및 내장 목공사업",43845,43845,1,1,일괄유기,일괄유기,4081827625,40818276256,42412,"도배, 실내장식 및 내장 목공사업"
1115296,0,변호사이본석법률사무소,61441,광주 동구 지산로 82,71101,변호사업,41000,41000,1,1,계속,계속,4081827678,40818276780,71101,변호사업
1115301,0,변호사박연재 법률사무소,61441,광주 동구 지산로78번길,71101,변호사업,40980,40980,1,1,계속,계속,4081828250,40818282500,71101,변호사업
1115305,0,덕산오징어보쌈,61500,광주 동구 남문로622번길 20,56111,한식 일반 음식점업,42928,42928,1,1,계속,계속,4081829870,40818298700,56111,한식 일반 음식점업
1115307,0,오가헌,61472,광주광역시 동구 구성로194번길00024,56111,한식 일반 음식점업,41000,41000,1,1,계속,계속,4081830299,40818302990,56111,한식 일반 음식점업
1115308,0,막스마라 롯데백화점 광주점,61470,광주 동구 독립로 268,47417,유아용 의류 소매업,41000,41000,1,1,계속,계속,4081830339,40818303390,47417,유아용 의류 소매업
1115312,0,디케이엔와이여성 롯데광주점,61470,광주 동구 독립로 268,46109,상품종합 중개업,43619,43619,1,1,계속,계속,4081831527,40818315270,46109,상품종합 중개업
1115314,0,청담스킨앤스파,61437,광주 동구  밤실로 85,96113,피부 미용업,41015,41015,0,0,계속,계속,4081832434,40818324340,96113,피부 미용업
1115316,0,교촌치킨학동점,61463,광주광역시 동구  의재로 22,56162,치킨 전문점,41122,43466,2,2,계속,계속,4081833369,40818333690,56162,치킨 전문점
1115318,0,동양약국,61431,광주광역시 동구 동계천로74,47811,의약품 및 의료용품 소매업,41061,41061,2,2,계속,계속,4081834989,40818349890,47811,의약품 및 의료용품 소매업
1115319,0,돼지아빠,61439,광주광역시 동구  필문대로 193-1,47212,육류 소매업,40963,40963,1,1,계속,계속,4081836196,40818361960,47212,육류 소매업
1115320,0,여성크로커다일,61457,광주 동구 남문로 716-5,47412,여자용 겉옷 소매업,41760,41760,1,1,계속,계속,4081837220,40818372200,47412,여자용 겉옷 소매업
1115325,0,게스　언더웨어,61483,광주 동구 충장로  66-2,47631,운동 및 경기용품 소매업,43466,43466,5,5,계속,계속,4081839645,40818396450,47631,운동 및 경기용품 소매업
1115330,0,더조은상사,61423,광주 동구 경양로 279,47519,"페인트, 창호 및 기타 건설자재 소매업",43191,43191,1,1,계속,계속,4081841592,40818415920,47519,"페인트, 창호 및 기타 건설자재 소매업"
1115331,0,CU서석그랜드점,61468,광주 동구 백서로,47122,체인화 편의점,41086,42186,6,6,계속,계속,4081841933,40818419330,47122,체인화 편의점
1115339,0,에이스가구,61470,광주 동구 독립로  268,47520,가구 소매업,42262,42262,3,3,계속,계속,4081844153,40818441530,47520,가구 소매업
1115340,0,하루,61426,광주 동구 동계천로6번길 9,55102,여관업,43647,43647,1,1,계속,계속,4081844610,40818446100,55102,여관업
1115341,0,법무사최왕현사무소,61445,광주 동구  동명로 110,71103,법무사업,41107,41107,2,2,계속,계속,4081844890,40818448900,71103,법무사업
1115346,0,줄벼락,61449,광주 동구 필문대로287번길 29-3,56111,한식 일반 음식점업,42826,42826,13,13,계속,계속,4081845813,40818458130,56111,한식 일반 음식점업
1115348,0,엔제리너스 무등산점,61493,광주 동구 증심사길 25,56229,기타 비알코올 음료점업,41730,41730,14,7,계속,계속,4081847368,40818473680,56229,기타 비알코올 음료점업
1115353,0,지에스25조대후문,61449,광주 동구 필문대로287번길 15-2,47122,체인화 편의점,42010,42552,7,7,계속,계속,4081848163,40818481630,47122,체인화 편의점
1115357,0,캘리헤어,61482,광주 동구 금남로 250-8,96112,두발 미용업,43079,43079,2,2,계속,계속,4081851066,40818510660,96112,두발 미용업
1115358,0,지혜머리방,61454,광주 동구 남문로754번길 2-11,96112,두발 미용업,45839,45839,1,1,계속,계속,4081851237,40818512370,96112,두발 미용업
1115361,0,동광전력,61471,광주광역시 동구 구성로 183,41999,건설업본사,45627,45627,1,1,계속,계속,4081851426,40818514260,41999,건설업본사
1115366,0,해남식당,61479,광주 동구 중앙로 149-5,56111,한식 일반 음식점업,42827,42827,4,4,계속,계속,4081853929,40818539290,56111,한식 일반 음식점업
1115374,0,변호사송지현법률사무소,61440,광주광역시 동구 동명로 101-1,71101,변호사업,41204,41204,1,1,계속,계속,4081855951,40818559510,71101,변호사업
1115381,0,에이플러스,61468,광주 동구 백서로176번길 2-1,74211,건축물 일반 청소업,43468,43468,1,1,계속,계속,4081858109,40818581090,74211,건축물 일반 청소업
1115385,0,법무사김주현사무소,61441,광주광역시 동구  지산로 88,71103,법무사업,41233,41233,4,4,계속,계속,4081858619,40818586190,71103,법무사업
1115387,0,포에버마인스튜디오 광주점,61434,광주광역시 동구  동명로 56,73301,인물사진 및 행사용 영상 촬영업,41487,41487,2,2,계속,계속,4081858905,40818589050,73301,인물사진 및 행사용 영상 촬영업
1115390,0,랑게&해밀 스튜디오,61488,광주 동구 문화전당로23번길 38-1,73301,인물사진 및 행사용 영상 촬영업,42439,42439,8,8,계속,계속,4081859675,40818596750,73301,인물사진 및 행사용 영상 촬영업
1115391,0,"1,2,3써비스공사",61478,광주 동구 천변우로 339,75121,임시 및 일용 인력 공급업,35796,36069,2,2,일괄계속,계속,4081862582,40818625820,75121,임시 및 일용 인력 공급업
1115402,0,벤포스타,61431,광주 동구 제봉로158번길 3,33999,그 외 기타 달리 분류되지 않은 제품 제조업,43040,43040,0,0,계속,계속,4081866991,40818669910,33999,그 외 기타 달리 분류되지 않은 제품 제조업
1115407,0,풍년,61462,광주 동구 학소로 128-1,10601,떡류 제조업,42675,42675,1,1,계속,계속,4081867990,40818679900,10601,떡류 제조업
1115412,0,진영메디칼,61411,광주 동구 필문대로159번길 15-11,47811,의약품 및 의료용품 소매업,43891,43891,1,1,계속,계속,4081869038,40818690380,47811,의약품 및 의료용품 소매업
1115419,0,지엔푸드엔시스템즈,61502,광주 동구 지원로 18,47223,조리 반찬류 소매업,44805,44805,1,1,계속,계속,4081870684,40818706840,47223,조리 반찬류 소매업
1115425,0,선기획,61487,광주광역시 동구  백서로 127,71392,"광고물 문안, 도안, 설계 등 작성업",41313,41313,0,0,계속,계속,4081872042,40818720420,71392,"광고물 문안, 도안, 설계 등 작성업"
1115426,0,일신주차장,61476,광주 동구 구성로,52915,주차장 운영업,41275,41275,1,1,계속,계속,4081873094,40818730940,52915,주차장 운영업
1115428,0,변호사이성숙법률사무소,61440,광주 동구 동명로 109,71101,변호사업,41351,41351,4,4,계속,계속,4081874190,40818741900,71101,변호사업
1115429,1,KC기업,61430,광주 동구 경양로 312,,,45905,,4,0,일괄유기,,4081874943,40818749436,,
1115434,0,덴탈하우스,61462,광주광역시 동구  증심천로 39-1,47811,의약품 및 의료용품 소매업,41365,41365,1,1,계속,계속,4081877237,40818772370,47811,의약품 및 의료용품 소매업
1115437,0,보스당구장,61483,광주 동구 중앙로160번길 35,91135,당구장 운영업,44369,44369,1,1,계속,계속,4081881541,40818815410,91135,당구장 운영업
1115438,0,제이누이,61479,광주 동구 구성로  142,47422,의복 액세서리 및 모조 장신구 소매업,43556,43556,1,1,계속,계속,4081881600,40818816000,47422,의복 액세서리 및 모조 장신구 소매업
1115440,0,트리플엑스,61483,광주 동구 충장로안길 7,46413,남녀용 겉옷 및 셔츠 도매업,43988,43988,1,1,계속,계속,4081882609,40818826090,46413,남녀용 겉옷 및 셔츠 도매업
1115441,0,캔모아,61483,광주광역시 동구 중앙로 170,56191,김밥 및 기타 간이 음식점업,45627,45627,2,2,계속,계속,4081882986,40818829860,56191,김밥 및 기타 간이 음식점업
1115443,0,만상,61484,광주 동구 서석로7번길 12-29,56229,기타 비알코올 음료점업,43009,43009,1,2,계속,계속,4081883554,40818835540,56229,기타 비알코올 음료점업
1115445,0,다온건축,61421,광주 동구 무등로304번길 58,41999,건설업본사,44343,44343,1,1,계속,계속,4081883632,40818836320,41999,건설업본사
1115446,1,다온건축,61421,광주 동구 무등로304번길 58,,,42973,,1,0,일괄유기,,4081883632,40818836326,,
1115448,0,미쉘헤어,61408,광주 동구 밤실로 147,96112,두발 미용업,44927,44927,1,1,계속,계속,4081884422,40818844220,96112,두발 미용업
1115452,0,승원산업,61419,광주광역시 동구 독립로350번길 12,27215,기기용 자동측정 및 제어장치 제조업,45444,45444,1,1,계속,계속,4081887579,40818875790,27215,기기용 자동측정 및 제어장치 제조업
1115453,0,은성산업,61504,광주 동구 남문로 587,41999,건설업본사,44990,44990,1,1,계속,계속,4081888092,40818880920,41999,건설업본사
1115456,0,카페젬마,61474,광주 동구 예술길 31-16,56199,간이음식 포장 판매 전문점,41487,41487,1,1,계속,계속,4081888767,40818887670,56199,간이음식 포장 판매 전문점
1115458,0,법무사유정현사무소,61441,광주 동구 지산로78번길 9,71103,법무사업,41498,41498,2,2,계속,계속,4081889048,40818890480,71103,법무사업
1115461,0,스카이모터스,61417,광주 동구 무등로 428-2,95211,자동차 종합 수리업,42817,42817,1,1,계속,계속,4081892543,40818925430,95211,자동차 종합 수리업
1115465,0,투탑스짐휘트니스3호점,61483,광주 동구 중앙로160번길 13,91132,체력단련시설 운영업,42553,42553,3,3,계속,계속,4081893519,40818935190,91132,체력단련시설 운영업
1115466,0,남도항아리보쌈 학동점,61459,광주 동구 의재로 17-1,56162,치킨 전문점,42217,42217,5,5,계속,계속,4081893770,40818937700,56162,치킨 전문점
1115468,0,다선헤어,61482,광주 동구 금남로 242-5,96112,두발 미용업,41791,41791,6,5,계속,계속,4081894425,40818944250,96112,두발 미용업
1115473,0,현대광고자재상사,61421,광주광역시 동구 중흥로206,18111,경 인쇄업,42125,42125,1,1,계속,계속,4081895026,40818950260,18111,경 인쇄업
1115474,0,오브라스튜디오동행,61445,광주 동구 필문대로 233,73301,인물사진 및 행사용 영상 촬영업,43971,43971,1,1,계속,계속,4081895481,40818954810,73301,인물사진 및 행사용 영상 촬영업
1115476,0,피그먼트,61483,광주광역시 동구 중앙로160번길11,47419,기타 의복 소매업,41785,41785,4,4,계속,계속,4081896350,40818963500,47419,기타 의복 소매업
1115477,0,오렌즈금남로점E안경,61482,광주광역시 동구 금남로250-9,47822,안경 및 렌즈 소매업,41521,41521,4,4,계속,계속,4081896495,40818964950,47822,안경 및 렌즈 소매업
1115479,0,화성공조닥트,61511,광주 동구 칠전길 57-8,29174,산업용 송풍기 및 배기장치 제조업,44228,44228,1,1,계속,계속,4081896855,40818968550,29174,산업용 송풍기 및 배기장치 제조업
1115480,0,세븐일레븐 광주대인점,61426,광주 동구 구성로 221-1,47122,체인화 편의점,41852,41852,4,4,계속,계속,4081897005,40818970050,47122,체인화 편의점
1115483,0,103무슈（Monsieur）,61484,광주광역시 동구 서석로 1-1,47419,기타 의복 소매업,42156,42156,2,2,계속,계속,4081897489,40818974890,47419,기타 의복 소매업
1115485,0,혼술천국,61449,광주 동구 필문대로287번길 15-15,56213,생맥주 전문점,43773,43773,1,1,계속,계속,4081898101,40818981010,56213,생맥주 전문점
1115486,0,오성메디칼,61489,광주 동구 제봉로 33,46593,정밀기기 및 과학기기 도매업,42234,42234,4,4,계속,계속,4081898168,40818981680,46593,정밀기기 및 과학기기 도매업
1115487,0,김영덕(건물),61478,광주 동구 독립로226번길 20,74100,사업시설 유지관리 서비스업,42370,42370,0,0,계속,계속,4081898284,40818982840,74100,사업시설 유지관리 서비스업
1115496,0,글로벌시스템,61502,광주광역시 동구 지원로14,47320,가전제품 소매업,41944,41944,1,1,계속,계속,4081905609,40819056090,47320,가전제품 소매업
1115497,0,글로벌시스템,61502,광주 동구 지원로 14,42209,기타 건물 관련설비 설치 공사업,41968,41968,2,0,일괄유기,일괄유기,4081905609,40819056096,42209,기타 건물 관련설비 설치 공사업
1115499,0,영산포한우암소직매장,61411,광주 동구 밤실로 109,47212,육류 소매업,42644,42644,1,1,계속,계속,4081908023,40819080230,47212,육류 소매업
1115501,0,카페파스쿠찌광주황금점,61483,광주광역시 동구 중앙로160번길15-3,56229,기타 비알코올 음료점업,41913,41913,6,6,계속,계속,4081908358,40819083580,56229,기타 비알코올 음료점업
1115502,0,김밥천국대인점,61426,광주광역시 동구 제봉로222번길2,56111,한식 일반 음식점업,41934,41934,1,1,계속,계속,4081908377,40819083770,56111,한식 일반 음식점업
1115507,0,변호사이수학법률사무소,61441,광주광역시 동구  지산로78번길 5,71101,변호사업,41591,41591,1,1,계속,계속,4081909357,40819093570,71101,변호사업
1115508,0,영안반점,61481,광주 동구 충장로 45-13,56121,중식 음식점업,41579,41609,2,1,계속,계속,4081909584,40819095840,56121,중식 음식점업
1115509,0,베스트삼성소비조합,61476,광주 동구 금남로 148,47612,문구용품 및 회화용품 소매업,42530,42530,1,1,계속,계속,4081910039,40819100390,47612,문구용품 및 회화용품 소매업
1115510,0,담희출판,61487,광주 동구 문화전당로23번길 5-16,58113,일반 서적 출판업,41583,41583,0,0,계속,계속,4081910058,40819100580,58113,일반 서적 출판업
1115513,0,대학온누리약국,61468,광주광역시 동구 백서로155-1,47811,의약품 및 의료용품 소매업,41615,41615,6,6,계속,계속,4081911396,40819113960,47811,의약품 및 의료용품 소매업
1115514,0,보광옥,61480,광주광역시 동구 충장로46번길 16,56111,한식 일반 음식점업,41671,41671,10,10,계속,계속,4081911644,40819116440,56111,한식 일반 음식점업
1115519,0,알랭,61434,광주 동구 동명로20번길 17-6,56111,한식 일반 음식점업,44535,44535,1,1,계속,계속,4081912911,40819129110,56111,한식 일반 음식점업
1115522,0,TOP유통,61498,광주 동구 남문로622번길 17-6,46324,낙농품 및 동식물성 유지 도매업,44621,44621,1,1,계속,계속,4081913341,40819133410,46324,낙농품 및 동식물성 유지 도매업
1115524,0,조양식육식당,61427,광주 동구 제봉로200번길 1-4,56113,한식 육류요리 전문점,43166,43166,1,1,계속,계속,4081913749,40819137490,56113,한식 육류요리 전문점
1115527,0,변호사임형모김동관법률사무소,61441,광주광역시 동구 지산2동 (지산동),71101,변호사업,41643,41643,7,7,계속,계속,4081915301,40819153010,71101,변호사업
1115531,0,참새방앗간,61463,광주광역시 동구 의재로28,10601,떡류 제조업,41640,41640,1,1,계속,계속,4081915688,40819156880,10601,떡류 제조업
1115532,0,변호사지미경법률사무소,61444,광주 동구 준법로 10-1,71101,변호사업,41701,41701,1,1,계속,계속,4081915709,40819157090,71101,변호사업
1115536,0,광주고운세상피부과의원,61487,광주 동구 서석로 42,86201,일반 의원,38139,38139,5,5,계속,계속,4081915825,40819158250,86201,일반 의원
1115537,0,변호사 최형주 법률사무소,61445,광주광역시 동구  동명로 114,71101,변호사업,41641,41641,1,1,계속,계속,4081915994,40819159940,71101,변호사업
1115547,0,전남피부과의원,61463,광주 동구 남문로 664,86201,일반 의원,36708,36069,3,3,계속,계속,4081917987,40819179870,86201,일반 의원
1115550,0,강남비뇨기과의원,61470,광주 동구 제봉로 207,86201,일반 의원,37001,37001,3,3,계속,계속,4081918138,40819181380,86201,일반 의원
1115552,0,박미순피부과의원,61409,광주 동구 갈마로 46,86201,일반 의원,36708,36685,2,2,계속,계속,4081918313,40819183130,86201,일반 의원
1115561,0,캐쥬얼리（Casually）,61484,광주 동구 서석로7번길 10-2,47414,셔츠 및 블라우스 소매업,43466,43466,1,1,계속,계속,4081919326,40819193260,47414,셔츠 및 블라우스 소매업
1115562,0,필요한가정의학과의원,61460,광주광역시 동구  의재로 57,86201,일반 의원,36708,36069,2,2,계속,계속,4081919350,40819193500,86201,일반 의원
1115564,0,아름다운피부과,61402,광주 동구 중앙로 358,86201,일반 의원,38899,38899,6,6,계속,계속,4081919438,40819194380,86201,일반 의원
1115566,0,박종수치과,61483,광주광역시 동구 중앙로 162,86202,치과 의원,36708,36069,1,1,계속,계속,4081919587,40819195870,86202,치과 의원
1115570,0,미즈유로여성의원,61468,광주광역시 동구 제봉로 52,86201,일반 의원,38173,38173,3,3,계속,계속,4081919665,40819196650,86201,일반 의원
1115572,0,김성식비뇨기과,61405,광주 동구 필문대로106번길 2,86201,일반 의원,36708,36069,0,0,계속,계속,4081920065,40819200650,86201,일반 의원
1115576,0,기찬종피부과의원,61480,광주 동구 중앙로 173,86201,일반 의원,36708,36069,2,2,계속,계속,4081920648,40819206480,86201,일반 의원
1115577,0,다미원,61437,광주 동구 필문대로191번길 15-7,56111,한식 일반 음식점업,43487,43487,0,0,계속,계속,4081920880,40819208800,56111,한식 일반 음식점업
1115580,0,고기오닭갈비,61449,광주 동구 필문대로295번길 23-12,56111,한식 일반 음식점업,41699,41699,12,12,계속,계속,4081921180,40819211800,56111,한식 일반 음식점업
1115583,0,재원인쇄,61487,광주 동구 백서로137번길 30-1,18111,경 인쇄업,45362,45362,1,1,계속,계속,4081921384,40819213840,18111,경 인쇄업
1115585,0,롯데백화점디스커버리,61470,광주 동구 독립로 268,47419,기타 의복 소매업,42186,42186,1,1,계속,계속,4081921502,40819215020,47419,기타 의복 소매업
1115586,0,서정치과의원,61463,광주광역시 동구 남문로 694-7,86202,치과 의원,36008,36069,37,37,계속,계속,4081921628,40819216280,86202,치과 의원
1115591,0,코숨 샘물한의원,61473,광주 동구 구성로 198-1,86203,한의원,41395,41395,1,1,계속,계속,4081922627,40819226270,86203,한의원
1115592,0,유승우피부비뇨기과,61465,광주 동구 제봉로 106,86201,일반 의원,36708,36069,2,2,계속,계속,4081923077,40819230770,86201,일반 의원
1115594,0,해피,61483,광주 동구 충장로 102-5,47419,기타 의복 소매업,42248,42248,3,3,계속,계속,4081923214,40819232140,47419,기타 의복 소매업
1115595,0,인촌,61473,광주 동구 구성로194번길 23,56111,한식 일반 음식점업,42980,42980,0,0,계속,계속,4081923311,40819233110,56111,한식 일반 음식점업
1115597,0,고진석의원,61407,광주 동구 갈마로 2,86201,일반 의원,36708,36069,2,2,계속,계속,4081923489,40819234890,86201,일반 의원
1115598,0,디컴퍼니,61439,광주 동구 밤실로 55,16292,장식용 목제품 제조업,43283,43283,2,2,계속,계속,4081923679,40819236790,16292,장식용 목제품 제조업
1115599,0,하늘천따지,61449,광주 동구 필문대로273번길 6,56219,기타 주점업,41810,41810,0,0,계속,계속,4081923742,40819237420,56219,기타 주점업
1115601,0,예향한방병원,61422,광주광역시 동구  경양로 237,86104,한방 병원,40753,40753,28,28,계속,계속,4081924697,40819246970,86104,한방 병원
1115605,0,제주기획,61406,광주 동구 무등로449번길 22-15,41999,건설업본사,42755,42755,0,1,계속,계속,4081925997,40819259970,41999,건설업본사
1115606,0,제주기획,61406,광주 동구 무등로449번길 22-15,42209,기타 건물 관련설비 설치 공사업,42354,44166,1,1,일괄유기,일괄유기,4081925997,40819259976,42209,기타 건물 관련설비 설치 공사업
1115608,0,커피스미스광주가로수점,61487,광주 동구 서석로 30,56221,커피 전문점,41760,41760,5,5,계속,계속,4081926211,40819262110,56221,커피 전문점
1115609,0,성덕상사,61419,광주광역시 동구  중흥로209번길 1,46593,정밀기기 및 과학기기 도매업,44593,44593,1,1,계속,계속,4081926792,40819267920,46593,정밀기기 및 과학기기 도매업
1115612,0,씨포（C4）,61436,광주 동구 장동로 37,56221,커피 전문점,45231,45231,2,1,계속,계속,4081927340,40819273400,56221,커피 전문점
1115614,0,부동산(문경숙),61482,광주 동구 충장로 95-2,68212,비주거용 부동산 관리업,41730,41730,1,1,계속,계속,4081927807,40819278070,68212,비주거용 부동산 관리업
1115617,0,든든상회,61465,광주 동구 제봉로 114,56123,서양식 음식점업,42403,42403,5,5,계속,계속,4081928903,40819289030,56123,서양식 음식점업
1115620,0,2맨리(manly),61484,광주 동구 중앙로160번길 38,47419,기타 의복 소매업,44440,44440,1,1,계속,계속,4081930087,40819300870,47419,기타 의복 소매업
1115624,0,롯데광주빈폴,61470,광주광역시 동구  독립로 268,47419,기타 의복 소매업,41974,41974,1,1,계속,계속,4081931257,40819312570,47419,기타 의복 소매업
1115626,0,뜰안채,61486,광주광역시 동구  문화전당로26번길 10-4,56111,한식 일반 음식점업,42005,42005,4,4,계속,계속,4081931581,40819315810,56111,한식 일반 음식점업
1115630,0,아베끄by분장,61484,광주 동구 서석로 13-1,96113,피부 미용업,43770,43770,3,1,계속,계속,4081932052,40819320520,96113,피부 미용업
1115633,0,더비비(THEB.B슈가슈가링광주점),61484,광주 동구 서석로7번길 6-2,96119,기타 미용업,43678,43678,1,1,계속,계속,4081933099,40819330990,96119,기타 미용업
1115634,0,세도참고깃간,61401,광주 동구 무등로 311,47212,육류 소매업,41791,41791,3,3,계속,계속,4081933162,40819331620,47212,육류 소매업
1115638,0,Able520,61484,광주 동구 중앙로160번길 10,47419,기타 의복 소매업,41913,41913,3,3,계속,계속,4081934220,40819342200,47419,기타 의복 소매업
1115640,0,지유（GU）,61486,광주광역시 동구 문화전당로18-1,58113,일반 서적 출판업,41841,41841,2,2,계속,계속,4081935097,40819350970,58113,일반 서적 출판업
1115646,0,W화이트치과의원,61431,광주광역시 동구 동계천로74,86202,치과 의원,41855,41855,5,5,계속,계속,4081936247,40819362470,86202,치과 의원
1115651,0,법무사최영섭사무소,61441,광주 동구 지산로78번길 15,71103,법무사업,41825,41825,1,1,계속,계속,4081937891,40819378910,71103,법무사업
1115652,0,박용연법무사사무소,61445,광주 동구 동명로 102,71103,법무사업,41822,41822,3,3,계속,계속,4081938473,40819384730,71103,법무사업
1115653,0,정명인디고,61488,광주 동구 천변우로 439,75911,문서작성 및 복사업,41852,41852,8,8,계속,계속,4081938702,40819387020,75911,문서작성 및 복사업
1115655,0,관가,61496,광주광역시 동구  의재로96번길 18,56111,한식 일반 음식점업,42095,42095,2,2,계속,계속,4081938740,40819387400,56111,한식 일반 음식점업
1115656,0,이니셜트리,61480,광주 동구 충장로58번길 3,47411,남자용 겉옷 소매업,42905,42905,1,1,계속,계속,4081938871,40819388710,47411,남자용 겉옷 소매업
1115657,0,신흥철물건재산업,61512,광주 동구 남문로 498-1,47519,"페인트, 창호 및 기타 건설자재 소매업",45597,45597,1,1,계속,계속,4081939583,40819395830,47519,"페인트, 창호 및 기타 건설자재 소매업"
1115659,0,양지창호,61419,광주광역시 동구 독립로356,22223,플라스틱 창호 제조업,41821,41821,1,1,계속,계속,4081939851,40819398510,22223,플라스틱 창호 제조업
1115660,0,동구종로약국,61468,광주광역시 동구 서남로2,47811,의약품 및 의료용품 소매업,41834,41834,1,1,계속,계속,4081939939,40819399390,47811,의약품 및 의료용품 소매업
1115663,0,아이리스PC카페,61464,광주 동구 남문로 687,91222,컴퓨터 게임방 운영업,43466,43466,2,2,계속,계속,4081941546,40819415460,91222,컴퓨터 게임방 운영업
1115665,0,레드,61424,광주광역시 동구 경양로 234,75991,콜센터 및 텔레마케팅 서비스업,44653,44653,1,1,계속,계속,4081942263,40819422630,75991,콜센터 및 텔레마케팅 서비스업
1115666,0,무등산 전망대,61446,광주 동구 무등로 669,47121,슈퍼마켓,44563,44563,1,1,계속,계속,4081942429,40819424290,47121,슈퍼마켓
1115670,0,우성빌딩,61445,광주 동구 동명로 106,74211,건축물 일반 청소업,42491,42491,1,1,계속,계속,4081943317,40819433170,74211,건축물 일반 청소업
1115675,0,트랜드컬랙션,61480,광주 동구 중앙로 163,47419,기타 의복 소매업,42475,42475,0,0,계속,계속,4081944000,40819440000,47419,기타 의복 소매업
1115677,0,법무사김창영사무소,61440,광주광역시 동구  필문대로205번길 14,71103,법무사업,41883,41883,4,4,계속,계속,4081944484,40819444840,71103,법무사업
1115682,0,송원떡갈비,61461,광주광역시 동구 증심천로112,56111,한식 일반 음식점업,41961,41961,3,3,계속,계속,4081945260,40819452600,56111,한식 일반 음식점업
1115689,0,남부유통,61496,광주 동구 의재로86번길 11-4,46329,기타 가공식품 도매업,41913,41913,1,1,계속,계속,4081946880,40819468800,46329,기타 가공식품 도매업
1115691,0,어썸스튜디오,61483,광주 동구 서석로 39,73301,인물사진 및 행사용 영상 촬영업,42528,42528,1,1,계속,계속,4081947517,40819475170,73301,인물사진 및 행사용 영상 촬영업
1115692,0,변호사 최대연 법률사무소,61445,광주 동구 동명로 110,71101,변호사업,43221,43221,1,1,계속,계속,4081948379,40819483790,71101,변호사업
1115694,0,카페드라망,61468,광주 동구 제봉로 50,56229,기타 비알코올 음료점업,41922,41922,1,1,계속,계속,4081948587,40819485870,56229,기타 비알코올 음료점업
1115698,0,법무사김순임사무소,61440,광주광역시 동구 동명로 105,71103,법무사업,42005,42005,1,1,계속,계속,4081951379,40819513790,71103,법무사업
1115701,0,서울우유산수고객센터,61419,광주광역시 동구 무등로304번길34,47992,계약배달 판매업,41927,41927,0,0,계속,계속,4081951670,40819516700,47992,계약배달 판매업
1115702,0,이철헤어커커광주롯데백화점점,61470,광주 동구 독립로 268,96112,두발 미용업,42146,42146,2,2,계속,계속,4081952285,40819522850,96112,두발 미용업
1115708,0,달콤커피광주대인점,61473,광주광역시 동구  제봉로 197,56221,커피 전문점,41989,41989,2,2,계속,계속,4081955109,40819551090,56221,커피 전문점
1115711,0,법무사김용선사무소,61440,광주 동구 동명로 115,71103,법무사업,41999,41999,1,1,계속,계속,4081955773,40819557730,71103,법무사업
1115716,0,법률사무소평온변호사김대율,61441,광주광역시 동구  준법로 1,71101,변호사업,41981,41981,5,5,계속,계속,4081957577,40819575770,71101,변호사업
1115720,0,파니벨리,61447,광주광역시 동구 지호로 173,56123,서양식 음식점업,42005,42005,3,3,계속,계속,4081958275,40819582750,56123,서양식 음식점업
1115724,0,법률사무소명가변호사서명심,61441,광주광역시 동구  지산로 70,71101,변호사업,42006,42006,2,2,계속,계속,4081959217,40819592170,71101,변호사업
1115726,0,씬스웍,61483,광주 동구 충장로 72,42199,기타 옥외 시설물 축조 관련 전문공사업,44136,44174,1,1,일괄유기,일괄유기,4081959842,40819598426,42199,기타 옥외 시설물 축조 관련 전문공사업
1115728,0,심스주얼리,61488,광주 동구 서석로 14,47830,시계 및 귀금속 소매업,43952,43952,1,1,계속,계속,4081961498,40819614980,47830,시계 및 귀금속 소매업
1115730,0,차이코,61416,광주 동구 동계로 38,47912,전자상거래 소매업,43011,43011,1,1,계속,계속,4081962124,40819621240,47912,전자상거래 소매업
1115736,0,브라보웍스,61487,광주 동구 서석로 40-6,73203,시각 디자인업,43617,43617,1,1,계속,계속,4081963045,40819630450,73203,시각 디자인업
1115739,0,라온컨설팅,61482,광주 동구 금남로 238,71531,경영 컨설팅업,42904,42904,1,0,계속,계속,4081963119,40819631190,71531,경영 컨설팅업
1115740,0,선우기업,61433,광주 동구 필문대로192번길 28-2,46593,정밀기기 및 과학기기 도매업,44081,44081,2,2,계속,계속,4081963123,40819631230,46593,정밀기기 및 과학기기 도매업
1115743,0,에메필광주점,61482,광주 동구 충장로 77-1,47413,속옷 및 잠옷 소매업,42130,42130,4,4,계속,계속,4081963540,40819635400,47413,속옷 및 잠옷 소매업
1115747,0,민주유통,61483,광주 동구 충장로 76,47419,기타 의복 소매업,44348,44348,1,1,계속,계속,4081965155,40819651550,47419,기타 의복 소매업
1115748,0,생각하는공인중개사사무소,61483,광주 동구 충장로안길 16,68221,부동산 중개 및 대리업,42736,42736,2,2,계속,계속,4081965607,40819656070,68221,부동산 중개 및 대리업
1115753,0,고봉민김밥인조대병원점,61453,광주광역시 동구  필문대로 365,56191,김밥 및 기타 간이 음식점업,42125,42125,2,2,계속,계속,4081966192,40819661920,56191,김밥 및 기타 간이 음식점업
1115758,0,손짜장일번지,61444,광주광역시 동구 준법로8-3,56121,중식 음식점업,42088,42088,11,11,계속,계속,4081967148,40819671480,56121,중식 음식점업
1115763,0,섬마을,61489,광주 동구 양림로 123,56111,한식 일반 음식점업,42040,42040,3,3,계속,계속,4081967565,40819675650,56111,한식 일반 음식점업
1115764,0,위드미광주금동점,61488,광주 동구 천변우로 431,47122,체인화 편의점,42917,42917,2,2,계속,계속,4081967717,40819677170,47122,체인화 편의점
1115767,0,문구장터1,61477,광주 동구 충장로 14-40,46452,"문구용품, 회화용품, 사무용품 도매업",43556,43556,1,1,계속,계속,4081968619,40819686190,46452,"문구용품, 회화용품, 사무용품 도매업"
1115785,0,삼호쎈타,61475,광주 동구 중앙로196번길 5,68221,부동산 중개 및 대리업,36892,36892,2,2,계속,계속,4081990692,40819906920,68221,부동산 중개 및 대리업
1115866,1,이서재부동산임대,61472,광주 동구 금남로 193-1,,,43018,,0,0,계속,,4082115283,40821152830,,
1115895,0,한미빌딩,61476,광주광역시 동구  금남로 162-10,68221,부동산 중개 및 대리업,36892,36892,1,1,계속,계속,4082158564,40821585640,68221,부동산 중개 및 대리업
1115896,0,십자당약국,61481,광주 동구 구성로 176,47811,의약품 및 의료용품 소매업,37865,37865,1,1,계속,계속,4082158787,40821587870,47811,의약품 및 의료용품 소매업
1115897,0,광산이씨충절공절충장,61471,광주 동구 금남로5가  ,68112,비주거용 건물 임대업,36708,36039,1,1,계속,계속,4082171548,40821715480,68112,비주거용 건물 임대업
1115915,0,대성약국,61471,광주 동구 구성로 187-2,47811,의약품 및 의료용품 소매업,37698,37698,3,3,계속,계속,4082190394,40821903940,47811,의약품 및 의료용품 소매업
1115916,0,남선빌딩,61472,광주 동구 금남로 181,68112,비주거용 건물 임대업,28216,35796,8,8,계속,계속,4082195123,40821951230,68112,비주거용 건물 임대업
1115917,0,서경전자,61471,광주 동구 독립로264번길 12,46539,기타 산업용 기계 및 장비 도매업,36708,36069,2,2,계속,계속,4082199264,40821992640,46539,기타 산업용 기계 및 장비 도매업
1115918,0,동강원한약방,61466,광주 동구 서남로 9,47811,의약품 및 의료용품 소매업,36997,36997,1,1,계속,계속,4082203635,40822036350,47811,의약품 및 의료용품 소매업
1115919,0,세븐일레븐 서석점,61468,광주 동구 백서로175번길 3,47122,체인화 편의점,40544,40544,1,1,계속,계속,4082209959,40822099590,47122,체인화 편의점
1115920,0,푸른인쇄사,61468,광주 동구 백서로176번길 5,18119,기타 인쇄업,36708,36069,1,1,계속,계속,4082219215,40822192150,18119,기타 인쇄업
1115924,0,서석약국,61465,광주 동구 제봉로 104,47811,의약품 및 의료용품 소매업,37043,37043,1,1,계속,계속,4082222272,40822222720,47811,의약품 및 의료용품 소매업
1115926,0,국제보청기,61486,광주 동구 제봉로 71,46442,의료용품 도매업,40604,40604,4,4,계속,계속,4082222608,40822226080,46442,의료용품 도매업
1115957,0,성민문화사,61487,광주광역시 동구  문화전당로 11-2,18111,경 인쇄업,39479,39479,1,1,계속,계속,4082262177,40822621770,18111,경 인쇄업
1115958,0,호남의수족,61468,광주 동구 서남로 8,27194,정형 외과용 및 신체 보정용 기기 제조업,42888,42888,3,3,계속,계속,4082262288,40822622880,27194,정형 외과용 및 신체 보정용 기기 제조업
1115959,0,디자인호산,61468,광주 동구 백서로153번길 12-2,18119,기타 인쇄업,36708,36069,1,1,계속,계속,4082262425,40822624250,18119,기타 인쇄업
1115960,0,동양오에이상사,61468,광주 동구 서남로 12,47311,"컴퓨터 및 주변장치, 소프트웨어 소매업",36708,36069,5,5,계속,계속,4082262430,40822624300,47311,"컴퓨터 및 주변장치, 소프트웨어 소매업"
1115961,0,지성디자인,61486,광주 동구 문화전당로 22,18119,기타 인쇄업,36708,36069,1,1,계속,계속,4082264059,40822640590,18119,기타 인쇄업
1115967,0,살롱 더 L (Salon The L),61483,광주광역시 동구 서석로 31,96112,두발 미용업,44136,44136,1,1,계속,계속,4082267075,40822670750,96112,두발 미용업
1115992,0,제네틱,61432,광주 동구 동명로 49,46443,화장품 및 화장용품 도매업,36708,36069,2,2,계속,계속,4082309882,40823098820,46443,화장품 및 화장용품 도매업
1116086,0,동진카,61456,광주 동구 천변우로 559,95212,자동차 전문 수리업,36708,36069,1,1,계속,계속,4082410450,40824104500,95212,자동차 전문 수리업
1116087,0,종원카센타,61499,광주 동구 남문로 639,95212,자동차 전문 수리업,36708,36069,0,0,계속,계속,4082413312,40824133120,95212,자동차 전문 수리업
1116116,0,한국제다,61496,광주 동구 의재로 106-1,10892,차류 가공업,36708,36069,7,7,계속,계속,4082461681,40824616810,10892,차류 가공업
1116118,0,삼애다원,61461,광주 동구 의재로 103,10892,차류 가공업,36708,36708,3,3,계속,계속,4082463559,40824635590,10892,차류 가공업
1116119,0,정일통신공사,61498,광주 동구 남문로634번길 13,41999,건설업본사,36708,35855,0,2,계속,계속,4082465159,40824651590,41999,건설업본사
1116120,0,정일통신공사,61498,광주 동구 남문로634번길 13,42321,일반 통신 공사업,36526,38353,2,1,일괄유기,일괄유기,4082465159,40824651596,42321,일반 통신 공사업
1116759,0,메리퀸양모이불,61458,광주 동구 남문로 703,47421,가정용 직물제품 소매업,42705,42705,1,1,계속,계속,4083614686,40836146860,47421,가정용 직물제품 소매업
1116779,0,붉은돼지,61449,광주광역시 동구 필문대로287번길2,56219,기타 주점업,42095,42095,1,1,계속,계속,4083666393,40836663930,56219,기타 주점업
1116796,0,무등산보리밥,61447,광주 동구 지호로 152,56111,한식 일반 음식점업,43983,43983,0,0,계속,계속,4083712953,40837129530,56111,한식 일반 음식점업
1116797,0,노벨약국,61458,광주광역시 동구  남문로 693,47811,의약품 및 의료용품 소매업,36708,36708,2,2,계속,계속,4083713006,40837130060,47811,의약품 및 의료용품 소매업
1116895,0,삼화제분,61426,광주 동구 동계천로 24,10513,곡물 혼합분말 및 반죽 제조업,43321,43321,1,1,계속,계속,4083931293,40839312930,10513,곡물 혼합분말 및 반죽 제조업
1116897,0,북경당한약방,61473,광주 동구 제봉로 179,47811,의약품 및 의료용품 소매업,39203,39203,1,1,계속,계속,4083933613,40839336130,47811,의약품 및 의료용품 소매업
1116898,0,무등레져,61473,광주 동구 제봉로 191-1,47631,운동 및 경기용품 소매업,38169,38169,1,1,계속,계속,4083934422,40839344220,47631,운동 및 경기용품 소매업
1116899,0,빈센트,61493,광주 동구 증심사길30번길 20,56111,한식 일반 음식점업,43231,43231,0,0,계속,계속,4083934437,40839344370,56111,한식 일반 음식점업
1116901,0,경주최씨창주공파종중,61470,광주 동구 독립로264번길 21,68119,기타 부동산 임대업,36892,36892,1,1,계속,계속,4083934927,40839349270,68119,기타 부동산 임대업
1116904,0,섬마을,61427,광주광역시 동구 동계천로68,56111,한식 일반 음식점업,41821,41821,1,1,계속,계속,4083937735,40839377350,56111,한식 일반 음식점업
1116923,0,광주부속,61470,광주 동구 제봉로213번길 14,45219,기타 자동차 신품 부품 및 내장품 판매업,36708,36069,1,1,계속,계속,4083977265,40839772650,45219,기타 자동차 신품 부품 및 내장품 판매업
1116925,0,다운음향,61473,광주 동구 제봉로 203,47320,가전제품 소매업,37377,37377,1,1,계속,계속,4083983976,40839839760,47320,가전제품 소매업
1116927,0,새금호약국,61427,광주 동구 중앙로 229,47811,의약품 및 의료용품 소매업,36708,36069,1,1,계속,계속,4083997368,40839973680,47811,의약품 및 의료용품 소매업
1116952,1,대신전기ENG,61480,광주 동구 구성로152번길 7-2,,,43475,,1,0,일괄유기,,4084103261,40841032616,,
1116961,0,대가산업기술,61480,광주 동구 구성로152번길 5,46595,전기용 기계장비 및 관련 기자재 도매업,36708,36069,2,2,계속,계속,4084160942,40841609420,46595,전기용 기계장비 및 관련 기자재 도매업
1116963,0,태양정밀,61479,광주 동구 구성로152번길 8-1,47591,전기용품 및 조명장치 소매업,36708,36069,1,0,계속,계속,4084161261,40841612610,47591,전기용품 및 조명장치 소매업
1116964,0,대신설비,61477,광주광역시 동구 독립로226번길3-1,46621,배관 및 냉ㆍ난방장치 도매업,40960,40960,1,1,계속,계속,4084161882,40841618820,46621,배관 및 냉ㆍ난방장치 도매업
1116975,0,티엔청우사,61476,광주 동구 충장로 3,46499,그 외 기타 생활용품 도매업,44652,44652,1,1,계속,계속,4084206533,40842065330,46499,그 외 기타 생활용품 도매업
1116984,0,대성상사,61477,광주 동구 충장로 28,47429,"섬유 원단, 실 및 기타 섬유제품 소매업",36831,36831,1,1,계속,계속,4084260503,40842605030,47429,"섬유 원단, 실 및 기타 섬유제품 소매업"
1116986,0,루나콜렉션,61477,광주 동구 충장로 10,47429,"섬유 원단, 실 및 기타 섬유제품 소매업",36708,36069,1,1,계속,계속,4084262063,40842620630,47429,"섬유 원단, 실 및 기타 섬유제품 소매업"
1116987,0,필동사,61477,광주 동구 충장로22번길 8-6,14199,그 외 기타 봉제의복 제조업,35796,35796,3,3,계속,계속,4084262495,40842624950,14199,그 외 기타 봉제의복 제조업
1116993,0,개미사,61476,광주 동구 금남로 162-1,18111,경 인쇄업,37478,37478,1,1,계속,계속,4084300104,40843001040,18111,경 인쇄업
1116994,0,미도커텐,61476,광주 동구 충장로 15,46412,커튼 및 침구용품 도매업,43185,43185,1,1,계속,계속,4084304959,40843049590,46412,커튼 및 침구용품 도매업
1116995,0,가희지콜렉션,61477,광주 동구 충장로 24-1,47412,여자용 겉옷 소매업,43179,43179,1,1,계속,계속,4084305133,40843051330,47412,여자용 겉옷 소매업
1116996,0,도미패션하우스,61476,광주 동구 충장로 17,14199,그 외 기타 봉제의복 제조업,36708,36526,3,3,계속,계속,4084305507,40843055070,14199,그 외 기타 봉제의복 제조업
1117015,0,보성예가,61476,광주 동구 금남로 162-10,14130,한복 제조업,44287,44287,1,1,계속,계속,4084362115,40843621150,14130,한복 제조업
1117019,0,대광악세사리,61477,광주 동구 충장로 16-1,46492,시계 및 귀금속제품 도매업,36708,36069,1,1,계속,계속,4084363190,40843631900,46492,시계 및 귀금속제품 도매업
1117029,0,성전부동산,61484,광주광역시 동구 중앙로160번길16-3,74211,건축물 일반 청소업,41989,41989,1,1,계속,계속,4084401717,40844017170,74211,건축물 일반 청소업
1117030,0,이우실업,61484,광주광역시 동구 천변우로 397,74211,건축물 일반 청소업,45292,45292,1,1,계속,계속,4084405839,40844058390,74211,건축물 일반 청소업
1117038,1,블워타워,61484,광주 동구 중앙로160번길 16-7,,,42948,,1,0,계속,,4084464236,40844642360,,
1117058,0,샤트렌 광주충장로점,61479,광주 동구 중앙로 157,56150,제과점업,32143,36069,1,1,계속,계속,4084560955,40845609550,56150,제과점업
1117068,0,박정례부동산,61483,광주 동구 충장로안길 6,68112,비주거용 건물 임대업,44844,44844,1,1,계속,계속,4084600385,40846003850,68112,비주거용 건물 임대업
1117069,0,최매암빌딩,61483,광주 동구 중앙로160번길 21,68212,비주거용 부동산 관리업,36892,36892,1,1,계속,계속,4084600731,40846007310,68212,비주거용 부동산 관리업
1117070,0,우주사,61480,광주 동구 구성로 154,14192,"근무복, 작업복 및 유사의복 제조업",39326,39326,3,3,계속,계속,4084609052,40846090520,14192,"근무복, 작업복 및 유사의복 제조업"
1117072,0,청암빌딩,61483,광주 동구 중앙로160번길 15-3,68212,비주거용 부동산 관리업,45717,45717,1,1,계속,계속,4084614327,40846143270,68212,비주거용 부동산 관리업
1117081,0,런던약국,61483,광주 동구 중앙로160번길 1,47811,의약품 및 의료용품 소매업,36708,36679,1,1,계속,계속,4084660122,40846601220,47811,의약품 및 의료용품 소매업
1117082,0,우진빌딩,61484,광주 동구 중앙로160번길 6,68212,비주거용 부동산 관리업,43313,43313,1,1,계속,계속,4084660535,40846605350,68212,비주거용 부동산 관리업
1117098,0,신세계온누리약국,61417,광주 동구 무등로 414,47811,의약품 및 의료용품 소매업,38380,38380,1,1,계속,계속,4084719028,40847190280,47811,의약품 및 의료용품 소매업
1117125,0,LOMI,61447,광주광역시 동구 지호로124번길 19,73301,인물사진 및 행사용 영상 촬영업,42309,42309,33,33,계속,계속,4084800069,40848000690,73301,인물사진 및 행사용 영상 촬영업
1117126,0,삼양마크사,61476,광주 동구 충장로 13-1,47190,그 외 기타 종합 소매업,44767,44767,1,1,계속,계속,4084800657,40848006570,47190,그 외 기타 종합 소매업
1117286,0,구T미장,61432,광주광역시 동구 동명로 47-21,47422,의복 액세서리 및 모조 장신구 소매업,45536,45536,1,1,계속,계속,4087043429,40870434290,47422,의복 액세서리 및 모조 장신구 소매업
1117328,0,대아2차아파트관리사무소,61502,광주 동구 지원로 32,68211,주거용 부동산 관리업,34851,35855,3,3,계속,계속,4088001525,40880015250,68211,주거용 부동산 관리업
1117329,0,운림라인광명아파트관리사무소,61492,광주 동구 운림길 58,68211,주거용 부동산 관리업,35431,35796,2,2,계속,계속,4088001582,40880015820,68211,주거용 부동산 관리업
1117331,0,금호계림주상복합아파트입주자대표회,61402,광주 동구 중앙로 358,68211,주거용 부동산 관리업,36069,35972,3,3,계속,계속,4088001660,40880016600,68211,주거용 부동산 관리업
1117332,0,광명아파트관리사무소,61438,광주 동구 무등로 532,68211,주거용 부동산 관리업,34954,36069,5,4,계속,계속,4088001748,40880017480,68211,주거용 부동산 관리업
1117333,0,산수동무등파크관리위원회,61446,광주 동구 무등로 548,68211,주거용 부동산 관리업,36708,36220,4,4,계속,계속,4088001753,40880017530,68211,주거용 부동산 관리업
1117334,0,학동현대아파트관리소,61461,광주 동구 증심천로89번길 16,68211,주거용 부동산 관리업,36350,36154,12,13,계속,계속,4088001767,40880017670,68211,주거용 부동산 관리업
1117338,0,운림1차무등파크관리소,61491,광주 동구 운림길 23,68211,주거용 부동산 관리업,35796,35796,5,5,계속,계속,4088001845,40880018450,68211,주거용 부동산 관리업
1117339,0,운림동라인１차아파트,61492,광주 동구 운림길 71,68211,주거용 부동산 관리업,35855,35855,6,6,계속,계속,4088001864,40880018640,68211,주거용 부동산 관리업
1117344,0,지산동진아하이빌자치회,61451,광주 동구 지호로86번길 3,68211,주거용 부동산 관리업,37257,37257,1,1,계속,계속,4088002446,40880024460,68211,주거용 부동산 관리업
1117347,0,전남대학교병원어린이집,61487,광주 동구 백서로137번길 15,87210,보육시설 운영업,37681,37681,14,14,계속,계속,4088002903,40880029030,87210,보육시설 운영업
1117350,0,법조타운 입주자대표회,61445,광주 동구 동명로 110,74100,사업시설 유지관리 서비스업,38108,38108,5,5,계속,계속,4088003315,40880033150,74100,사업시설 유지관리 서비스업
1117369,0,광주해바라기센터(아동),61486,광주 동구 제봉로 57,87299,그 외 기타 비거주 복지 서비스업,38473,38473,13,13,계속,계속,4088004798,40880047980,87299,그 외 기타 비거주 복지 서비스업
1117370,0,수정맨션 관리자치위원회,61496,광주 동구 의재로82번길 9,68211,주거용 부동산 관리업,42005,42005,1,1,계속,계속,4088004861,40880048610,68211,주거용 부동산 관리업
1117379,0,아이뜰호남어린이집,61420,광주 동구 중앙로 319,87210,보육시설 운영업,38777,38777,10,10,계속,계속,4088005443,40880054430,87210,보육시설 운영업
1117380,0,디딤돌지역아동센터,61496,광주 동구 학소로86번안길 8,87210,보육시설 운영업,39173,39173,1,1,계속,계속,4088005462,40880054620,87210,보육시설 운영업
1117381,0,우영타워관리사무소,61506,광주 동구 천변좌로 608,68211,주거용 부동산 관리업,36708,36069,2,1,계속,계속,4088005481,40880054810,68211,주거용 부동산 관리업
1117385,0,도담도담어린이집,61489,광주 동구 양림로119번길 16-16,87210,보육시설 운영업,36708,36164,8,8,계속,계속,4088005837,40880058370,87210,보육시설 운영업
1117389,0,튼튼어린이집,61455,광주 동구 남문로753번길 20,87210,보육시설 운영업,39022,39022,6,6,계속,계속,4088006234,40880062340,87210,보육시설 운영업
1117397,0,행복한지역아동센터,61417,광주 동구 산수길39번길 20-4,87299,그 외 기타 비거주 복지 서비스업,39609,39609,1,1,계속,계속,4088007039,40880070390,87299,그 외 기타 비거주 복지 서비스업
1117398,0,늘푸른지역아동센터,61438,광주 동구 밤실로 76-2,87299,그 외 기타 비거주 복지 서비스업,40179,40179,2,2,계속,계속,4088007081,40880070810,87299,그 외 기타 비거주 복지 서비스업
1117400,0,연화어린이집,61444,광주 동구 지산로56번길 7-8,87299,그 외 기타 비거주 복지 서비스업,39521,39521,8,8,계속,계속,4088007378,40880073780,87299,그 외 기타 비거주 복지 서비스업
1117402,0,4.19민주혁명기념사업회,61412,광주 동구 중앙로  302,94990,그 외 기타 협회 및 단체,45754,45754,4,4,계속,계속,4088007612,40880076120,94990,그 외 기타 협회 및 단체
1117404,0,학동지역아동센터,61464,광주 동구 천변우로 603,87299,그 외 기타 비거주 복지 서비스업,39623,39623,3,3,계속,계속,4088007835,40880078350,87299,그 외 기타 비거주 복지 서비스업
1117422,0,나눔주간보호센터,61422,광주광역시 동구  중흥로 230,96993,개인 간병 및 유사 서비스업,41410,41410,3,3,계속,계속,4088008998,40880089980,96993,개인 간병 및 유사 서비스업
1117427,0,희망노인복지센터,61418,광주광역시 동구  무등로 462,87111,노인 요양 복지시설 운영업,39873,39873,38,26,계속,계속,4088009134,40880091340,87111,노인 요양 복지시설 운영업
1117432,0,용산지역아동센터,61509,광주 동구 화산로 328-6,87299,그 외 기타 비거주 복지 서비스업,40909,40909,3,3,계속,계속,4088013905,40880139050,87299,그 외 기타 비거주 복지 서비스업
1117433,0,선지역아동센터,61505,광주 동구 소태길 22-3,87299,그 외 기타 비거주 복지 서비스업,40848,40848,2,2,계속,계속,4088013924,40880139240,87299,그 외 기타 비거주 복지 서비스업
1117435,0,다솜어린이집,61407,광주 동구 필문대로145번길 1-10,87210,보육시설 운영업,40466,40466,17,17,계속,계속,4088020328,40880203280,87210,보육시설 운영업
1117438,0,꿈꾸는어린이집,61402,광주 동구 필문대로 12-7,87210,보육시설 운영업,40513,40513,5,5,계속,계속,4088020541,40880205410,87210,보육시설 운영업
1117441,0,정다운지역아동센터,61438,광주 동구 밤실로90번길 11-7,87299,그 외 기타 비거주 복지 서비스업,41031,41031,1,1,계속,계속,4088020857,40880208570,87299,그 외 기타 비거주 복지 서비스업
1117446,0,꿈을그리는동명지역아동센터,61418,광주광역시 동구  무등로 460,87299,그 외 기타 비거주 복지 서비스업,41207,41207,1,1,계속,계속,4088021119,40880211190,87299,그 외 기타 비거주 복지 서비스업
1117448,0,한마음지역아동센터,61405,광주 동구 필문대로106번길 5,87299,그 외 기타 비거주 복지 서비스업,40765,40765,2,2,계속,계속,4088021176,40880211760,87299,그 외 기타 비거주 복지 서비스업
1117454,0,해달별어린이집,61464,광주 동구 남문로693번길 11,87210,보육시설 운영업,40910,40910,9,9,계속,계속,4088021647,40880216470,87210,보육시설 운영업
1117456,0,광주법원어린이집,61437,광주 동구 필문대로,87210,보육시설 운영업,40970,40970,11,11,계속,계속,4088021778,40880217780,87210,보육시설 운영업
1117466,0,무등어린이집,61415,광주광역시 동구 동계로33,87210,보육시설 운영업,41145,41145,25,25,계속,계속,4088022398,40880223980,87210,보육시설 운영업
1117475,0,아름드리어린이집,61461,광주 동구 증심천로,87210,보육시설 운영업,41334,41334,1,1,계속,계속,4088022985,40880229850,87210,보육시설 운영업
1117478,0,행복한노인복지센터,61438,광주 동구 밤실로 76-2,87299,그 외 기타 비거주 복지 서비스업,41676,41676,3,3,계속,계속,4088023169,40880231690,87299,그 외 기타 비거주 복지 서비스업
1117482,0,하나비젼실버홈,61473,광주 동구 구성로194번길 15-19,87139,그 외 기타 거주 복지시설 운영업,40490,40490,17,17,계속,계속,4088023325,40880233250,87139,그 외 기타 거주 복지시설 운영업
1117483,0,동진맨션입주자대표회의,61406,광주 동구 무등로 417-9,68211,주거용 부동산 관리업,38981,38981,2,2,계속,계속,4088023418,40880234180,68211,주거용 부동산 관리업
1117484,0,효사랑계림노인복지센터,61424,광주 동구 경양로  234,87299,그 외 기타 비거주 복지 서비스업,40394,40394,33,29,계속,계속,4088023460,40880234600,87299,그 외 기타 비거주 복지 서비스업
1117485,0,광남재가노인복지센터,61514,광주광역시 동구 남계길 48-5,87111,노인 요양 복지시설 운영업,44116,44160,2,1,계속,계속,4088023475,40880234750,87111,노인 요양 복지시설 운영업
1117486,0,지산동푸른맨션자치회,61451,광주광역시 동구 지호로68,68211,주거용 부동산 관리업,41244,41244,1,1,계속,계속,4088023567,40880235670,68211,주거용 부동산 관리업
1117490,0,한마음실버요양센터,61401,광주 동구 무등로 317-1,87299,그 외 기타 비거주 복지 서비스업,40372,40372,66,53,계속,계속,4088023801,40880238010,87299,그 외 기타 비거주 복지 서비스업
1117493,0,토담지역아동센터,61444,광주 동구 밤실로 11-31,87131,아동 및 부녀자 거주 복지시설 운영업,43374,43374,0,0,계속,계속,4088023887,40880238870,87131,아동 및 부녀자 거주 복지시설 운영업
1117494,0,신흥맨션입주자대표회의,61496,광주광역시 동구 학소로80,68211,주거용 부동산 관리업,41487,41487,1,1,계속,계속,4088023965,40880239650,68211,주거용 부동산 관리업
1117501,0,바림미디어스페이스,61475,광주 동구 중앙로196번길 31-17,90199,그 외 기타 창작 및 예술관련 서비스업,43210,43210,0,0,계속,계속,4088024659,40880246590,90199,그 외 기타 창작 및 예술관련 서비스업
1117502,0,엠마의집,61502,광주광역시 동구  지원로 32,87111,노인 요양 복지시설 운영업,41631,41631,7,7,계속,계속,4088024718,40880247180,87111,노인 요양 복지시설 운영업
1117503,0,양지뜰노인복지센터,61413,광주광역시 동구  중앙로290번길 2,87299,그 외 기타 비거주 복지 서비스업,41012,41012,8,8,계속,계속,4088024891,40880248910,87299,그 외 기타 비거주 복지 서비스업
1117505,0,중앙노인복지센터,61474,광주 동구 예술길15번길 6,87299,그 외 기타 비거주 복지 서비스업,41667,41667,1,1,계속,계속,4088025551,40880255510,87299,그 외 기타 비거주 복지 서비스업
1117506,0,뽀미어린이집,61501,광주광역시 동구 학소로76번길 14,87210,보육시설 운영업,41699,41699,6,6,계속,계속,4088025809,40880258090,87210,보육시설 운영업
1117511,0,지원동모아미래도 아파트 입주자 대표회의,61501,광주 동구 학소로76번길 14,68211,주거용 부동산 관리업,38869,38869,3,3,계속,계속,4088025978,40880259780,68211,주거용 부동산 관리업
1117514,0,풍경장애인주간보호센터,61423,광주 동구 경양로259번길 21,87299,그 외 기타 비거주 복지 서비스업,42058,42058,3,3,계속,계속,4088026206,40880262060,87299,그 외 기타 비거주 복지 서비스업
1117516,0,사임당어린이집,61402,광주광역시 동구 필문대로12-7,87210,보육시설 운영업,41829,41829,5,5,계속,계속,4088026720,40880267200,87210,보육시설 운영업
1117522,0,학동남해오네뜨관리사무소,61461,광주 동구 증심천로 117,68211,주거용 부동산 관리업,43800,43800,2,2,계속,계속,4088027791,40880277910,68211,주거용 부동산 관리업
1117524,0,5선피아노감성센터,61409,광주 동구 갈마로 46,85629,기타 예술학원,42143,42143,2,1,계속,계속,4088027850,40880278500,85629,기타 예술학원
1117526,0,친한친구지역아동센터,61420,광주광역시 동구 중앙로 329,87299,그 외 기타 비거주 복지 서비스업,42064,42064,2,2,계속,계속,4088028086,40880280860,87299,그 외 기타 비거주 복지 서비스업
1117528,0,동구월남어린이집,61513,광주 동구 월남동,87210,보육시설 운영업,42102,42102,3,3,계속,계속,4088028257,40880282570,87210,보육시설 운영업
1117529,0,하나로재가노인,61402,광주광역시 동구  중앙로 358,87111,노인 요양 복지시설 운영업,42032,42032,62,44,계속,계속,4088028413,40880284130,87111,노인 요양 복지시설 운영업
1117589,2,(주)광주은행,61470,광주 동구 제봉로 225,64121,국내은행,,34881,0,1764,,계속,4088608817,40881001820,64121,국내은행
1117590,1,(주)광주은행,61470,광주 동구 제봉로 225,,,35977,,1762,0,일괄계속,,4088608817,40881001826,,
1117591,0,광주곡자(주),61470,광주광역시 동구 제봉로207-1,68112,비주거용 건물 임대업,41061,41061,2,2,계속,계속,4088100218,40881002180,68112,비주거용 건물 임대업
1117596,0,남광건설(주),61459,광주광역시 동구 의재로 23-1,41999,건설업본사,27030,34881,29,81,계속,계속,4088100391,40881003910,41999,건설업본사
1117597,0,남광건설(주),61459,광주 동구 의재로 23-1,41229,기타 토목시설물 건설업,34700,36161,183,126,일괄유기,일괄유기,4088100391,40881003916,41229,기타 토목시설물 건설업
1117599,0,(합자)동아상사,61482,광주 동구 충장로 69-7,59141,영화관 운영업,33330,35796,6,4,계속,계속,4088100858,40881008580,59141,영화관 운영업
1117601,0,(주)제일실업,61482,광주 동구 충장로 87,68112,비주거용 건물 임대업,36708,36069,2,2,계속,계속,4088101143,40881011430,68112,비주거용 건물 임대업
1117602,0,(주)호남상사,61422,광주 동구 경양로235번길 14-1,46331,주류 도매업,33420,34881,16,16,계속,계속,4088101556,40881015560,46331,주류 도매업
1117604,0,(유한)오비상사,61423,광주 동구 경양로271번길 2,46331,주류 도매업,33420,34881,12,12,계속,계속,4088101575,40881015750,46331,주류 도매업
1117610,0,(주)한미쇼핑,61427,광주 동구 제봉로 180,47121,슈퍼마켓,33420,35855,3,3,계속,계속,4088102439,40881024390,47121,슈퍼마켓
1117611,0,신평개발(주),61426,광주 동구 독립로 286,68112,비주거용 건물 임대업,33970,35796,1,1,계속,계속,4088102782,40881027820,68112,비주거용 건물 임대업
1117616,0,대한여행사(주),61478,광주광역시 동구  천변우로 339,75210,여행사업,32143,35855,1,1,계속,계속,4088103651,40881036510,75210,여행사업
1117621,0,(주)남해관광,61471,광주 동구 금남로 167,75210,여행사업,36526,36069,1,1,계속,계속,4088104266,40881042660,75210,여행사업
1117625,0,(주)센트럴저축은행,61471,광주 동구 금남로 167,64131,신용조합,35977,34881,13,13,계속,계속,4088105101,40881051010,64131,신용조합
1117626,0,(합자)삼화건설,61473,광주 동구 구성로194번길 15-21,42411,도장 공사업,38353,38353,12,28,일괄유기,일괄유기,4088105284,40881052846,42411,도장 공사업
1117633,0,(주)더블저축은행,61480,광주 동구 중앙로 165,64131,신용조합,35977,34881,40,39,계속,계속,4088107152,40881071520,64131,신용조합
1117634,0,(주)비에스보성,61474,광주 동구 서석로85번길  8-12,41999,건설업본사,32509,34881,87,89,계속,계속,4088107206,40881072060,41999,건설업본사
1117647,0,(유한)무등스포츠,61482,광주 동구 충장로 91,91132,체력단련시설 운영업,36708,36373,9,9,계속,계속,4088108409,40881084090,91132,체력단련시설 운영업
1117648,0,(주)광주극장,61473,광주 동구 구성로204번길 8-1,59141,영화관 운영업,30133,35796,7,7,계속,계속,4088108582,40881085820,59141,영화관 운영업
1117649,0,(합자)명성예식장,61479,광주 동구 천변우로 361-21,52915,주차장 운영업,33420,35796,1,1,계속,계속,4088108786,40881087860,52915,주차장 운영업
1117650,0,(주)파레스관광호텔,61483,광주 동구 중앙로160번길 13,55101,호텔업,32509,34881,2,2,계속,계속,4088108807,40881088070,55101,호텔업
1117653,0,(주)월드항공여행사,61465,광주 동구 제봉로82번길 13-2,75210,여행사업,32603,35855,2,2,계속,계속,4088109091,40881090910,75210,여행사업
1117655,0,우재(유),61489,광주 동구 천변우로 485-1,68212,비주거용 부동산 관리업,36892,36892,1,1,계속,계속,4088109392,40881093920,68212,비주거용 부동산 관리업
1117661,0,서봉개발(주),61437,광주 동구 밤실로 73-1,41999,건설업본사,36708,36069,1,1,계속,계속,4088109728,40881097280,41999,건설업본사
1117662,0,서봉개발(주),61437,광주 동구 밤실로 73-1,41223,"항만, 수로, 댐 및 유사 구조물 건설업",38488,38488,1,0,일괄유기,일괄유기,4088109728,40881097286,41223,"항만, 수로, 댐 및 유사 구조물 건설업"
1117673,0,(유한)동우실업,61482,광주 동구 충장로 105-1,74100,사업시설 유지관리 서비스업,36892,36892,2,2,계속,계속,4088110055,40881100550,74100,사업시설 유지관리 서비스업
1117685,0,(주)진한통상,61475,광주 동구 중앙로196번길 14,46800,상품 종합 도매업,36708,36069,1,1,계속,계속,4088111317,40881113170,46800,상품 종합 도매업
1117691,0,(주)한국유러소프트호남지사,61448,광주 동구 필문대로273번길 29,91134,볼링장 운영업,34943,35796,11,11,계속,계속,4088111904,40881119040,91134,볼링장 운영업
1117702,0,주식회사 아시아여행사,61478,광주 동구 천변우로,75210,여행사업,40987,40987,1,1,계속,계속,4088113111,40881131110,75210,여행사업
1117705,0,(주)동천미디어,61448,광주 동구 필문대로 263,91299,그 외 기타 분류 안된 오락관련 서비스업,34790,35796,1,1,계속,계속,4088113431,40881134310,91299,그 외 기타 분류 안된 오락관련 서비스업
1117729,0,(주)동양상호저축은행,61475,광주 동구 중앙로 198,64131,신용조합,35977,34881,37,36,계속,계속,4088116364,40881163640,64131,신용조합
1117730,0,현대주택관리(주),61478,광주 동구 천변우로 339,75121,임시 및 일용 인력 공급업,33943,34881,0,79,계속,계속,4088116476,40881164760,75121,임시 및 일용 인력 공급업
1117731,1,현대주택관리(주)-경비,61478,광주 동구 천변우로 339,,,36161,,4,0,일괄계속,,4088116476,40881164766,,
1117740,0,광은비지니스(주),61429,광주광역시 동구 중앙로 240,75310,경비 및 경호 서비스업,34316,34881,266,263,일괄계속,계속,4088117816,40881178160,75310,경비 및 경호 서비스업
1117742,0,(주)선경네오스,61477,광주 동구 독립로 228,46591,사무용 가구 및 기기 도매업,39114,39114,1,1,계속,계속,4088118299,40881182990,46591,사무용 가구 및 기기 도매업
1117743,0,대창건설(주),61472,광주 동구 금남로 181,42132,콘크리트 및 철근 공사업,38353,38353,10,5,일괄유기,일괄유기,4088118436,40881184366,42132,콘크리트 및 철근 공사업
1117744,0,(주)대성전자,61470,광주 동구 독립로264번길 25,47320,가전제품 소매업,36708,35855,1,1,계속,계속,4088118474,40881184740,47320,가전제품 소매업
1117745,0,(주)대성전자,61470,광주 동구 독립로264번길 25,42321,일반 통신 공사업,38497,38497,1,1,일괄유기,일괄유기,4088118474,40881184746,42321,일반 통신 공사업
1117762,0,광동위생(주),61458,광주 동구 학동길 5,37021,사람 분뇨 처리업,34455,35796,2,2,계속,계속,4088119207,40881192070,37021,사람 분뇨 처리업
1117772,0,합자회사 그리네이처,61514,광주 동구 남문로 285,38110,"지정 외 폐기물 수집, 운반업",32417,34881,47,49,계속,계속,4088119959,40881199590,38110,"지정 외 폐기물 수집, 운반업"
1117773,1,합자회사 그리네이처-일괄,61514,광주 동구 남문로 285,,,44048,,3,0,일괄계속,,4088119959,40881199596,,
1117778,0,남해종합건설(주),61487,광주 동구 서석로 42,41999,건설업본사,34594,35796,28,64,계속,계속,4088120209,40881202090,41999,건설업본사
1117779,0,남해종합건설(주),61487,광주 동구 서석로 42,41229,기타 토목시설물 건설업,35796,36526,463,212,일괄유기,일괄유기,4088120209,40881202096,41229,기타 토목시설물 건설업
1117809,0,법무법인 21세기종합법률사무소,61440,광주 동구 동명로 101-1,71103,법무사업,34669,35796,25,24,계속,계속,4088121436,40881214360,71103,법무사업
1117817,0,(유한)엘지무지개프라자,61499,광주광역시 동구  남문로 643,47320,가전제품 소매업,36892,36892,11,11,계속,계속,4088121907,40881219070,47320,가전제품 소매업
1117835,0,태한이엔씨(주),61465,광주광역시 동구 제봉로98번길 11-11,41999,건설업본사,34859,35855,3,4,계속,계속,4088123206,40881232060,41999,건설업본사
1117836,0,태한이엔씨(주),61465,광주 동구 제봉로98번길 11-11,41229,기타 토목시설물 건설업,35431,37987,2,2,일괄유기,일괄유기,4088123206,40881232066,41229,기타 토목시설물 건설업
1117838,0,(주)동양의료기,61463,광주 동구 남문로 678,46593,정밀기기 및 과학기기 도매업,34891,35796,10,8,계속,계속,4088123337,40881233370,46593,정밀기기 및 과학기기 도매업
1117866,0,(주)태원약품,61471,광주 동구 구성로 183-4,46441,의약품 도매업,36029,36069,3,3,계속,계속,4088124224,40881242240,46441,의약품 도매업
1117874,0,(주)하하사,61468,광주 동구 제봉로 50,46441,의약품 도매업,36708,36069,0,0,계속,계속,4088124919,40881249190,46441,의약품 도매업
1117878,0,궁전제과(주)본사사무실,61482,광주광역시 동구  충장로 101-23,56150,제과점업,38899,42736,5,5,계속,계속,4088125295,40881252950,56150,제과점업
1117883,0,(주)제일풍경채,61478,광주 동구 천변우로 339,41112,아파트 건설업,33239,36161,6,6,일괄유기,일괄유기,4088125688,40881256886,41112,아파트 건설업
1117924,0,(주)기암,61483,광주 동구 충장로안길 40-2,68221,부동산 중개 및 대리업,36708,36448,2,2,계속,계속,4088127895,40881278950,68221,부동산 중개 및 대리업
1117944,0,우린산업개발(주),61478,광주 동구 천변우로 339,42209,기타 건물 관련설비 설치 공사업,38353,38353,5,5,일괄유기,일괄유기,4088128609,40881286096,42209,기타 건물 관련설비 설치 공사업
1117960,0,기아자동차예향대리점(주),61484,광주 동구 천변우로 393-3,45110,자동차 신품 판매업,36770,36770,2,2,계속,계속,4088129326,40881293260,45110,자동차 신품 판매업
1117973,0,엘스타약품(주),61511,광주광역시 동구  칠전길 14-2,46441,의약품 도매업,35669,35855,24,24,계속,계속,4088130013,40881300130,46441,의약품 도매업
1118006,0,남영종합건설 주식회사,61475,광주광역시 동구  중앙로196번길 5,41999,건설업본사,35827,35855,4,4,계속,계속,4088131138,40881311380,41999,건설업본사
1118007,0,남영종합건설 주식회사,61475,광주 동구 중앙로196번길 5,42121,토공사업,38353,38353,2,1,일괄유기,일괄유기,4088131138,40881311386,42121,토공사업
1118020,0,(주)다니엘항공여행사,61475,광주 동구 금남로 231,75210,여행사업,36708,36069,1,1,계속,계속,4088131481,40881314810,75210,여행사업
1118031,0,춘추도서무역주식회사,61474,광주 동구 예술길15번길 10-1,46453,"서적, 잡지 및 기타 인쇄물 도매업",36708,36069,3,3,계속,계속,4088131671,40881316710,46453,"서적, 잡지 및 기타 인쇄물 도매업"
1118060,0,유안약품(주),61512,광주 동구 주남길 16,46441,의약품 도매업,36708,35935,10,10,계속,계속,4088132189,40881321890,46441,의약품 도매업
1118061,0,법무법인빛고을종합법률사무소,61441,광주 동구 지산로78번길 3-1,71101,변호사업,35886,35886,13,13,계속,계속,4088132194,40881321940,71101,변호사업
1118082,0,(주)라이프기공,61478,광주광역시 동구 천변우로 339,29299,그 외 기타 특수목적용 기계 제조업,36708,36130,9,9,계속,계속,4088133193,40881331930,29299,그 외 기타 특수목적용 기계 제조업
1118083,0,(주)라이프기공,61478,광주 동구 천변우로 339,42311,일반전기 공사업,40463,40463,1,1,일괄유기,일괄유기,4088133193,40881331936,42311,일반전기 공사업
1118099,0,명광사무기(주),61435,광주 동구 필문대로 232-1,47311,"컴퓨터 및 주변장치, 소프트웨어 소매업",34335,36281,3,3,계속,계속,4088133612,40881336120,47311,"컴퓨터 및 주변장치, 소프트웨어 소매업"
1118118,0,(유한)좋은생각,61483,광주 동구 중앙로160번길 5-1,47419,기타 의복 소매업,36708,36373,4,2,계속,계속,4088134284,40881342840,47419,기타 의복 소매업
1118123,0,(주)대광건기,61426,광주 동구 제봉로222번길 6-12,76310,건설 및 토목공사용 기계장비 임대업,36708,36220,1,1,계속,계속,4088134474,40881344740,76310,건설 및 토목공사용 기계장비 임대업
1118142,0,(주)애드하임,61474,광주광역시 동구 서석로85번길 12,71310,광고 대행업,36586,36586,8,8,계속,계속,4088135148,40881351480,71310,광고 대행업
1118152,0,주식회사엠블,61418,광주 동구 무등로 466,41999,건설업본사,36708,36307,4,6,계속,계속,4088135570,40881355700,41999,건설업본사
1118153,0,주식회사엠블,61418,광주 동구 무등로 466,42412,"도배, 실내장식 및 내장 목공사업",38353,38353,3,1,일괄유기,일괄유기,4088135570,40881355706,42412,"도배, 실내장식 및 내장 목공사업"
1118154,0,(주)동방양행,61462,광주 동구 의재로 60,46441,의약품 도매업,36342,36069,5,5,계속,계속,4088135852,40881358520,46441,의약품 도매업
1118156,0,(주)동아하이-택,61405,광주 동구 필문대로 104,46441,의약품 도매업,36892,36892,6,6,계속,계속,4088135890,40881358900,46441,의약품 도매업
1118158,0,(주)화인전자,61470,광주 동구 독립로264번길 21,47320,가전제품 소매업,36708,36069,4,4,계속,계속,4088135944,40881359440,47320,가전제품 소매업
1118159,0,(주)화인전자,61470,광주 동구 독립로264번길 21,42322,내부 통신배선 공사업,39015,39015,1,1,일괄유기,일괄유기,4088135944,40881359446,42322,내부 통신배선 공사업
1118203,0,(주)두신건설,61436,광주 동구 장동로 23-22,41999,건설업본사,36708,36069,2,2,계속,계속,4088138204,40881382040,41999,건설업본사
1118204,0,(주)두신건설,61436,광주 동구 장동로 23-22,42420,유리 및 창호 공사업,38433,38433,6,6,일괄유기,일괄유기,4088138204,40881382046,42420,유리 및 창호 공사업
1118216,0,(주)코리아정보리서치,61476,광주광역시 동구  금남로 162-10,71400,시장조사 및 여론조사업,36708,36069,9,9,계속,계속,4088138825,40881388250,71400,시장조사 및 여론조사업
1118245,0,(주)비에스보성/건설일괄,61474,광주 동구 서석로85번길 8-12,42121,토공사업,38847,38847,7,4,일괄유기,일괄유기,4088107206,40881395386,42121,토공사업
1118258,0,(주)신화여행사,61482,광주 동구 금남로 250-8,75210,여행사업,37797,37797,0,0,계속,계속,4088140001,40881400010,75210,여행사업
1118284,0,현네트워크(주),61478,광주광역시 동구  천변우로 339,58221,시스템 소프트웨어 개발 및 공급업,36708,36499,2,2,계속,계속,4088140883,40881408830,58221,시스템 소프트웨어 개발 및 공급업
1118301,0,(주)미즈라이프,61428,광주 동구 중앙로 239,68221,부동산 중개 및 대리업,36739,36739,3,3,계속,계속,4088141621,40881416210,68221,부동산 중개 및 대리업
1118325,0,(주)동원주택건설,61459,광주 동구 의재로 23-1,41999,건설업본사,37742,37742,2,2,계속,계속,4088142498,40881424980,41999,건설업본사
1118359,0,(주)아시아관광,61478,광주 동구 천변우로 339,49232,전세버스 운송업,36893,36893,10,10,계속,계속,4088143541,40881435410,49232,전세버스 운송업
1118373,0,(주)일광건설,61442,광주광역시 동구 밤실로30번길 11,41999,건설업본사,36889,36889,3,3,계속,계속,4088143842,40881438420,41999,건설업본사
1118374,0,(주)일광건설,61442,광주 동구 밤실로30번길  11,42132,콘크리트 및 철근 공사업,38353,38353,1,1,일괄유기,일괄유기,4088143842,40881438426,42132,콘크리트 및 철근 공사업
1118390,0,(주)메디윈코퍼레이션,61492,광주 동구 의재로 149-1,47811,의약품 및 의료용품 소매업,36895,36895,5,5,계속,계속,4088144308,40881443080,47811,의약품 및 의료용품 소매업
1118410,0,(주)천하레포츠,61482,광주 동구 금남로 248,47419,기타 의복 소매업,36966,36966,6,6,계속,계속,4088144690,40881446900,47419,기타 의복 소매업
1118415,0,(주)한성종합조경,61488,광주 동구 천변우로 421,41226,조경 건설업,38353,38353,4,2,일괄유기,일괄유기,4088144744,40881447446,41226,조경 건설업
1118472,0,법무법인 서석,61445,광주 동구 동명로 110,71101,변호사업,37013,37013,14,14,계속,계속,4088146266,40881462660,71101,변호사업
1118481,0,주식회사 대양이앤씨,61473,광주 동구 구성로204번길 15-7,41999,건설업본사,37026,37026,4,5,계속,계속,4088146456,40881464560,41999,건설업본사
1118482,0,주식회사 대양이앤씨,61473,광주 동구 구성로204번길 15-7,42411,도장 공사업,38439,38439,11,10,일괄유기,일괄유기,4088146456,40881464566,42411,도장 공사업
1118491,0,대천유통(주),61487,광주 동구 서석로 42,47129,기타 음ㆍ식료품 위주 종합 소매업,37084,37084,2,2,계속,계속,4088146631,40881466310,47129,기타 음ㆍ식료품 위주 종합 소매업
1118498,0,제일이엔지건설(주),61451,광주 동구 지호로70번길 14,41999,건설업본사,37062,37062,1,2,계속,계속,4088146965,40881469650,41999,건설업본사
1118499,0,제일이엔지건설(주),61451,광주 동구 지호로70번길 14,42110,건물 및 구축물 해체 공사업,38353,38353,1,1,일괄유기,일괄유기,4088146965,40881469656,42110,건물 및 구축물 해체 공사업
1118500,0,엔에이치유통주식회사,61487,광주 동구 서석로 42,47129,기타 음ㆍ식료품 위주 종합 소매업,37135,37135,6,4,계속,계속,4088146999,40881469990,47129,기타 음ㆍ식료품 위주 종합 소매업
1118510,0,(주)서봉,61437,광주 동구 밤실로 73-1,41999,건설업본사,37093,37093,1,1,계속,계속,4088147625,40881476250,41999,건설업본사
1118511,0,(주)서봉,61437,광주 동구 밤실로 73-1,41229,기타 토목시설물 건설업,38618,38618,1,0,일괄유기,일괄유기,4088147625,40881476256,41229,기타 토목시설물 건설업
1118527,0,(주)지누커뮤니티,61436,광주광역시 동구  동계천로 150,73203,시각 디자인업,37123,37123,17,16,계속,계속,4088148022,40881480220,73203,시각 디자인업
1118528,0,(주)지누커뮤니티,61436,광주 동구 동계천로 150,42499,그 외 기타 건축 마무리 공사업,42439,42439,4,1,일괄유기,일괄유기,4088148022,40881480226,42499,그 외 기타 건축 마무리 공사업
1118542,0,(주)정민,61411,광주 동구 필문대로 165-1,46319,기타 신선식품 및 단순 가공식품 도매업,37140,37140,6,6,계속,계속,4088149036,40881490360,46319,기타 신선식품 및 단순 가공식품 도매업
1118543,0,(유한)다영,61472,광주 동구 구성로 190,46443,화장품 및 화장용품 도매업,37141,37141,1,1,계속,계속,4088149040,40881490400,46443,화장품 및 화장용품 도매업
1118553,0,(유한)대신치과재료상사,61463,광주 동구 남문로 672,47811,의약품 및 의료용품 소매업,36708,36069,1,1,계속,계속,4088149545,40881495450,47811,의약품 및 의료용품 소매업
1118562,0,주식회사 국제,61468,광주 동구 백서로175번길 8,85669,기타 기술 및 직업훈련학원,37312,37312,37,35,계속,계속,4088150187,40881501870,85669,기타 기술 및 직업훈련학원
1118568,0,제일체육사(주),61448,광주 동구 필문대로 271,46464,운동 및 경기용품 도매업,37258,37258,0,0,계속,계속,4088150402,40881504020,46464,운동 및 경기용품 도매업
1118570,0,(주)비앤애드,61487,광주 동구 문화전당로23번길 5-24,18111,경 인쇄업,35796,35796,1,1,계속,계속,4088150514,40881505140,18111,경 인쇄업
1118573,0,여행마을(주),61488,광주광역시 동구  서석로10번길 2,75210,여행사업,37438,37438,1,1,계속,계속,4088150630,40881506300,75210,여행사업
1118581,0,(주)호암실업,61482,광주 동구 충장로 93-5,68119,기타 부동산 임대업,37500,37500,2,2,계속,계속,4088150789,40881507890,68119,기타 부동산 임대업
1118582,0,(주)포유건축사사무소,61434,광주 동구 동계천로 155,72111,건축설계 및 관련 서비스업,37274,37274,6,6,계속,계속,4088150800,40881508000,72111,건축설계 및 관련 서비스업
1118611,0,전남보증보험대리점(주),61440,광주광역시 동구  동명로 95,66202,보험 대리 및 중개업,37319,37319,1,1,계속,계속,4088151473,40881514730,66202,보험 대리 및 중개업
1118620,0,(주)거북상사,61507,광주 동구 천변좌로 682-1,41229,기타 토목시설물 건설업,38400,38400,5,4,일괄유기,일괄유기,4088151847,40881518476,41229,기타 토목시설물 건설업
1118621,0,(주)지어드림,61426,광주 동구 제봉로 230,41999,건설업본사,37342,37342,2,2,계속,계속,4088151911,40881519110,41999,건설업본사
1118622,0,(주)지어드림,61426,광주 동구 제봉로 230,42412,"도배, 실내장식 및 내장 목공사업",38406,38406,3,5,일괄유기,일괄유기,4088151911,40881519116,42412,"도배, 실내장식 및 내장 목공사업"
1118674,0,(주)라데빵스,61474,광주 동구 서석로85번길 8-12,41999,건설업본사,37580,37580,1,1,계속,계속,4088155426,40881554260,41999,건설업본사
1118695,0,(주)보람개발,61438,광주광역시 동구  밤실로 82,68119,기타 부동산 임대업,38426,38426,1,1,계속,계속,4088156202,40881562020,68119,기타 부동산 임대업
1118698,0,광주순환도로투자(주),61501,광주 동구 2순환로 814,52914,도로 및 관련시설 운영업,37767,37767,4,1,계속,계속,4088156274,40881562740,52914,도로 및 관련시설 운영업
1118717,0,주식회사지강,61478,광주광역시 동구  천변우로 339,55101,호텔업,37742,37742,1,1,계속,계속,4088157161,40881571610,55101,호텔업
1118753,0,(주)엘렉슨미디어테크,61457,광주광역시 동구  남문로 742,47311,"컴퓨터 및 주변장치, 소프트웨어 소매업",37890,37890,8,8,계속,계속,4088158699,40881586990,47311,"컴퓨터 및 주변장치, 소프트웨어 소매업"
1118774,0,주식회사 동원벨리시움,61459,광주 동구 의재로 23-1,41999,건설업본사,37900,37900,1,1,계속,계속,4088159271,40881592710,41999,건설업본사
1118778,0,(주)그룹포에이 건축사무소,61430,광주 동구 동명로 25,72111,건축설계 및 관련 서비스업,37987,37987,7,7,계속,계속,4088159460,40881594600,72111,건축설계 및 관련 서비스업
1118782,0,(주)광명당한약도매,61413,광주 동구 중앙로 278,46799,그 외 기타 상품 전문 도매업,37956,37956,6,6,계속,계속,4088159780,40881597800,46799,그 외 기타 상품 전문 도매업
1118786,0,(주)진선,61513,광주광역시 동구  남계길 66,10302,과실 및 그 외 채소 절임식품 제조업,38018,38018,9,9,계속,계속,4088160123,40881601230,10302,과실 및 그 외 채소 절임식품 제조업
1118792,0,(주)탑 외국어사,61475,광주 동구 중앙로196번길 31-14,47611,"서적, 신문 및 잡지류 소매업",37999,37999,1,1,계속,계속,4088160287,40881602870,47611,"서적, 신문 및 잡지류 소매업"
1118793,0,(주)우영카메라,61475,광주 동구  금남로 241-5,47190,그 외 기타 종합 소매업,37959,37959,2,2,계속,계속,4088160313,40881603130,47190,그 외 기타 종합 소매업
1118809,0,주식회사이화원,61482,광주 동구 서석로 51,56161,"피자, 햄버거, 샌드위치 및 유사 음식점업",38626,38626,3,3,계속,계속,4088160929,40881609290,56161,"피자, 햄버거, 샌드위치 및 유사 음식점업"
1118812,0,(주)동진케미칼,61477,광주 동구 독립로226번길 31,46799,그 외 기타 상품 전문 도매업,38021,38021,3,3,계속,계속,4088161044,40881610440,46799,그 외 기타 상품 전문 도매업
1118815,0,다비주식회사,61493,광주광역시 동구  성촌길 5,46411,생활용 섬유 및 실 도매업,38047,38047,0,0,일괄계속,계속,4088161234,40881612340,46411,생활용 섬유 및 실 도매업
1118828,0,（주）제이앤드디,61400,광주광역시 동구 독립로368번길 18,46739,기타 화학물질 및 화학제품 도매업,38139,38139,4,4,계속,계속,4088161457,40881614570,46739,기타 화학물질 및 화학제품 도매업
1118841,0,(주)씨제이정보통신,61483,광주 동구 충장로 102-1,47312,통신기기 소매업,38353,38353,1,1,계속,계속,4088161869,40881618690,47312,통신기기 소매업
1118843,0,(주)서정,61463,광주 동구 남문로 694-14,47812,의료용 기구 소매업,39239,39239,6,6,계속,계속,4088161914,40881619140,47812,의료용 기구 소매업
1118849,0,(주)한약사랑,61413,광주 동구 중앙로 276,46441,의약품 도매업,38169,38169,4,4,계속,계속,4088162193,40881621930,46441,의약품 도매업
1118854,0,(주)가영세라믹스,61484,광주 동구 천변우로 397,46799,그 외 기타 상품 전문 도매업,38135,38135,44,44,계속,계속,4088162378,40881623780,46799,그 외 기타 상품 전문 도매업
1118855,2,(주)가영세라믹스,61484,광주 동구 천변우로 397,42491,"미장, 타일 및 방수 공사업",,45440,0,1,,일괄유기,4088162378,40881623786,42491,"미장, 타일 및 방수 공사업"
1118856,0,(주)포커스테크,61478,광주광역시 동구  천변우로 339,26519,비디오 및 기타 영상기기 제조업,39083,39083,1,1,계속,계속,4088162529,40881625290,26519,비디오 및 기타 영상기기 제조업
1118859,0,(주)스콜라,61475,광주 동구 서석로 69,59202,녹음시설 운영업,39005,39005,0,0,계속,계속,4088162626,40881626260,59202,녹음시설 운영업
1118863,0,원일정화(유한),61458,광주 동구 남문로701번길 21,37021,사람 분뇨 처리업,38261,38261,2,2,계속,계속,4088162795,40881627950,37021,사람 분뇨 처리업
1118867,0,(주)영광냉동수산,61489,광주 동구 양림로 107,46799,그 외 기타 상품 전문 도매업,38180,38180,3,3,계속,계속,4088163019,40881630190,46799,그 외 기타 상품 전문 도매업
1118902,0,한아름건설(주),61444,광주 동구 밤실로 13,41999,건설업본사,38328,38328,1,1,계속,계속,4088164473,40881644730,41999,건설업본사
1118907,0,(주)라인코리아플랜트,61439,광주광역시 동구  필문대로191번길 24,41999,건설업본사,38327,38327,2,3,계속,계속,4088164584,40881645840,41999,건설업본사
1118908,0,(주)라인코리아플랜트,61439,광주 동구 필문대로191번길 24,42199,기타 옥외 시설물 축조 관련 전문공사업,38454,38454,1,1,일괄유기,일괄유기,4088164584,40881645846,42199,기타 옥외 시설물 축조 관련 전문공사업
1118929,0,(주)베스트디자인연구소,61445,광주 동구 지산로63번길 17,41999,건설업본사,38384,38384,1,1,계속,계속,4088165166,40881651660,41999,건설업본사
1118930,0,(주)베스트디자인연구소,61445,광주 동구 지산로63번길 17,42412,"도배, 실내장식 및 내장 목공사업",39864,39864,2,2,일괄유기,일괄유기,4088165166,40881651666,42412,"도배, 실내장식 및 내장 목공사업"
1118950,0,(주)박선생교육문화원(동명),61434,광주 동구 동계천로 147,85501,일반 교과 학원,42736,42736,1,1,계속,계속,4088165720,40881657200,85501,일반 교과 학원
1118953,0,(주)덕인페이퍼,61512,광주광역시 동구  선교로 3,46451,"생활용 포장 및 위생용품, 봉투 및 유사 제품 도매업",38565,38565,5,5,계속,계속,4088165905,40881659050,46451,"생활용 포장 및 위생용품, 봉투 및 유사 제품 도매업"
1118968,0,법무법인법가,61441,광주 동구 지산로78번길 7,71101,변호사업,38492,38492,13,13,계속,계속,4088166388,40881663880,71101,변호사업
1118996,0,덴타믹치과기공소 주식회사,61463,광주광역시 동구 남문로 682,27199,그 외 기타 의료용 기기 제조업,38626,38626,4,4,계속,계속,4088167204,40881672040,27199,그 외 기타 의료용 기기 제조업
1118999,0,(주)비즈인,61488,광주 동구 백서로125번길 19-11,71392,"광고물 문안, 도안, 설계 등 작성업",38580,38580,2,2,계속,계속,4088167320,40881673200,71392,"광고물 문안, 도안, 설계 등 작성업"
1119005,0,(주)유비스,61436,광주 동구 동계천로 150,58221,시스템 소프트웨어 개발 및 공급업,38608,38608,16,16,계속,계속,4088167577,40881675770,58221,시스템 소프트웨어 개발 및 공급업
1119008,0,미지건설(주),61478,광주 동구 천변우로 339,41999,건설업본사,38637,38637,1,1,계속,계속,4088167714,40881677140,41999,건설업본사
1119012,0,(주)창억떡집,61436,광주 동구 동계천로 170,10601,떡류 제조업,38718,38718,4,4,계속,계속,4088168033,40881680330,10601,떡류 제조업
1119015,0,(주)심산,61441,광주 동구 지산로 74-8,68119,기타 부동산 임대업,38961,38961,1,1,계속,계속,4088168159,40881681590,68119,기타 부동산 임대업
1119026,0,(주)월드디자인,61441,광주 동구 준법로25번길 14,47513,"벽지, 마루덮개 및 장판류 소매업",39052,39052,2,1,계속,계속,4088168504,40881685040,47513,"벽지, 마루덮개 및 장판류 소매업"
1119030,0,남해주택건설주식회사,61487,광주 동구 서석로 42,41999,건설업본사,38719,38719,11,11,계속,계속,4088168561,40881685610,41999,건설업본사
1119031,0,(주)성문당,61486,광주 동구 문화전당로16번길 4,18119,기타 인쇄업,38718,38718,18,18,계속,계속,4088168595,40881685950,18119,기타 인쇄업
1119044,0,메딕스제약(주),61473,광주광역시 동구 중앙로 211,47222,건강보조식품 소매업,38749,38749,6,54,계속,계속,4088168921,40881689210,47222,건강보조식품 소매업
1119072,0,법무법인 로컴,61441,광주 동구 준법로 25,71101,변호사업,38808,38808,24,24,계속,계속,4088169575,40881695750,71101,변호사업
1119080,0,(주)파트너투어,61473,광주 동구 구성로194번길 7,75210,여행사업,38838,38838,2,2,계속,계속,4088169798,40881697980,75210,여행사업
1119086,0,(주)대자연,61459,광주 동구 의재로 23-1,41999,건설업본사,39044,39044,2,2,계속,계속,4088170053,40881700530,41999,건설업본사
1119087,0,아시아메트로월드투자개발(주),61474,광주 동구 서석로85번길 8-12,41999,건설업본사,38869,38869,1,1,계속,계속,4088170072,40881700720,41999,건설업본사
1119089,0,한국예술종합학교교육원(주),61474,광주광역시 동구  서석로 89,85640,사회교육시설,38954,38954,13,13,계속,계속,4088170126,40881701260,85640,사회교육시설
1119099,0,(주)모던솔루션,61475,광주 동구 중앙로196번길 31-8,47612,문구용품 및 회화용품 소매업,38930,38930,11,11,계속,계속,4088170392,40881703920,47612,문구용품 및 회화용품 소매업
1119102,0,전남참교육주식회사,61474,광주 동구 서석로85번길 8-12,94990,그 외 기타 협회 및 단체,39904,39904,1,1,계속,계속,4088170524,40881705240,94990,그 외 기타 협회 및 단체
1119107,0,유한회사정의유통,61482,광주 동구 충장로 91,47631,운동 및 경기용품 소매업,39005,39005,4,4,계속,계속,4088170655,40881706550,47631,운동 및 경기용품 소매업
1119119,0,(주)엔칼라스,61487,광주 동구 문화전당로 19-1,18111,경 인쇄업,39007,39007,2,2,계속,계속,4088171111,40881711110,18111,경 인쇄업
1119120,0,(주)여행만들기,61478,광주 동구 천변우로  339,75210,여행사업,40591,40591,0,0,계속,계속,4088171203,40881712030,75210,여행사업
1119136,0,주식회사도시창조,61423,광주 동구 경양로277번길  29,33910,간판 및 광고물 제조업,40380,40380,3,3,계속,계속,4088171601,40881716010,33910,간판 및 광고물 제조업
1119137,0,중산건기(주),61434,광주 동구 동명로20번길 17,76310,건설 및 토목공사용 기계장비 임대업,39083,39083,1,1,계속,계속,4088171620,40881716200,76310,건설 및 토목공사용 기계장비 임대업
1119144,0,(주)평화여행사,61475,광주 동구 중앙로196번길 5,75210,여행사업,39227,39227,1,1,계속,계속,4088171917,40881719170,75210,여행사업
1119165,0,서울시스템기술（주）,61488,광주 동구 천변우로  439,46510,"컴퓨터 및 주변장치, 소프트웨어 도매업",39142,39142,1,1,계속,계속,4088172667,40881726670,46510,"컴퓨터 및 주변장치, 소프트웨어 도매업"
1119171,0,비아이이센터,61472,광주 동구 금남로 181,75210,여행사업,39873,39873,1,1,계속,계속,4088172804,40881728040,75210,여행사업
1119172,0,(주)형제상사,61488,광주 동구 천변우로 459,47519,"페인트, 창호 및 기타 건설자재 소매업",39142,39142,2,2,계속,계속,4088172819,40881728190,47519,"페인트, 창호 및 기타 건설자재 소매업"
1119173,0,아이월드주식회사,61474,광주광역시 동구 서석로85번길 8-12,41999,건설업본사,39379,39379,2,2,계속,계속,4088172842,40881728420,41999,건설업본사
1119180,0,(주)에이치와이통신,61473,광주광역시 동구  제봉로 197,47312,통신기기 소매업,39203,39203,13,13,계속,계속,4088173026,40881730260,47312,통신기기 소매업
1119181,0,(주)오에이나라,61419,광주광역시 동구  무등로304번길 5,47311,"컴퓨터 및 주변장치, 소프트웨어 소매업",39173,39173,4,4,계속,계속,4088173050,40881730500,47311,"컴퓨터 및 주변장치, 소프트웨어 소매업"
1119182,0,(주)오에이나라,61419,광주 동구 무등로304번길 5,42322,내부 통신배선 공사업,45327,45327,1,1,일괄유기,일괄유기,4088173050,40881730506,42322,내부 통신배선 공사업
1119189,0,유밀봉독(주),61463,광주 동구 남문로 676,1299,그 외 기타 축산업,39174,39174,1,0,계속,계속,4088173180,40881731800,1299,그 외 기타 축산업
1119202,0,가민프롭텍 주식회사,61484,광주시 동구 호남동(충장동),59130,"영화, 비디오물 및 방송프로그램 배급업",40019,40019,1,1,계속,계속,4088173410,40881734100,59130,"영화, 비디오물 및 방송프로그램 배급업"
1119203,0,주식회사원이앤씨,61402,광주광역시 동구 중앙로 358,72112,도시계획 및 조경설계 서비스업,39356,39356,2,2,계속,계속,4088173439,40881734390,72112,도시계획 및 조경설계 서비스업
1119219,0,(주)한일의수족,61486,광주 동구 제봉로 55,27199,그 외 기타 의료용 기기 제조업,39264,39264,8,8,계속,계속,4088174200,40881742000,27199,그 외 기타 의료용 기기 제조업
1119224,0,신동아산업개발(주),61503,광주 동구 소태길 19-2,41999,건설업본사,40269,40269,2,2,계속,계속,4088174326,40881743260,41999,건설업본사
1119225,1,신동아산업개발(주),61503,광주 동구 소태길  19-2,,,43282,,1,0,일괄유기,,4088174326,40881743266,,
1119242,0,동은(주),61487,광주 동구 문화전당로 31,46593,정밀기기 및 과학기기 도매업,39295,39295,11,11,계속,계속,4088174651,40881746510,46593,정밀기기 및 과학기기 도매업
1119265,0,(주)수림정보통신,61461,광주 동구 의재로 81-1,47312,통신기기 소매업,39356,39356,1,1,계속,계속,4088175306,40881753060,47312,통신기기 소매업
1119268,0,(주)파인자산관리,61474,광주 동구 서석로85번길 8-12,42209,기타 건물 관련설비 설치 공사업,39982,39982,7,3,일괄유기,일괄유기,4088175679,40881756796,42209,기타 건물 관련설비 설치 공사업
1119287,0,성우메디칼(주),61437,광주 동구 밤실로 89,46441,의약품 도매업,39448,39448,5,5,계속,계속,4088176173,40881761730,46441,의약품 도매업
1119298,0,(주)토방건축사사무소,61436,광주 동구 장동로 5-5,72111,건축설계 및 관련 서비스업,39448,39448,1,1,계속,계속,4088176362,40881763620,72111,건축설계 및 관련 서비스업
1119299,0,(주)인맥스디자인,61487,광주 동구 문화전당로35번길 3-8,58190,기타 인쇄물 출판업,39522,39522,0,0,계속,계속,4088176469,40881764690,58190,기타 인쇄물 출판업
1119302,0,（주）승전사,61470,광주 동구  구성로 195,47620,음반 및 비디오물 소매업,39448,39448,2,2,계속,계속,4088176514,40881765140,47620,음반 및 비디오물 소매업
1119303,0,(주)동성과학,61419,광주 동구 중흥로209번길 6-2,23119,기타 판유리 가공품 제조업,39448,39448,5,5,계속,계속,4088176528,40881765280,23119,기타 판유리 가공품 제조업
1119304,0,（주）진수,61481,광주광역시 동구  충장로 55-2,47411,남자용 겉옷 소매업,39463,39463,42,42,계속,계속,4088176571,40881765710,47411,남자용 겉옷 소매업
1119323,0,(주)엠라인기획,61503,광주 동구 소태길 16,75992,"전시, 컨벤션 및 행사 대행업",39569,39569,1,1,계속,계속,4088176983,40881769830,75992,"전시, 컨벤션 및 행사 대행업"
1119337,0,카이에너지그룹 주식회사,61488,광주광역시 동구 천변우로 421,1300,작물재배 및 축산 복합농업,39661,39661,2,2,계속,계속,4088177298,40881772980,1300,작물재배 및 축산 복합농업
1119338,0,주식회사이케어,61474,광주 동구 예술길 31-11,75999,그 외 기타 분류 안된 사업지원 서비스업,39508,39508,0,0,계속,계속,4088177319,40881773190,75999,그 외 기타 분류 안된 사업지원 서비스업
1119348,0,(주)아모스금남점,61471,광주 동구 금남로 161-6,47813,"화장품, 비누 및 방향제 소매업",39540,39540,4,4,계속,계속,4088177449,40881774490,47813,"화장품, 비누 및 방향제 소매업"
1119398,0,(주)이츠한남,61487,광주 동구 문화전당로 37,18111,경 인쇄업,39615,39615,3,3,계속,계속,4088178356,40881783560,18111,경 인쇄업
1119402,0,(주)비에스,61482,광주광역시 동구 금남로 220,10302,과실 및 그 외 채소 절임식품 제조업,40969,40969,2,2,계속,계속,4088178550,40881785500,10302,과실 및 그 외 채소 절임식품 제조업
1119403,0,(주)비에스,61482,광주 동구 금남로 220,41119,기타 공동 주택 건설업,41059,41059,1,1,일괄유기,일괄유기,4088178550,40881785506,41119,기타 공동 주택 건설업
1119406,0,(주)미향,61441,광주 동구 필문대로205번길 42-1,56130,기관 구내식당업,39888,39888,5,5,계속,계속,4088178583,40881785830,56130,기관 구내식당업
1119424,0,(주)광주케미렌즈,61481,광주 동구 충장로 35,47822,안경 및 렌즈 소매업,39663,39663,2,2,계속,계속,4088178962,40881789620,47822,안경 및 렌즈 소매업
1119436,0,주식회사 디피다,61487,광주광역시 동구  문화전당로23번길 5-9,18113,오프셋 인쇄업,39709,39709,3,3,계속,계속,4088179239,40881792390,18113,오프셋 인쇄업
1119438,0,(주)타이어박스,61411,광주 동구 필문대로 159,45211,자동차 신품 타이어 및 튜브 판매업,39722,39722,2,2,계속,계속,4088179340,40881793400,45211,자동차 신품 타이어 및 튜브 판매업
1119452,0,(주)에이원메디칼,61419,광주 동구 중흥로 219-18,46442,의료용품 도매업,39793,39793,8,8,계속,계속,4088180003,40881800030,46442,의료용품 도매업
1119460,0,(주)미래골드,61480,광주 동구 충장로46번길 3,47830,시계 및 귀금속 소매업,40182,40182,0,0,계속,계속,4088180342,40881803420,47830,시계 및 귀금속 소매업
1119463,0,유한회사예스항공여행사,61473,광주 동구 구성로194번길 5,75290,기타 여행 보조 및 예약 서비스업,39904,39904,1,1,계속,계속,4088180435,40881804350,75290,기타 여행 보조 및 예약 서비스업
1119481,0,(유한)한결자동차서비스,61495,광주 동구 소태길 76,95211,자동차 종합 수리업,40148,40148,10,10,계속,계속,4088180717,40881807170,95211,자동차 종합 수리업
1119484,0,신화산업건설(주),61478,광주 동구 천변우로 339,41999,건설업본사,39848,39848,2,5,계속,계속,4088180740,40881807400,41999,건설업본사
1119485,0,신화산업건설(주),61478,광주 동구 천변우로 339,42199,기타 옥외 시설물 축조 관련 전문공사업,39888,39888,3,1,일괄유기,일괄유기,4088180740,40881807406,42199,기타 옥외 시설물 축조 관련 전문공사업
1119497,0,주식회사 벽송건설,61500,광주 동구 남문로 600-5,41999,건설업본사,39897,39897,1,1,계속,계속,4088181244,40881812440,41999,건설업본사
1119498,0,주식회사 벽송건설,61500,광주광역시 동구  남문로 600-5,41226,조경 건설업,39948,39948,17,16,일괄유기,일괄유기,4088181244,40881812446,41226,조경 건설업
1119516,0,(유한)씨에스투어허니문파트너,61488,광주광역시 동구  서석로 10,75210,여행사업,40148,40148,1,1,계속,계속,4088181813,40881818130,75210,여행사업
1119519,0,농업회사법인한국제다주식회사,61496,광주 동구 의재로 106-1,10892,차류 가공업,40483,40483,3,3,계속,계속,4088181870,40881818700,10892,차류 가공업
1119533,0,주식회사 서연어패럴,61491,광주 동구 의재로 117,14111,남자용 겉옷 제조업,40026,40026,1,1,계속,계속,4088182113,40881821130,14111,남자용 겉옷 제조업
1119537,0,협신디자인기획(주),61465,광주광역시 동구  장동로 8,90191,공연 기획업,40057,40057,24,24,계속,계속,4088182205,40881822050,90191,공연 기획업
1119573,0,주식회사 에코덤(Ecoderm，inc.),61469,광주 동구 백서로 160,47811,의약품 및 의료용품 소매업,40057,40057,4,4,계속,계속,4088183179,40881831790,47811,의약품 및 의료용품 소매업
1119582,0,카피스토어주식회사,61483,광주 동구 중앙로160번길 11,46451,"생활용 포장 및 위생용품, 봉투 및 유사 제품 도매업",40087,40087,1,1,계속,계속,4088183316,40881833160,46451,"생활용 포장 및 위생용품, 봉투 및 유사 제품 도매업"
1119588,0,(주)갤러리 디,61475,광주 동구 중앙로196번길 31-6,90221,박물관 운영업,40059,40059,1,1,계속,계속,4088183408,40881834080,90221,박물관 운영업
1119599,0,（주）허브여행사,61473,광주광역시 동구 구성로194번길 25,75210,여행사업,45689,45689,1,1,계속,계속,4088183882,40881838820,75210,여행사업
1119605,0,(주)한국영재에듀,61434,광주 동구 동계천로 159-4,85632,기타 교습학원,40148,40148,2,2,계속,계속,4088184144,40881841440,85632,기타 교습학원
1119609,0,주식회사비와이에이치,61413,광주 동구 중앙로 306,75121,임시 및 일용 인력 공급업,40599,40603,5,5,일괄계속,계속,4088184353,40881843536,75121,임시 및 일용 인력 공급업
1119625,0,（주）비타민스포츠,61511,광주광역시 동구 녹동길 92-8,47631,운동 및 경기용품 소매업,40179,40179,10,10,계속,계속,4088184765,40881847650,47631,운동 및 경기용품 소매업
1119627,0,（주）씨엔엔지니어링,61465,광주 동구 제봉로98번길 11-11,72121,건물 및 토목 엔지니어링 서비스업,40184,40184,1,1,계속,계속,4088184784,40881847840,72121,건물 및 토목 엔지니어링 서비스업
1119638,0,(주)이행전자,61473,광주 동구 구성로204번길 6,42322,내부 통신배선 공사업,40260,40260,1,1,일괄유기,일괄유기,4088184988,40881849886,42322,내부 통신배선 공사업
1119645,0,(주)드림투어,61476,광주광역시 동구 금남로 162-9,75210,여행사업,45444,45444,1,1,계속,계속,4088185177,40881851770,75210,여행사업
1119652,0,동명개발주식회사,61445,광주 동구 지산로 73,68112,비주거용 건물 임대업,42095,42095,3,3,계속,계속,4088185366,40881853660,68112,비주거용 건물 임대업
1119654,0,현대네트워크(유한),61478,광주광역시 동구 충장동 (수기동),75121,임시 및 일용 인력 공급업,40261,40261,48,62,계속,계속,4088185463,40881854630,75121,임시 및 일용 인력 공급업
1119655,0,현대네트워크(유),61478,광주 동구 천변우로 339,75121,임시 및 일용 인력 공급업,40626,43941,1,0,일괄유기,일괄유기,4088185463,40881854636,75121,임시 및 일용 인력 공급업
1119658,0,광주전남화약（주）,61513,광주광역시 동구  육판서길 79-23,46739,기타 화학물질 및 화학제품 도매업,40269,40269,17,17,계속,계속,4088185522,40881855220,46739,기타 화학물질 및 화학제품 도매업
1119668,0,(주)시와사람,61489,광주 동구 양림로119번길 21-1,58113,일반 서적 출판업,40330,40330,1,1,계속,계속,4088185798,40881857980,58113,일반 서적 출판업
1119669,0,(주)한국지적기술원,61475,광주 동구 중앙로196번길 3,72921,측량업,40299,40299,4,4,계속,계속,4088185804,40881858040,72921,측량업
1119676,0,(주)양원기술공사,61401,광주광역시 동구  무등로321번길 20-11,72122,환경 관련 엔지니어링 서비스업,40360,40360,7,7,계속,계속,4088186045,40881860450,72122,환경 관련 엔지니어링 서비스업
1119685,0,신우세라믹(주),61478,광주 동구 천변우로 339,46699,그 외 기타 건축자재 도매업,40330,40330,3,2,계속,계속,4088186220,40881862200,46699,그 외 기타 건축자재 도매업
1119689,0,(주)케이제이산업,61447,광주 동구 지호로124번길 16,56123,서양식 음식점업,40452,40452,4,4,계속,계속,4088186292,40881862920,56123,서양식 음식점업
1119716,0,(주)인스,61463,광주 동구 남문로 686,96121,욕탕업,40360,40360,6,6,계속,계속,4088186837,40881868370,96121,욕탕업
1119720,0,(유한)거룡,61487,광주 동구 백서로137번길 29,18119,기타 인쇄업,40360,40360,3,3,계속,계속,4088186934,40881869340,18119,기타 인쇄업
1119750,0,주식회사계림,61472,광주 동구 구성로 186-1,75999,그 외 기타 분류 안된 사업지원 서비스업,42478,42478,1,1,계속,계속,4088187802,40881878020,75999,그 외 기타 분류 안된 사업지원 서비스업
1119763,0,주현건설(주),61478,광주 동구 천변우로 339,41999,건설업본사,40452,40452,2,21,계속,계속,4088188005,40881880050,41999,건설업본사
1119764,0,주현건설(주),61478,광주 동구 천변우로 339,42209,기타 건물 관련설비 설치 공사업,40483,40483,14,12,일괄유기,일괄유기,4088188005,40881880056,42209,기타 건물 관련설비 설치 공사업
1119782,0,（주）금호환경,61495,광주 동구 소태길 70,38120,"지정 폐기물 수집, 운반업",40787,40787,1,1,계속,계속,4088188403,40881884030,38120,"지정 폐기물 수집, 운반업"
1119783,0,보성산업개발 (주),61474,광주 동구 서석로85번길 8-12,41999,건설업본사,40485,40485,12,12,계속,계속,4088188422,40881884220,41999,건설업본사
1119784,0,주식회사오션텍,61512,광주광역시 동구  남문로 278,47859,그 외 기타 분류 안된 상품 전문 소매업,40575,40575,1,1,계속,계속,4088188494,40881884940,47859,그 외 기타 분류 안된 상품 전문 소매업
1119794,0,조선대학교기술지주주식회사,61452,광주광역시 동구  필문대로 309,71531,경영 컨설팅업,40513,40513,2,2,계속,계속,4088188801,40881888010,71531,경영 컨설팅업
1119800,0,주식회사남도유통,61461,광주 동구 의재로 95,46443,화장품 및 화장용품 도매업,42736,42736,2,2,계속,계속,4088189019,40881890190,46443,화장품 및 화장용품 도매업
1119815,0,주식회사 윤평,61477,광주광역시 동구 독립로226번길 13-2,68223,부동산 감정평가업,40664,40664,1,1,계속,계속,4088189440,40881894400,68223,부동산 감정평가업
1119841,0,신락원주식회사,61481,광주 동구 충장로 45-9,56121,중식 음식점업,40634,40634,18,11,계속,계속,4088189983,40881899830,56121,중식 음식점업
1119850,0,주식회사알프스산악,61493,광주 동구 증심사길30번길 14,46464,운동 및 경기용품 도매업,40634,40634,1,0,계속,계속,4088190229,40881902290,46464,운동 및 경기용품 도매업
1119851,0,(주)시엠헬스케어인터네셔널,61464,광주광역시 동구  남문로 689,74100,사업시설 유지관리 서비스업,42991,42991,6,6,계속,계속,4088190345,40881903450,74100,사업시설 유지관리 서비스업
1119857,0,（주）금강산업건설,61406,광주 동구 필문대로 148,41999,건설업본사,40659,40659,4,0,계속,계속,4088190461,40881904610,41999,건설업본사
1119858,0,(주)금강산업건설,61406,광주 동구 필문대로 148,42201,배관 및 냉ㆍ난방 공사업,42880,42880,2,0,일괄유기,일괄유기,4088190461,40881904616,42201,배관 및 냉ㆍ난방 공사업
1119865,0,주식회사두원,61470,광주광역시 동구 제봉로213번길10-5,46107,그 외 기타 특정 상품 중개업,41610,41610,3,3,계속,계속,4088190947,40881909470,46107,그 외 기타 특정 상품 중개업
1119876,0,그린씨엔에스자산관리대부 주식회사,61445,광주 동구 동명로 110,66199,그 외 기타 금융지원 서비스업,40848,40848,10,10,계속,계속,4088191359,40881913590,66199,그 외 기타 금융지원 서비스업
1119877,0,주식회사동양메디텍,61463,광주 동구 남문로 678,46592,의료기기 도매업,40725,40725,7,7,계속,계속,4088191529,40881915290,46592,의료기기 도매업
1119878,0,주식회사세진메디칼,61463,광주 동구 남문로 678,46442,의료용품 도매업,40725,40725,10,10,계속,계속,4088191534,40881915340,46442,의료용품 도매업
1119879,0,(주)에셀사이언스,61428,광주 동구 구성로238번길 17-9,47829,기타 광학 및 정밀 기기 소매업,40756,40756,2,2,계속,계속,4088191548,40881915480,47829,기타 광학 및 정밀 기기 소매업
1119914,0,(주)에프2엠지글로벌뷰티아카데미,61472,광주광역시 동구 금남로 195,85669,기타 기술 및 직업훈련학원,40848,40848,5,5,계속,계속,4088192440,40881924400,85669,기타 기술 및 직업훈련학원
1119936,0,(주)동혜,61483,광주 동구 충장로 70-1,47429,"섬유 원단, 실 및 기타 섬유제품 소매업",40848,40848,3,3,계속,계속,4088193094,40881930940,47429,"섬유 원단, 실 및 기타 섬유제품 소매업"
1119956,0,신진자동차운전전문학원(주),61495,광주 동구 소태길,85661,운전학원,40878,40878,11,11,계속,계속,4088193643,40881936430,85661,운전학원
1119972,0,주식회사커리어아카데미,61492,광주 동구 운림동,75919,기타 사무지원 서비스업,40910,40910,2,2,계속,계속,4088193982,40881939820,75919,기타 사무지원 서비스업
1119973,0,주식회사 창새,61484,광주 동구 서석로7번길 12-28,65110,생명 보험업,42005,42005,1,6,계속,계속,4088193997,40881939970,65110,생명 보험업
1119974,0,유한회사삼중기업,61463,광주광역시 동구 남문로694-11,68112,비주거용 건물 임대업,42018,42018,0,0,계속,계속,4088194069,40881940690,68112,비주거용 건물 임대업
1119979,0,주식회사렛츠고투어,61488,광주광역시 동구 서석로20,75210,여행사업,41309,41309,1,1,계속,계속,4088194171,40881941710,75210,여행사업
1119986,0,주식회사 유이엔컴퍼니,61481,광주광역시 동구 금남로 202,59111,일반 영화 및 비디오물 제작업,40933,40933,3,3,계속,계속,4088194322,40881943220,59111,일반 영화 및 비디오물 제작업
1119990,0,종합상사항랑(주),61486,광주 동구 문화전당로 14,46591,사무용 가구 및 기기 도매업,40940,40940,1,1,계속,계속,4088194400,40881944000,46591,사무용 가구 및 기기 도매업
1119991,0,주식회사 바른산업,61509,광주 동구 화산로350번길 10,46699,그 외 기타 건축자재 도매업,41091,41091,1,1,계속,계속,4088194448,40881944480,46699,그 외 기타 건축자재 도매업
1119992,0,주식회사 바른산업,61509,광주 동구 화산로350번길 10,41129,기타 비주거용 건물 건설업,43397,43397,1,1,일괄유기,일괄유기,4088194448,40881944486,41129,기타 비주거용 건물 건설업
1120002,0,도림엘앤씨(주),61508,광주광역시 동구 용산4길 23,22299,그 외 기타 플라스틱 제품 제조업,40942,40942,9,9,계속,계속,4088194583,40881945830,22299,그 외 기타 플라스틱 제품 제조업
1120018,0,(주)건우프린팅,61487,광주광역시 동구  백서로137번길 13-6,58190,기타 인쇄물 출판업,40960,40960,3,3,계속,계속,4088194910,40881949100,58190,기타 인쇄물 출판업
1120019,0,아이스크림스튜디오（주）,61475,광주광역시 동구  금남로 245,59112,애니메이션 영화 및 비디오물 제작업,40969,40969,14,14,계속,계속,4088194924,40881949240,59112,애니메이션 영화 및 비디오물 제작업
1120033,0,주식회사 건흥,61420,광주 동구 중흥로 237,68121,주거용 건물 개발 및 공급업,40969,40969,1,3,계속,계속,4088195243,40881952430,68121,주거용 건물 개발 및 공급업
1120035,0,(주)지산실업,61472,광주광역시 동구 금남로 203,68119,기타 부동산 임대업,40969,40969,2,1,계속,계속,4088195281,40881952810,68119,기타 부동산 임대업
1120040,0,주식회사엔씨커뮤니케이션,61449,광주광역시 동구  필문대로273번길 8-15,58222,응용 소프트웨어 개발 및 공급업,41000,41000,2,2,계속,계속,4088195414,40881954140,58222,응용 소프트웨어 개발 및 공급업
1120046,0,유로옴므 주식회사,61482,광주 동구 금남로 236,47859,그 외 기타 분류 안된 상품 전문 소매업,41030,41030,6,6,계속,계속,4088195582,40881955820,47859,그 외 기타 분류 안된 상품 전문 소매업
1120048,0,주식회사에꼴드팡세,61431,광주광역시 동구  제봉로140번길 8,56129,기타 외국식 음식점업,41214,41214,3,3,계속,계속,4088195689,40881956890,56129,기타 외국식 음식점업
1120049,0,광주대성유한회사,61465,광주 동구 제봉로 92,55901,기숙사 및 고시원 운영업,41153,41153,7,7,계속,계속,4088195748,40881957480,55901,기숙사 및 고시원 운영업
1120062,0,주식회사경양마을,61419,광주광역시 동구 중흥로209번길18,41999,건설업본사,41030,41030,1,2,계속,계속,4088196316,40881963160,41999,건설업본사
1120063,0,주식회사 경양마을,61401,광주 동구 무등로 329,41129,기타 비주거용 건물 건설업,43101,43101,1,1,일괄유기,일괄유기,4088196316,40881963166,41129,기타 비주거용 건물 건설업
1120065,0,유한회사믿음자산관리대부,61441,광주 동구 필문대로205번길 42-1,66199,그 외 기타 금융지원 서비스업,41365,41365,1,1,계속,계속,4088196408,40881964080,66199,그 외 기타 금융지원 서비스업
1120066,0,주식회사 에이치디이엔씨,61481,광주광역시 동구 금남로190,68129,기타 부동산 개발 및 공급업,42095,42095,5,5,계속,계속,4088196413,40881964130,68129,기타 부동산 개발 및 공급업
1120069,0,광주한약도매시장(주),61401,광주광역시 동구 중앙로341,46209,기타 산업용 농산물 도매업,41275,41275,1,1,계속,계속,4088196539,40881965390,46209,기타 산업용 농산물 도매업
1120082,0,（주）바이탈로,61436,광주 동구 동계천로 150,27191,치과용 기기 제조업,41153,41153,1,1,계속,계속,4088196752,40881967520,27191,치과용 기기 제조업
1120086,0,유한회사 한솔테크노,61509,광주광역시 동구 지원2동 (용산동),73203,시각 디자인업,43586,43586,2,2,계속,계속,4088196956,40881969560,73203,시각 디자인업
1120092,0,주식회사 문화스튜디오,61436,광주 동구 장동로 7,56229,기타 비알코올 음료점업,41122,41122,1,1,계속,계속,4088197144,40881971440,56229,기타 비알코올 음료점업
1120095,0,(주)한일빌딩,61489,광주 동구 제봉로 27,68112,비주거용 건물 임대업,42278,42278,1,3,계속,계속,4088197197,40881971970,68112,비주거용 건물 임대업
1120099,0,주식회사창암종합건설,61478,광주광역시 동구 천변우로 339,68129,기타 부동산 개발 및 공급업,41127,41127,8,8,계속,계속,4088197289,40881972890,68129,기타 부동산 개발 및 공급업
1120106,0,유한회사오십칠(단골),61483,광주광역시 동구 중앙로160번길23-4,56123,서양식 음식점업,41883,41883,2,2,계속,계속,4088197483,40881974830,56123,서양식 음식점업
1120107,0,주식회사 에그맨,61511,광주 동구 칠전길 2,10894,두부 및 유사식품 제조업,41334,41334,6,1,계속,계속,4088197504,40881975040,10894,두부 및 유사식품 제조업
1120112,0,주식회사 코아띠,61470,광주 동구 제봉로 221-31,47813,"화장품, 비누 및 방향제 소매업",41275,41275,9,7,계속,계속,4088197708,40881977080,47813,"화장품, 비누 및 방향제 소매업"
1120115,0,(주)파인산업,61474,광주 동구 서석로85번길 8-12,41999,건설업본사,41166,41166,1,1,계속,계속,4088197805,40881978050,41999,건설업본사
1120123,0,법무법인이우스,61440,광주 동구 동명로 99,71101,변호사업,41186,41186,23,23,계속,계속,4088198046,40881980460,71101,변호사업
1120132,0,（주）진흥약품,61496,광주 동구 의재로 88,46441,의약품 도매업,41214,41214,22,22,계속,계속,4088198202,40881982020,46441,의약품 도매업
1120141,0,나노메디칼유한회사,61462,광주 동구  의재로 60,47811,의약품 및 의료용품 소매업,41214,41214,2,2,계속,계속,4088198347,40881983470,47811,의약품 및 의료용품 소매업
1120147,0,주식회사올공유,61473,광주광역시 동구  제봉로 197,47312,통신기기 소매업,41226,41226,0,0,계속,계속,4088198518,40881985180,47312,통신기기 소매업
1120154,0,동우자산관리대부(주),61404,광주광역시 동구  필문대로 86-1,66199,그 외 기타 금융지원 서비스업,41275,41275,1,1,계속,계속,4088198686,40881986860,66199,그 외 기타 금융지원 서비스업
1120160,0,주식회사광주관광개발,61471,광주광역시 동구  금남로 167,75210,여행사업,41275,41275,0,0,계속,계속,4088198876,40881988760,75210,여행사업
1120161,0,유한회사스타,61482,광주광역시 동구 금남로226-11,55101,호텔업,41944,41944,19,19,계속,계속,4088198895,40881988950,55101,호텔업
1120176,0,건화기업（주）,61419,광주 동구 무등로304번길 24,74211,건축물 일반 청소업,41275,41275,22,23,일괄계속,계속,4088199268,40881992680,74211,건축물 일반 청소업
1120192,0,주식회사이지넷,61488,광주 동구 백서로125번길 21-1,46510,"컴퓨터 및 주변장치, 소프트웨어 도매업",41640,41640,0,0,계속,계속,4088199593,40881995930,46510,"컴퓨터 및 주변장치, 소프트웨어 도매업"
1120202,0,주식회사대명투자개발,61426,광주 동구 동계천로 34,74211,건축물 일반 청소업,43556,43556,1,1,계속,계속,4088199782,40881997820,74211,건축물 일반 청소업
1120204,0,주식회사로제타트래블,61484,광주 동구 서석로  1,75210,여행사업,41640,41640,1,1,계속,계속,4088199856,40881998560,75210,여행사업
1120206,0,광주전남지방법무사회,61427,광주 동구 제봉로194번길 5-9,94120,전문가 단체,36708,35855,7,7,계속,계속,4088200175,40882001750,94120,전문가 단체
1120207,0,광주영아일시보호소,61502,광주 동구 지원로 26,87210,보육시설 운영업,35065,37622,45,45,계속,계속,4088200234,40882002340,87210,보육시설 운영업
1120209,0,광주전남인쇄정보산업협동조합,61488,광주광역시 동구  천변우로 439,73902,번역 및 통역 서비스업,36708,36069,1,1,계속,계속,4088200307,40882003070,73902,번역 및 통역 서비스업
1120211,0,계림신용협동조합,61412,광주 동구 동계로 79,64131,신용조합,35977,35855,6,6,계속,계속,4088200404,40882004040,64131,신용조합
1120212,0,조선대학교,61452,광주 동구 조선대길 184,85302,대학교,35065,35977,753,2544,계속,계속,4088200516,40882005160,85302,대학교
1120213,0,조선간호대학교,61453,광주광역시 동구 조선대2길 70,85301,전문대학,36708,35977,33,67,계속,계속,4088200535,40882005350,85301,전문대학
1120214,0,조선이공대학교,61453,광주광역시 동구 조선이공대길 11,85301,전문대학,35065,35977,197,165,계속,계속,4088200549,40882005490,85301,전문대학
1120215,0,조선대학교 부속고등학교,61459,광주 동구 의재로33번길 33,85212,일반 고등학교,36708,35977,39,77,계속,계속,4088200554,40882005540,85212,일반 고등학교
1120216,0,조선대학교부속중학교(행정실),61452,광주 동구 조선대길 184,85211,중학교,36708,35977,13,45,계속,계속,4088200568,40882005680,85211,중학교
1120217,0,조선대학교여자고등학교,61450,광주 동구 지산로 36,85212,일반 고등학교,36708,35977,31,77,계속,계속,4088200573,40882005730,85212,일반 고등학교
1120218,0,조선대학교여자중학교,61450,광주 동구 지산로 16,85211,중학교,37200,37200,24,41,계속,계속,4088200587,40882005870,85211,중학교
1120219,0,살레시오여자고등학교,61448,광주 동구 필문대로273번길 21,85212,일반 고등학교,36708,36269,31,31,계속,계속,4088200592,40882005920,85212,일반 고등학교
1120223,0,(사단법인)대한곡물협회전라남도지회,61473,광주 동구 구성로204번길 15-8,94110,산업 단체,36708,34881,4,4,계속,계속,4088202213,40882022130,94110,산업 단체
1120225,0,조선대학교병원,61453,광주 동구 필문대로 365,86102,일반 병원,35065,34881,244,1676,계속,계속,4088202644,40882026440,86102,일반 병원
1120229,0,사회복지법인광주영신원,61510,광주 동구 화산로 237-5,87131,아동 및 부녀자 거주 복지시설 운영업,35065,35796,39,39,계속,계속,4088202907,40882029070,87131,아동 및 부녀자 거주 복지시설 운영업
1120230,0,(복)천혜경로원,61457,광주 동구 남문로 720,87111,노인 요양 복지시설 운영업,35065,35855,40,40,계속,계속,4088202950,40882029500,87111,노인 요양 복지시설 운영업
1120242,0,학교법인조선대학교사무처,61452,광주 동구 조선대길 184,85302,대학교,36708,35977,2,14,계속,계속,4088203380,40882033800,85302,대학교
1120245,0,(복지법인)광주일맥원,61443,광주 동구 지호로 73,87131,아동 및 부녀자 거주 복지시설 운영업,35065,35916,26,26,계속,계속,4088203551,40882035510,87131,아동 및 부녀자 거주 복지시설 운영업
1120247,0,(복지법인)이일성노원,61503,광주 동구 소태길 11,87111,노인 요양 복지시설 운영업,35065,35434,19,19,계속,계속,4088203740,40882037400,87111,노인 요양 복지시설 운영업
1120250,0,동광주새마을금고,61437,광주광역시 동구 필문대로 179,64131,신용조합,35977,35855,18,18,일괄계속,계속,4088203906,40882039060,64131,신용조합
1120251,0,대한불교조계종증심사,61493,광주 동구 증심사길 177,94911,불교 단체,41183,41183,3,3,계속,계속,4088204093,40882040930,94911,불교 단체
1120255,0,계림새마을금고,61423,광주 동구 구성로 260,64131,신용조합,35977,35855,4,4,계속,계속,4088204472,40882044720,64131,신용조합
1120257,0,프란치스카유치원(직장),61412,광주 동구 동계로 79-28,85110,유아 교육기관,40756,40756,1,8,계속,계속,4088204638,40882046380,85110,유아 교육기관
1120259,0,금남새마을금고,61473,광주광역시 동구 중앙로 207-7,64131,신용조합,35977,35855,15,15,계속,계속,4088204754,40882047540,64131,신용조합
1120260,0,빛고을신용협동조합,61484,광주 동구 서석로 23-17,64131,신용조합,35977,35796,5,5,계속,계속,4088204905,40882049050,64131,신용조합
1120267,0,대광새마을금고,61429,광주 동구 동명동,64131,신용조합,35977,35855,22,22,일괄계속,계속,4088205205,40882052050,64131,신용조합
1120268,0,광주동부신용협동조합,61463,광주광역시 동구  남문로 680,64131,신용조합,36708,36069,11,11,계속,계속,4088205302,40882053020,64131,신용조합
1120269,0,광주은행신용협동조합,61470,광주 동구 제봉로 225,64131,신용조합,35977,35855,8,8,계속,계속,4088205374,40882053740,64131,신용조합
1120270,0,서석새마을금고,61467,광주 동구 백서로 188,64131,신용조합,35977,35855,8,8,계속,계속,4088205409,40882054090,64131,신용조합
1120271,0,광주충장신용협동조합,61480,광주 동구 충장로46번길 7,64131,신용조합,35977,35855,9,8,계속,계속,4088205485,40882054850,64131,신용조합
1120272,0,광주동명교회,61434,광주 동구 동명로20번길 31,94912,기독교 단체,43282,43282,9,9,계속,계속,4088205641,40882056410,94912,기독교 단체
1120273,0,동광새마을금고,61426,광주 동구 구성로 219,64131,신용조합,35977,35855,6,6,계속,계속,4088205957,40882059570,64131,신용조합
1120275,0,대한예수교장로회혜성교회,61422,광주 동구 경양로247번길 22,94912,기독교 단체,43101,43101,5,5,계속,계속,4088206072,40882060720,94912,기독교 단체
1120276,0,(사단법인)광주광역시관광협회,61475,광주광역시 동구 중앙로196번길 5,94110,산업 단체,36655,35855,26,26,계속,계속,4088206112,40882061120,94110,산업 단체
1120277,0,"광주광역시,전라남도사진앨범인쇄협동조합",61488,광주 동구 백서로 121-1,94990,그 외 기타 협회 및 단체,36708,36069,1,1,계속,계속,4088206150,40882061500,94990,그 외 기타 협회 및 단체
1120278,0,(복）동광어린이집,61496,광주 동구 학소로76번길 7-16,87131,아동 및 부녀자 거주 복지시설 운영업,35065,35855,6,6,계속,계속,4088206349,40882063490,87131,아동 및 부녀자 거주 복지시설 운영업
1120279,0,동명새마을금고,61449,광주 동구 필문대로 277,64131,신용조합,35977,35855,7,7,계속,계속,4088206505,40882065050,64131,신용조합
1120282,0,광주용산신용협동조합,61499,광주광역시 동구 남문로 589,64131,신용조합,35977,35855,5,5,계속,계속,4088206596,40882065960,64131,신용조합
1120284,0,광주광역시버스운송사업조합,61472,광주광역시 동구 금남로 201,94110,산업 단체,36708,35796,18,18,계속,계속,4088206728,40882067280,94110,산업 단체
1120288,0,(사)한국외식업중앙회광주광역시지회동구지부,61431,광주 동구 제봉로138번길 14-1,94939,기타 시민운동 단체,36708,34881,5,5,계속,계속,4088207085,40882070850,94939,기타 시민운동 단체
1120289,0,대한불교조계종 원각사,61472,광주 동구 중앙로 197,94911,불교 단체,44972,44972,1,1,계속,계속,4088207163,40882071630,94911,불교 단체
1120290,1,한국한센복지협회광주전남지부,61498,광주 동구 남문로 634,,,35065,,14,0,계속,,4088207289,40882072890,,
1120292,0,조선대학교소비자생활협동조합,61452,광주 동구 필문대로 303,94110,산업 단체,33970,35796,18,18,계속,계속,4088207348,40882073480,94110,산업 단체
1120293,0,영신어린이집,61510,광주 동구 화산로 237-5,87210,보육시설 운영업,35065,35855,1,1,계속,계속,4088207445,40882074450,87210,보육시설 운영업
1120298,0,(재)전남대학교의대연구장학재단,61469,광주 동구 백서로 160,94990,그 외 기타 협회 및 단체,43221,43221,1,1,계속,계속,4088207673,40882076730,94990,그 외 기타 협회 및 단체
1120299,0,전국버스운송사업조합연합회공제조합광주지부,61472,광주광역시 동구  금남로 201,65302,사업 공제업,34872,34881,10,10,계속,계속,4088207805,40882078050,65302,사업 공제업
1120300,0,(재단법인)무등문화재단,61461,광주 동구 증심천로 88,94990,그 외 기타 협회 및 단체,37622,37622,1,1,계속,계속,4088207974,40882079740,94990,그 외 기타 협회 및 단체
1120301,0,전남대학교병원,61469,광주 동구 제봉로 42,86102,일반 병원,35065,34881,314,3516,계속,계속,4088208124,40882081240,86102,일반 병원
1120302,0,전남대학교병원새마을금고,61469,광주 동구 제봉로 42,64131,신용조합,35977,35796,25,25,일괄계속,계속,4088208143,40882081430,64131,신용조합
1120304,0,（사）광주지방변호사회,61440,광주 동구 동명로 101-1,71101,변호사업,36708,36069,8,8,계속,계속,4088208269,40882082690,71101,변호사업
1120305,0,광주무돌교회,61472,광주 동구 구성로 188,94912,기독교 단체,43436,43436,1,1,계속,계속,4088208274,40882082740,94912,기독교 단체
1120310,0,(사단법인)흥사단광주지부,61477,광주 동구 독립로226번길 13-3,94939,기타 시민운동 단체,36708,37257,4,4,계속,계속,4088208537,40882085370,94939,기타 시민운동 단체
1120314,0,조선대학교 신용협동조합,61452,광주 동구 필문대로 303,64913,신용카드 및 할부금융업,36708,36069,4,4,계속,계속,4088208861,40882088610,64913,신용카드 및 할부금융업
1120320,0,햇살좋은어린이집,61492,광주 동구 운림길 51,87131,아동 및 부녀자 거주 복지시설 운영업,35431,35855,15,15,계속,계속,4088209142,40882091420,87131,아동 및 부녀자 거주 복지시설 운영업
1120323,0,광주효성청소년문화재단,61481,광주 동구 금남로 186,94990,그 외 기타 협회 및 단체,36708,36069,1,1,계속,계속,4088209201,40882092010,94990,그 외 기타 협회 및 단체
1120324,0,살레시오여자중학교,61448,광주 동구 필문대로273번길 21,85211,중학교,36708,36526,12,12,계속,계속,4088209268,40882092680,85211,중학교
1120326,0,광주은행노동조합,61470,광주 동구 제봉로 225,94200,노동조합,42793,42793,1,1,계속,계속,4088209313,40882093130,94200,노동조합
1120330,0,한빛어린이집,61494,광주 동구 태봉길 25,87210,보육시설 운영업,36617,36069,5,5,계속,계속,4088209536,40882095360,87210,보육시설 운영업
1120332,0,삼광어린이집,61503,광주 동구 소태길3번길 51-9,87210,보육시설 운영업,36708,36373,1,1,계속,계속,4088209652,40882096520,87210,보육시설 운영업
1120333,0,(의료법인)빛고을의료재단,61510,광주 동구 화산로 225,86102,일반 병원,35754,35796,48,47,계속,계속,4088209671,40882096710,86102,일반 병원
1120334,0,재단법인CCC아가페의원,61434,광주 동구 동명로20번길 10,86201,일반 의원,36708,36069,5,5,계속,계속,4088209730,40882097300,86201,일반 의원
1120335,0,신나는어린이집,61408,광주 동구 필문대로153번길 23-1,87131,아동 및 부녀자 거주 복지시설 운영업,35864,35864,7,7,계속,계속,3058222943,40882097440,87131,아동 및 부녀자 거주 복지시설 운영업
1120337,0,(복지법인)백합어린이집,61501,광주 동구 지원로 27,87139,그 외 기타 거주 복지시설 운영업,39508,39508,4,4,계속,계속,4088209803,40882098030,87139,그 외 기타 거주 복지시설 운영업
1120339,0,조선대학교치과병원,61452,광주 동구 서석동  ,86103,치과 병원,36220,36220,19,139,계속,계속,4088209894,40882098940,86103,치과 병원
1120340,0,(재단법인)의재문화재단,61461,광주 동구 의재로 105,90211,도서관 및 기록보존소 운영업,36708,36069,4,4,계속,계속,4088210033,40882100330,90211,도서관 및 기록보존소 운영업
1120353,0,(사)광주국제교류센터,61475,광주광역시 동구 중앙로196번길 5,94990,그 외 기타 협회 및 단체,36708,36314,18,18,계속,계속,4088210483,40882104830,94990,그 외 기타 협회 및 단체
1120363,0,남광주새마을금고,61490,광주 동구 제봉로17번길 12-5,64131,신용조합,35977,35796,19,19,계속,계속,4088210936,40882109360,64131,신용조합
1120367,0,재)조선대학교 치과대학 교육문화재단,61452,광주 동구 조선대길 184,94990,그 외 기타 협회 및 단체,38412,38412,1,1,계속,계속,4088211027,40882110270,94990,그 외 기타 협회 및 단체
1120385,0,광주성빈여사,61468,광주 동구 백서로 149,87210,보육시설 운영업,35065,35796,28,28,계속,계속,4088211823,40882118230,87210,보육시설 운영업
1120387,0,(사)소비자교육중앙회광주광역시지부,61465,광주 동구 제봉로98번길 11-19,94939,기타 시민운동 단체,42384,42384,2,2,계속,계속,4088211916,40882119160,94939,기타 시민운동 단체
1120389,0,(사단법인)빛소리오페라단,61484,광주 동구 중앙로160번길 22,90122,무용 및 음악단체,37165,37165,3,3,계속,계속,4088212031,40882120310,90122,무용 및 음악단체
1120393,0,(사단법인)광주광역시동구장애인협회,61498,광주 동구 남문로 638-3,87299,그 외 기타 비거주 복지 서비스업,37712,37712,212,212,계속,계속,4088212157,40882121570,87299,그 외 기타 비거주 복지 서비스업
1120398,0,(재)근골격계연구 학술진흥재단,61469,광주 동구 제봉로 42,70113,의학 및 약학 연구개발업,43282,43282,1,1,계속,계속,4088212249,40882122490,70113,의학 및 약학 연구개발업
1120407,0,대한예수교장로회전남노회,61499,광주 동구 남문로 629,94912,기독교 단체,36708,36069,1,1,계속,계속,4088212614,40882126140,94912,기독교 단체
1120409,0,(사단법인)한국미술협회 광주광역시지회,61475,광주광역시 동구  금남로 231-0,94990,그 외 기타 협회 및 단체,38353,38353,5,5,계속,계속,4088212837,40882128370,94990,그 외 기타 협회 및 단체
1120410,0,(사단법인)자비신행회,61513,광주 동구 남계길 45-7,87299,그 외 기타 비거주 복지 서비스업,38047,38047,5,5,계속,계속,4088212856,40882128560,87299,그 외 기타 비거주 복지 서비스업
1120413,0,(사)한복문화학회광주시충장로지회,61480,광주 동구 충장로5가  ,94990,그 외 기타 협회 및 단체,37967,,0,0,계속,계속,4088213137,40882131370,94990,그 외 기타 협회 및 단체
1120418,0,C.C.C동구노인복지센터,61434,광주 동구 동명로20번길 8,87299,그 외 기타 비거주 복지 서비스업,38018,38018,100,97,계속,계속,4088213253,40882132530,87299,그 외 기타 비거주 복지 서비스업
1120422,0,조선대학교산학협력단,61452,광주광역시 동구  필문대로 309,75919,기타 사무지원 서비스업,38219,38219,309,249,계속,계속,4088213419,40882134190,75919,기타 사무지원 서비스업
1120425,0,조선이공대학산학협력단,61453,광주 동구 조선이공대길 11,75919,기타 사무지원 서비스업,38231,38231,43,43,계속,계속,4088213480,40882134800,75919,기타 사무지원 서비스업
1120431,0,우제길미술관,61494,광주 동구 의재로 140-6,90221,박물관 운영업,37865,37865,2,2,계속,계속,4088213855,40882138550,90221,박물관 운영업
1120433,0,조선간호대학교 산학협력단,61453,광주광역시 동구 조선대2길 70,75919,기타 사무지원 서비스업,39965,39965,1,1,계속,계속,4088213914,40882139140,75919,기타 사무지원 서비스업
1120436,0,(사단법인)미래산업기술연구원,61478,광주 동구 천변우로 339,70129,기타 공학 연구개발업,38560,38560,1,1,계속,계속,4088214010,40882140100,70129,기타 공학 연구개발업
1120440,0,(사단법인)광주아파트입주자대표회의총연합회,61475,광주광역시 동구  금남로 237,94990,그 외 기타 협회 및 단체,38658,38658,1,1,계속,계속,4088214285,40882142850,94990,그 외 기타 협회 및 단체
1120441,0,성빈에스더집그룹홈(공동생활가정),61405,광주광역시 동구  필문대로106번길 4,87131,아동 및 부녀자 거주 복지시설 운영업,38581,38581,3,4,계속,계속,4088214306,40882143060,87131,아동 및 부녀자 거주 복지시설 운영업
1120443,0,영화장애인주간보호센터,61503,광주 동구  소태길 57-3,87121,신체 부자유자 거주 복지시설 운영업,38504,38504,3,3,계속,계속,4088214456,40882144560,87121,신체 부자유자 거주 복지시설 운영업
1120445,0,(재단법인)지역문화교류호남재단,61475,광주 동구 중앙로196번길 3,94990,그 외 기타 협회 및 단체,38733,38733,2,2,계속,계속,4088214529,40882145290,94990,그 외 기타 협회 및 단체
1120447,0,광주광역시여자중장기청소년쉼터,61502,광주 동구 지원로 34,87139,그 외 기타 거주 복지시설 운영업,38730,38730,6,6,계속,계속,4088214548,40882145480,87139,그 외 기타 거주 복지시설 운영업
1120453,0,재단법인추선장학회,61473,광주 동구 중앙로 209,94990,그 외 기타 협회 및 단체,38838,38838,1,1,계속,계속,4088214683,40882146830,94990,그 외 기타 협회 및 단체
1120456,0,(사단법인)광주전남범죄피해자지원센터,61441,광주 동구 준법로 7-12,75999,그 외 기타 분류 안된 사업지원 서비스업,39203,39203,3,3,계속,계속,4088214761,40882147610,75999,그 외 기타 분류 안된 사업지원 서비스업
1120457,0,（사）4．19민주혁명회광주전라지부,61419,광주 동구 무등로 328,94939,기타 시민운동 단체,40725,40725,2,2,계속,계속,4088214776,40882147760,94939,기타 시민운동 단체
1120461,0,사단법인한국지역문학인협회,61479,광주 동구 천변우로 361-6,94120,전문가 단체,42461,42461,1,1,계속,계속,4088214951,40882149510,94120,전문가 단체
1120466,0,계림4구역주택재개발정비사업조합,61402,광주광역시 동구 무등로375번길 21-1,68121,주거용 건물 개발 및 공급업,39630,39630,1,1,계속,계속,4088215101,40882151010,68121,주거용 건물 개발 및 공급업
1120468,0,대한사회복지회 광주사무소,61502,광주광역시 동구  지원로 26,87299,그 외 기타 비거주 복지 서비스업,42125,42125,0,2,계속,계속,4088215213,40882152130,87299,그 외 기타 비거주 복지 서비스업
1120473,0,(사)광주불교교육원,61482,광주 동구 금남로 234,72923,지질 조사 탐사 및 지도 제작업,39387,39387,1,1,계속,계속,4088215474,40882154740,72923,지질 조사 탐사 및 지도 제작업
1120474,0,광주공예협동조합,61485,광주 동구 서석로 지하 56,46107,그 외 기타 특정 상품 중개업,39387,39387,6,6,계속,계속,4088215533,40882155330,46107,그 외 기타 특정 상품 중개업
1120476,0,우리의류판매사업협동조합,61479,광주 동구  천변우로 363-10,46413,남녀용 겉옷 및 셔츠 도매업,39462,39462,3,3,계속,계속,4088215571,40882155710,46413,남녀용 겉옷 및 셔츠 도매업
1120483,0,（사）아름다운세상대해복지회,61498,광주광역시 동구  남문로622번길 11-20,87111,노인 요양 복지시설 운영업,39722,39722,26,24,계속,계속,4088215800,40882158000,87111,노인 요양 복지시설 운영업
1120487,0,꽃메요양원,61510,광주 동구 화산로238번길 28,87111,노인 요양 복지시설 운영업,39524,39524,44,43,계속,계속,4088216022,40882160220,87111,노인 요양 복지시설 운영업
1120489,0,무등육아원,61461,광주광역시 동구 의재로 95,87131,아동 및 부녀자 거주 복지시설 운영업,39814,39814,35,35,계속,계속,4088216115,40882161150,87131,아동 및 부녀자 거주 복지시설 운영업
1120490,0,（사）전자의거리,61470,광주광역시 동구 구성로 199,75919,기타 사무지원 서비스업,39630,39630,2,2,계속,계속,4088216207,40882162070,75919,기타 사무지원 서비스업
1120500,0,（복）은성복지회용연실버빌,61512,광주 동구 선교로 197,87111,노인 요양 복지시설 운영업,39750,39750,37,18,계속,계속,4088216570,40882165700,87111,노인 요양 복지시설 운영업
1120510,0,사단법인광주광역시동구새마을회,61475,광주 동구 금남로 231,94990,그 외 기타 협회 및 단체,39899,39899,2,2,계속,계속,4088216944,40882169440,94990,그 외 기타 협회 및 단체
1120511,0,(사단법인)인재육성아카데미,61478,광주광역시 동구 천변우로 335,85699,그 외 기타 분류 안된 교육기관,39912,39912,9,9,계속,계속,4088216997,40882169970,85699,그 외 기타 분류 안된 교육기관
1120515,0,광주여성인력개발센터,61470,광주광역시 동구 제봉로 221-11,94990,그 외 기타 협회 및 단체,40179,40179,14,14,계속,계속,4088217282,40882172820,94990,그 외 기타 협회 및 단체
1120516,0,사단법인우리문화예술원,61432,광주 동구 동명로67번길 19,90122,무용 및 음악단체,40057,40057,1,1,계속,계속,4088217318,40882173180,90122,무용 및 음악단체
1120518,0,무등자립생활관,61461,광주 동구 의재로 95,87139,그 외 기타 거주 복지시설 운영업,40179,40179,3,3,계속,계속,4088217453,40882174530,87139,그 외 기타 거주 복지시설 운영업
1120528,0,한국유네스코협회연맹광주전남협회,61473,광주 동구 중앙로 209,94990,그 외 기타 협회 및 단체,40595,40595,1,1,계속,계속,4088217865,40882178650,94990,그 외 기타 협회 및 단체
1120539,0,사단법인시화마을금봉문화진흥회,61422,광주 동구 경양로235번길 14-6,90221,박물관 운영업,42156,42156,2,2,계속,계속,4088218511,40882185110,90221,박물관 운영업
1120540,0,광주전남간호조무사협회,61489,광주광역시 동구 양림로119번길7,94990,그 외 기타 협회 및 단체,40909,40909,3,3,계속,계속,4088218525,40882185250,94990,그 외 기타 협회 및 단체
1120542,0,행복요양원,61462,광주 동구 증심천로 53,87121,신체 부자유자 거주 복지시설 운영업,43466,43466,42,42,계속,계속,4088218715,40882187150,87121,신체 부자유자 거주 복지시설 운영업
1120543,0,행복재활원,61462,광주 동구 증심천로 53,87121,신체 부자유자 거주 복지시설 운영업,35065,43466,28,28,계속,계속,4088218729,40882187290,87121,신체 부자유자 거주 복지시설 운영업
1120549,0,"(복)동산보육회,행복재활원 보호작업장",61462,광주 동구 증심천로 53,33999,그 외 기타 달리 분류되지 않은 제품 제조업,42401,42401,25,25,계속,계속,4088218995,40882189950,33999,그 외 기타 달리 분류되지 않은 제품 제조업
1120550,0,재단법인골관절연구학술재단,61453,광주광역시 동구 필문대로 365,70113,의학 및 약학 연구개발업,45383,45383,1,1,계속,계속,4088219000,40882190000,70113,의학 및 약학 연구개발업
1120551,0,사단법인백범문화재단,61464,광주광역시 동구 천변우로 599,90221,박물관 운영업,42278,42278,3,3,계속,계속,4088219015,40882190150,90221,박물관 운영업
1120556,0,의료법인하모니의료재단,61423,광주광역시 동구 구성로268,86102,일반 병원,40909,40909,55,54,계속,계속,4088219349,40882193490,86102,일반 병원
1120558,0,사)기후행동비건네트워크,61440,광주 동구 필문대로205번길 10-1,94939,기타 시민운동 단체,44608,44608,1,1,계속,계속,4088219368,40882193680,94939,기타 시민운동 단체
1120562,0,사단법인우심,61469,광주광역시 동구  제봉로 42,94990,그 외 기타 협회 및 단체,42370,42370,3,3,계속,계속,4088219636,40882196360,94990,그 외 기타 협회 및 단체
1120564,0,(사) 충장상인회,61480,광주광역시 동구 충장로50-3,94990,그 외 기타 협회 및 단체,42114,42114,2,2,계속,계속,4088219790,40882197900,94990,그 외 기타 협회 및 단체
1120569,0,사단법인한빛,61476,광주 동구 충장로 7,87299,그 외 기타 비거주 복지 서비스업,41401,41401,1,1,계속,계속,4088220069,40882200690,87299,그 외 기타 비거주 복지 서비스업
1120572,0,사단법인한국건강복지진흥회,61475,광주 동구 예술길  24,94990,그 외 기타 협회 및 단체,41277,41277,3,1,계속,계속,4088220341,40882203410,94990,그 외 기타 협회 및 단체
1120578,0,국립공원공단 무등산국립공원사무소,61494,광주광역시 동구 동산길7번길 5,90232,자연공원 운영업,41337,41337,76,76,계속,계속,4088220598,40882205980,90232,자연공원 운영업
1120584,0,사단법인 윤상원기념사업회,61474,광주광역시 동구 예술길15번길 10-1,94990,그 외 기타 협회 및 단체,42705,42705,1,1,계속,계속,4088220846,40882208460,94990,그 외 기타 협회 및 단체
1120586,0,의료법인 세종의료재단,61488,광주 동구 천변우로 453,86102,일반 병원,41593,41593,229,230,계속,계속,4088221049,40882210490,86102,일반 병원
1120588,0,재단법인광주광역시동구문화관광재단,61482,광주광역시 동구 금남로 220,94990,그 외 기타 협회 및 단체,42780,42780,24,24,계속,계속,4088221113,40882211130,94990,그 외 기타 협회 및 단체
1120590,0,사단법인장애가족햇살장학회,61490,광주 동구 양림로 110,94990,그 외 기타 협회 및 단체,44621,44621,1,1,계속,계속,4088221151,40882211510,94990,그 외 기타 협회 및 단체
1120594,0,계림2구역주택재개발정비사업조합,61404,광주 동구 필문대로60번길 8-1,68121,주거용 건물 개발 및 공급업,41677,41677,2,2,계속,계속,4088221317,40882213170,68121,주거용 건물 개발 및 공급업
1120595,0,4．19혁명공로자회광주호서지부,61475,광주 동구 중앙로196번길 3,94990,그 외 기타 협회 및 단체,44378,44378,1,1,계속,계속,4088221336,40882213360,94990,그 외 기타 협회 및 단체
1120597,0,(사)광주민주화운동기념사업회,61429,광주광역시 동구  동계천로 87,94990,그 외 기타 협회 및 단체,42193,42193,2,2,계속,계속,4088221433,40882214330,94990,그 외 기타 협회 및 단체
1120602,0,사단법인 광주범죄피해자지원센터 희망카페,61441,광주광역시 동구 준법로7-12,56229,기타 비알코올 음료점업,41821,41821,2,2,계속,계속,4088221578,40882215780,56229,기타 비알코올 음료점업
1120603,0,사회적협동조합 아시아도시재생연구원,61435,광주광역시 동구 동명동 (동명동),94990,그 외 기타 협회 및 단체,41456,41456,1,1,계속,계속,4088221597,40882215970,94990,그 외 기타 협회 및 단체
1120606,0,사단법인한국척수장애인협회광주전남인쇄사업소,61473,광주광역시 동구 구성로194번길11,18122,제책업,41825,41825,0,9,계속,계속,4088221689,40882216890,18122,제책업
1120607,0,사회복지법인선교복지재단(해피맘요양원),61512,광주광역시 동구  남문로 136-7,87111,노인 요양 복지시설 운영업,41610,41610,28,28,계속,계속,4088221729,40882217290,87111,노인 요양 복지시설 운영업
1120610,0,의료법인초록나눔의료재단양명요양병원,61489,광주광역시 동구 제봉로35-6,86105,요양 병원,41885,41885,51,51,계속,계속,4088221767,40882217670,86105,요양 병원
1120650,0,광주광역시동구문화원,61475,광주광역시 동구  예술길 18-1,94990,그 외 기타 협회 및 단체,40179,40179,1,1,계속,계속,4088260251,40882602510,94990,그 외 기타 협회 및 단체
1120652,0,중앙미용직업전문학교,61482,광주 동구 금남로 232-4,85669,기타 기술 및 직업훈련학원,36220,36161,3,3,계속,계속,4088260339,40882603390,85669,기타 기술 및 직업훈련학원
1120653,0,광주경제정의실천시민연합,61429,광주광역시 동구  중앙로 254,94120,전문가 단체,36708,36069,3,3,계속,계속,4088260343,40882603430,94120,전문가 단체
1120654,0,참여자치21,61432,광주광역시 동구  동명로67번길 19,94939,기타 시민운동 단체,42430,42430,1,1,계속,계속,4088260402,40882604020,94939,기타 시민운동 단체
1120657,0,광주고등학교총동문회,61421,광주 동구 중흥로 202,94990,그 외 기타 협회 및 단체,45292,45292,1,1,계속,계속,4088260469,40882604690,94990,그 외 기타 협회 및 단체
1120660,0,인광희망의 샘,61476,광주 동구 금남로 170-24,87121,신체 부자유자 거주 복지시설 운영업,36708,36587,2,2,계속,계속,4088260644,40882606440,87121,신체 부자유자 거주 복지시설 운영업
1120663,0,(사단법인)생명나눔실천광주전남본부,61465,광주 동구 제봉로 120,87299,그 외 기타 비거주 복지 서비스업,37073,37073,1,1,계속,계속,4088260756,40882607560,87299,그 외 기타 비거주 복지 서비스업
1120671,0,한국아파트 자치관리위원회,61504,광주 동구 화산로 352,68211,주거용 부동산 관리업,36708,36281,3,3,계속,계속,4088261022,40882610220,68211,주거용 부동산 관리업
1120672,0,학동아남아파트관리사무소,61459,광주 동구 의재로 23-8,68211,주거용 부동산 관리업,34334,35855,3,3,계속,계속,4088261041,40882610410,68211,주거용 부동산 관리업
1120673,0,학동백화아파트입주자대표회의,61464,광주 동구 천변우로 603,68211,주거용 부동산 관리업,33939,36069,2,2,계속,계속,4088261056,40882610560,68211,주거용 부동산 관리업
1120675,0,학동평화맨션입주자대표회의,61463,광주 동구 학소로 125,68211,주거용 부동산 관리업,34961,35796,2,2,계속,계속,4088261094,40882610940,68211,주거용 부동산 관리업
1120686,0,법무부범죄예방위원광주지역협의회,61441,광주광역시 동구  준법로 7-12,94990,그 외 기타 협회 및 단체,42065,42065,2,2,계속,계속,4088261473,40882614730,94990,그 외 기타 협회 및 단체
1120688,0,광주동구중독관리통합지원센터,61472,광주광역시 동구 구성로 190,96999,그 외 기타 달리 분류되지 않은 개인 서비스업,37592,37592,7,7,계속,계속,4088261643,40882616430,96999,그 외 기타 달리 분류되지 않은 개인 서비스업
1120689,0,동구노인종합복지관,61434,광주 동구 동명로20번길 10,87299,그 외 기타 비거주 복지 서비스업,36708,36069,61,61,계속,계속,4088261702,40882617020,87299,그 외 기타 비거주 복지 서비스업
1120694,0,대한불교조계종약사암,61493,광주광역시 동구 증심사길160번길 89,94911,불교 단체,44530,44530,1,1,계속,계속,4088262109,40882621090,94911,불교 단체
1120699,0,대한불교조계종만경사,61446,광주광역시 동구  무등로557번길 27,94911,불교 단체,41913,41913,1,1,계속,계속,4088262282,40882622820,94911,불교 단체
1120702,0,광주지산교회,61445,광주광역시 동구 동명로110번길14,94912,기독교 단체,41163,41163,1,1,계속,계속,4088262832,40882628320,94912,기독교 단체
1120703,0,예수장로회광주산수교회,61411,광주 동구 필문대로 173,94912,기독교 단체,38078,38078,2,2,계속,계속,4088263170,40882631700,94912,기독교 단체
1120707,0,광주지원교회,61502,광주 동구 남문로 572,94912,기독교 단체,43466,43466,1,1,계속,계속,4088263675,40882636750,94912,기독교 단체
1120710,0,광주해바라기센터,61453,광주 동구 필문대로 365,87299,그 외 기타 비거주 복지 서비스업,38930,38930,10,10,계속,계속,4088264145,40882641450,87299,그 외 기타 비거주 복지 서비스업
1120711,0,광주동구가족센터,61458,광주광역시 동구 남문로693번길 14,87299,그 외 기타 비거주 복지 서비스업,38930,38930,25,25,계속,계속,4088264242,40882642420,87299,그 외 기타 비거주 복지 서비스업
1120713,0,광주동성교회,61405,광주 동구 무등로 413,94912,기독교 단체,37257,36069,2,2,계속,계속,4088264427,40882644270,94912,기독교 단체
1120715,0,대한소화기내시경학회광주．전남지회,61469,광주 동구 제봉로 42,94120,전문가 단체,43497,43497,1,1,계속,계속,4088264596,40882645960,94120,전문가 단체
1120716,0,가락전라남도종친회,61474,광주 동구 중앙로 216,94990,그 외 기타 협회 및 단체,42278,42278,1,1,계속,계속,4088264918,40882649180,94990,그 외 기타 협회 및 단체
1120721,0,전남대학교병원 의생명연구원,61469,광주광역시 동구 백서로 160,70113,의학 및 약학 연구개발업,42461,42461,138,130,계속,계속,4088265431,40882654310,70113,의학 및 약학 연구개발업
1120722,0,아가페실버센터,61434,광주 동구 동명로20번길 7,87299,그 외 기타 비거주 복지 서비스업,39234,39234,36,35,계속,계속,4088265519,40882655190,87299,그 외 기타 비거주 복지 서비스업
1120729,0,학동대주피오레힐즈 입주자대표회의,61460,광주 동구 의재로51번길 22-2,68211,주거용 부동산 관리업,40148,40148,5,5,계속,계속,4088266065,40882660650,68211,주거용 부동산 관리업
1120731,0,브릿지의료인회,61468,광주광역시 동구 백서로170,94990,그 외 기타 협회 및 단체,41366,41366,1,0,계속,계속,4088266158,40882661580,94990,그 외 기타 협회 및 단체
1120732,0,전국보건의료산업노동조합 전남대학교병원지부,61469,광주광역시 동구 제봉로 42,94200,노동조합,45717,45717,1,1,계속,계속,4088266196,40882661960,94200,노동조합
1120733,0,무등현대미술관,61493,광주 동구 증심사길 9,90221,박물관 운영업,39569,39569,3,3,계속,계속,4088266314,40882663140,90221,박물관 운영업
1120734,0,지하도상가관리사무소,61472,광주 동구 중앙로 지하 187,68211,주거용 부동산 관리업,36831,36831,10,10,계속,계속,4088267031,40882670310,68211,주거용 부동산 관리업
1120737,0,막달레나의집,61417,광주 동구 산수길39번길 26-1,87299,그 외 기타 비거주 복지 서비스업,39173,39173,1,1,계속,계속,4088267496,40882674960,87299,그 외 기타 비거주 복지 서비스업
1120738,0,광주아동발달·심리지원센터,61433,광주 동구 경양로 370-2,87291,직업재활원 운영업,39870,39870,1,1,계속,계속,4088267652,40882676520,87291,직업재활원 운영업
1120739,0,세계기독교통일신령협회광주교회,61413,광주광역시 동구 중앙로 282,94919,기타 종교 단체,45171,45171,2,2,계속,계속,4088267671,40882676710,94919,기타 종교 단체
1120743,0,탐진최씨민상공파종중,61487,광주 동구 문화전당로 19-1,94939,기타 시민운동 단체,36708,36069,1,1,계속,계속,4088268063,40882680630,94939,기타 시민운동 단체
1120752,0,갤러리존관리단협의회,61483,광주 동구 충장로 90,74100,사업시설 유지관리 서비스업,42826,42826,3,3,계속,계속,4088268364,40882683640,74100,사업시설 유지관리 서비스업
1120759,0,무등맨션,61482,광주광역시 동구 충장로93-5,68211,주거용 부동산 관리업,42118,42118,2,1,계속,계속,4088269437,40882694370,68211,주거용 부동산 관리업
1120764,0,광주문화도시협의회,61475,광주 동구 중앙로196번길 3,94990,그 외 기타 협회 및 단체,43549,43549,1,1,계속,계속,4088270180,40882701800,94990,그 외 기타 협회 및 단체
1120769,0,대한예수교장로회광주서석교회,61436,광주광역시 동구  백서로 232,94912,기독교 단체,41275,41275,4,4,계속,계속,4088270540,40882705400,94912,기독교 단체
1120770,0,광주광역시장애인펜싱협회,61413,광주 동구 중앙로272번길 4,94990,그 외 기타 협회 및 단체,44351,44351,1,1,계속,계속,4088270759,40882707590,94990,그 외 기타 협회 및 단체
1120771,0,대한제과협회광주지회,61484,광주 동구 서석로 23-17,94939,기타 시민운동 단체,36708,36069,3,3,계속,계속,4088270841,40882708410,94939,기타 시민운동 단체
1120774,0,행복재활원공동생활가정,61459,광주 동구 의재로 23-8,87121,신체 부자유자 거주 복지시설 운영업,43466,43466,1,1,계속,계속,4088271011,40882710110,87121,신체 부자유자 거주 복지시설 운영업
1120775,0,남광주시장상인회,61490,광주광역시 동구  제봉로17번길 18-6,52915,주차장 운영업,40664,40664,3,3,계속,계속,4088271307,40882713070,52915,주차장 운영업
1120778,0,은암미술관,61474,광주 동구 서석로85번길 8-12,90221,박물관 운영업,41049,41049,4,4,계속,계속,4088271516,40882715160,90221,박물관 운영업
1120783,0,사랑나라요양보호센터,61400,광주 동구 독립로368번길 19,87293,방문 복지서비스 제공업,43831,43831,1,1,계속,계속,4088271909,40882719090,87293,방문 복지서비스 제공업
1120785,0,희망나눔치과공동체,61487,광주광역시 동구  문화전당로 29-1,86202,치과 의원,41031,41031,1,1,계속,계속,4088271966,40882719660,86202,치과 의원
1120786,0,효드림노인복지센터,61489,광주광역시 동구 양림로119번길7,87139,그 외 기타 거주 복지시설 운영업,40917,40917,18,17,계속,계속,4088272024,40882720240,87139,그 외 기타 거주 복지시설 운영업
1120787,0,정나눔재가노인복지센터,61498,광주광역시 동구 남문로622번길 7-11,87299,그 외 기타 비거주 복지 서비스업,40256,40256,92,67,계속,계속,4088272058,40882720580,87299,그 외 기타 비거주 복지 서비스업
1120788,0,광주동구시니어클럽,61489,광주광역시 동구 양림로 105-6,87299,그 외 기타 비거주 복지 서비스업,40969,40969,930,18,계속,계속,4088272403,40882724030,87299,그 외 기타 비거주 복지 서비스업
1120792,0,전국보건의료산업노동조합 조선대병원지부,61453,광주광역시 동구  필문대로 365,94200,노동조합,45231,45231,1,1,계속,계속,4088273061,40882730610,94200,노동조합
1120793,0,동구지역사회보장협의체,61468,광주 동구 서남로 14,75919,기타 사무지원 서비스업,41052,41052,2,2,계속,계속,4088273192,40882731920,75919,기타 사무지원 서비스업
1120803,0,학동무등파크맨션관리사무소,61460,광주 동구 의재로43번길 3,68211,주거용 부동산 관리업,33420,35855,4,4,계속,계속,4088274643,40882746430,68211,주거용 부동산 관리업
1120807,0,문화컨텐츠연구협회,61473,광주 동구 구성로204번길 8,85640,사회교육시설,42523,42523,0,0,계속,계속,4088275619,40882756190,85640,사회교육시설
1120808,0,나눔요양원,61422,광주광역시 동구 중흥로 230,87111,노인 요양 복지시설 운영업,39661,39661,23,23,계속,계속,4088275638,40882756380,87111,노인 요양 복지시설 운영업
1120810,0,대인시장상인회,61427,광주광역시 동구  제봉로194번길 7-1,94990,그 외 기타 협회 및 단체,41438,41438,2,2,계속,계속,4088275827,40882758270,94990,그 외 기타 협회 및 단체
1120811,0,광주전남인드라망생명공동체,61410,광주광역시 동구 밤실로136번길8-21,94990,그 외 기타 협회 및 단체,41640,41640,1,1,계속,계속,4088275832,40882758320,94990,그 외 기타 협회 및 단체
1120813,0,광주스마일센터,61477,광주광역시 동구  구성로 163,87299,그 외 기타 비거주 복지 서비스업,41558,41558,9,9,계속,계속,4088276073,40882760730,87299,그 외 기타 비거주 복지 서비스업
1120814,0,사회복지법인해냄어린이집,61403,광주광역시 동구 무등로359번길7,87210,보육시설 운영업,41974,41974,26,26,계속,계속,4088276092,40882760920,87210,보육시설 운영업
1120816,0,광주동구시니어클럽(클린환경사업),61489,광주광역시 동구  양림로 105-6,74212,"산업설비, 운송장비 및 공공장소 청소업",41699,41699,31,31,계속,계속,4088276199,40882761990,74212,"산업설비, 운송장비 및 공공장소 청소업"
1120818,0,광주광역시동구장애인복지관,61467,광주광역시 동구 백서로198번길7,87299,그 외 기타 비거주 복지 서비스업,41655,41655,35,222,계속,계속,4088276618,40882766180,87299,그 외 기타 비거주 복지 서비스업
1120824,0,대한예수교장로회남광교회,61456,광주광역시 동구 학동안길31,94912,기독교 단체,42031,42031,3,3,계속,계속,4088277349,40882773490,94912,기독교 단체
1120828,0,주민협의회문화공동체푸른길,61432,광주 동구 동명로67번길 16-15,94990,그 외 기타 협회 및 단체,42732,42732,1,0,계속,계속,4088277510,40882775100,94990,그 외 기타 협회 및 단체
1120844,0,광주영락교회,61500,광주 동구 남문로 610,94912,기독교 단체,44378,44378,2,2,계속,계속,4088279240,40882792400,94912,기독교 단체
1120955,0,동부소방서(대표관리번호),61426,광주 동구 제봉로 210,56130,기관 구내식당업,38188,38188,11,11,일괄계속,계속,4088300022,40883000220,56130,기관 구내식당업
1120956,0,광주우체국(대표관리번호),61470,광주 동구 제봉로 211,61100,공영 우편업,36501,36526,8,8,일괄계속,계속,4088300075,40883000750,61100,공영 우편업
1120957,0,광주동부경찰서(대표관리번호),61474,광주 동구 예술길 33,84409,기타 사법 및 공공질서 행정,36892,36526,20,20,일괄계속,계속,4088300148,40883001480,84409,기타 사법 및 공공질서 행정
1120958,0,광주고등법원(대표관리번호),61441,광주 동구 준법로 7-12,84119,기타 일반 공공 행정,39176,39176,43,46,일괄계속,계속,4088300212,40883002120,84119,기타 일반 공공 행정
1120959,0,광주지방법원(대표관리번호),61441,광주 동구 준법로 7-12,84401,법원,39264,39264,15,25,일괄계속,계속,4088300226,40883002260,84401,법원
1120960,0,광주지방검찰청(대표관리번호),61441,광주 동구 준법로 7-12,84409,기타 사법 및 공공질서 행정,36892,36526,0,0,일괄계속,계속,4088300245,40883002450,84409,기타 사법 및 공공질서 행정
1120961,0,광주광역시 동구보건소,61466,광주 동구 서남로 1,86300,공중 보건 의료업,39173,39173,10,10,일괄계속,계속,4088300380,40883003800,86300,공중 보건 의료업
1120975,0,전남여자고등학교(대표관리번호),61431,광주 동구 제봉로158번길 8,85212,일반 고등학교,36892,36526,31,31,일괄계속,계속,4088301282,40883012820,85212,일반 고등학교
1120977,0,광주중앙초등학교,61474,광주 동구 제봉로 167,85120,초등학교,35748,36526,13,12,계속,계속,4088301303,40883013030,85120,초등학교
1120978,0,광주동산초등학교,61444,광주 동구 준법로 16,85120,초등학교,35606,36526,25,25,계속,계속,4088301318,40883013180,85120,초등학교
1120980,0,광주산수초등학교(대표관리번호),61418,광주 동구 산수길 28,85120,초등학교,36892,36526,21,19,일괄계속,계속,4088301337,40883013370,85120,초등학교
1120981,0,광주충장중학교(대표관리번호),61418,광주 동구 경양로379번길 19,85211,중학교,36892,36526,25,20,일괄계속,계속,4088301341,40883013410,85211,중학교
1120982,0,광주장원초등학교(급식실),61410,광주 동구 무등로 533,85120,초등학교,35601,36526,15,15,계속,계속,4088301356,40883013560,85120,초등학교
1120983,0,광주서석초등학교,61466,광주 동구 제봉로82번길 26,85120,초등학교,35605,36526,23,20,계속,계속,4088301360,40883013600,85120,초등학교
1120984,0,광주고등학교(대표관리번호),61412,광주 동구 중앙로 302,85212,일반 고등학교,36892,36526,28,28,일괄계속,계속,4088301434,40883014340,85212,일반 고등학교
1120985,0,전남대학교의과대학(대표관리번호),61469,광주광역시 동구 백서로160,85302,대학교,42005,42005,4,3,일괄계속,계속,4088301448,40883014480,85302,대학교
1120986,0,광주학운초등학교,61492,광주 동구 의재로 181,85120,초등학교,35577,36526,28,28,계속,계속,4088301467,40883014670,85120,초등학교
1120987,0,무등중학교(대표관리번호),61500,광주광역시 동구  지원로5번길 12,85211,중학교,36892,36526,34,29,일괄계속,계속,4088301472,40883014720,85211,중학교
1120988,0,광주남초등학교(대표관리번호),61500,광주 동구 지원로5번길 20,85120,초등학교,36225,36526,26,26,일괄계속,계속,4088301486,40883014860,85120,초등학교
1121018,0,광주계림초등학교,61412,광주 동구 중앙로 320,85120,초등학교,35530,36526,33,30,계속,계속,4088302433,40883024330,85120,초등학교
1121031,0,운림중학교(대표관리번호),61492,광주 동구 의재로 137,85211,중학교,36892,36526,19,17,일괄계속,계속,4088302995,40883029950,85211,중학교
1121034,0,광주용산초등학교(대표관리번호),61509,광주 동구 화산로 334,85120,초등학교,36892,36526,17,17,일괄계속,계속,4088303373,40883033730,85120,초등학교
1121037,0,광주광역시교육청중앙도서관,61436,광주 동구 장동로 23-16,90211,도서관 및 기록보존소 운영업,36892,36526,22,21,일괄계속,계속,4088303859,40883038590,90211,도서관 및 기록보존소 운영업
1121040,0,광주광역시동구의회,61466,광주 동구 서남로 1,84113,지방행정 집행기관,44013,44013,2,2,계속,계속,4088304649,40883046490,84113,지방행정 집행기관
1121041,0,율곡초등학교,61409,광주 동구 밤실로 142,85120,초등학교,35745,36526,22,21,계속,계속,4088304668,40883046680,85120,초등학교
1121048,0,전남대학교 의과학연구소(대표관리번호),61469,광주 동구 백서로 160,73909,"그 외 기타 분류 안된 전문, 과학 및 기술 서비스업",40360,40360,1,1,일괄계속,계속,4088304862,40883048620,73909,"그 외 기타 분류 안된 전문, 과학 및 기술 서비스업"
1121052,0,전남대학교 간호대학(대표관리번호),61469,광주 동구 백서로 160,85302,대학교,40360,40360,1,1,일괄계속,계속,4088305070,40883050700,85302,대학교
1121053,0,국가인권위원회광주인권사무소(대표관리번호),61476,광주 동구 금남로 154-1,94939,기타 시민운동 단체,38626,38626,1,1,일괄계속,계속,4088305084,40883050840,94939,기타 시민운동 단체
1121067,0,백제약품(주)광주지점,61427,광주 동구 제봉로 200,46441,의약품 도매업,33420,34881,153,77,계속,계속,4088500180,40885001800,46441,의약품 도매업
1121069,1,(주)케이티광주지사,61431,광주 동구 제봉로 166,,,29952,,29,0,계속(일괄전환),,1028142945,40885099200,61210,유선 통신업
1121070,2,(주)케이티광주지사,61431,광주 동구 제봉로 166,61210,유선 통신업,,34881,0,0,,계속,1028142945,40885099200,61210,유선 통신업
1121073,0,(주)감정평가법인 대일감정원 광주전남지사,61504,광주광역시 동구 남문로 523,68223,부동산 감정평가업,36665,36665,19,19,계속,계속,4088512653,40885126530,68223,부동산 감정평가업
1121082,0,(주)세화당광주지점,61423,광주 동구 구성로 256-1,46441,의약품 도매업,38338,38338,8,8,계속,계속,4088518375,40885183750,46441,의약품 도매업
1121083,0,（주）제일감정평가법인광주전남지사,61459,광주 동구 의재로 23-1,68223,부동산 감정평가업,38596,38596,18,18,계속,계속,4088519165,40885191650,68223,부동산 감정평가업
1121084,1,두메푸드시스템(주)대성학원점,61465,광주 동구 제봉로 92,,,38749,,7,0,계속(일괄전환),,4088519656,40885196560,,
1121085,0,(주)종이와사람들 광주지점,61498,광주 동구 남문로 628,17109,기타 종이 및 판지 제조업,39356,39356,17,17,계속,계속,4088520134,40885201340,17109,기타 종이 및 판지 제조업
1121087,0,법무법인(유한)바른길(지점),61440,광주 동구 동명로 101-1,71101,변호사업,39083,41275,13,13,계속,계속,4088520662,40885206620,71101,변호사업
1121088,0,삼덕회계법인 광주분사무소,61482,광주광역시 동구  금남로 234,71201,공인회계사업,39173,39173,20,19,계속,계속,1028115564,40885210170,71201,공인회계사업
1121089,1,홈플러스(주) 광주계림점,61419,광주 동구 무등로 314,,,39356,,86,0,계속,,2208160348,40885216800,,
1121091,0,(법무법인)승지 광주사무소,61448,광주광역시 동구  지호로 26,71101,변호사업,39576,39576,12,12,계속,계속,4088522582,40885225820,71101,변호사업
1121094,0,법무법인새쳔년광주분사무소,61441,광주 동구 준법로 31-2,71101,변호사업,39630,39630,3,3,계속,계속,4088522767,40885227670,71101,변호사업
1121095,0,（유）무등스포츠（롯데점）,61470,광주 동구 독립로 268,47631,운동 및 경기용품 소매업,40179,40179,1,1,계속,계속,4088522807,40885228070,47631,운동 및 경기용품 소매업
1121100,0,(주)한국영재에듀（초등지점）,61434,광주 동구 동계천로 159-4,85632,기타 교습학원,40148,40148,1,1,계속,계속,4088524372,40885243720,85632,기타 교습학원
1121105,0,국제커피&기술학원,61468,광주 동구 백서로175번길 12-4,85669,기타 기술 및 직업훈련학원,40389,40389,0,0,계속,계속,4088525589,40885255890,85669,기타 기술 및 직업훈련학원
1121109,0,세무법인청명광주지점,61479,광주 동구 중앙로 145,71202,세무사업,40787,40787,9,9,계속,계속,4088526763,40885267630,71202,세무사업
1121110,0,（주）지산한길지점,61434,광주 동구 동계천로 137,85631,외국어학원,40817,40817,5,5,계속,계속,4088526856,40885268560,85631,외국어학원
1121117,0,（주）청해산업지점,61483,광주 동구 중앙로160번길 31-11,68212,비주거용 부동산 관리업,43831,43831,1,1,계속,계속,4088528024,40885280240,68212,비주거용 부동산 관리업
1121120,0,(주)가온감정평가법인 광주전남지사,61504,광주광역시 동구  남문로 555,68223,부동산 감정평가업,41124,41124,18,18,계속,계속,4088528169,40885281690,68223,부동산 감정평가업
1121126,0,(주)혜민서광주지점,61488,광주 동구 천변우로 453,74100,사업시설 유지관리 서비스업,42736,42736,1,1,계속,계속,4088530082,40885300820,74100,사업시설 유지관리 서비스업
1121127,0,세무법인서정광주,61479,광주광역시 동구 중앙로157,71202,세무사업,41729,41729,7,7,계속,계속,4088530200,40885302000,71202,세무사업
1121128,0,법무법인(유한)민-광주지점,61445,광주광역시 동구  지산로63번길 2,71101,변호사업,41730,41730,13,13,계속,계속,4088530326,40885303260,71101,변호사업
1121129,0,신락원주식회사충장지점,61481,광주 동구 충장로 45-9,56121,중식 음식점업,41810,41810,10,7,계속,계속,4088530520,40885305200,56121,중식 음식점업
1121131,0,오케이114주식회사,61431,광주 동구 제봉로 166,75991,콜센터 및 텔레마케팅 서비스업,41821,41821,5,5,계속,계속,4088530743,40885307430,75991,콜센터 및 텔레마케팅 서비스업
1121133,0,주식회사베비에르（대인점）,61470,광주광역시 동구 독립로268,56150,제과점업,41864,41864,15,14,계속,계속,4088531062,40885310620,56150,제과점업
1121134,0,주식회사지알엔비샤브향（충장점）,61487,광주광역시 동구 서석로40,56111,한식 일반 음식점업,41888,41888,16,16,계속,계속,4088531174,40885311740,56111,한식 일반 음식점업
1121135,0,（주）지산한길수학과학학원,61448,광주광역시 동구  지호로 14,85501,일반 교과 학원,41913,41913,2,2,계속,계속,4088531233,40885312330,85501,일반 교과 학원
1121137,0,（주）지산한길영재학원,61448,광주광역시 동구  지호로 14,85501,일반 교과 학원,41913,41913,2,2,계속,계속,4088531252,40885312520,85501,일반 교과 학원
1121140,0,더 온반,61470,광주 동구 독립로 268,56111,한식 일반 음식점업,41944,41944,12,12,계속,계속,4088531403,40885314030,56111,한식 일반 음식점업
1121143,0,세무법인우일（광주지점）,61480,광주 동구 중앙로 171,71202,세무사업,42005,42005,6,6,계속,계속,4088531801,40885318010,71202,세무사업
1121144,0,(주)천하스포츠충장로점(AZABU CAFE),61483,광주 동구 충장로 94,56221,커피 전문점,42095,42095,2,2,계속,계속,4088531873,40885318730,56221,커피 전문점
1121146,0,（주）에이치에이시스템조선이공대지점,61453,광주 동구 조선이공대길 11,47129,기타 음ㆍ식료품 위주 종합 소매업,42486,42486,0,0,계속,계속,4088532004,40885320040,47129,기타 음ㆍ식료품 위주 종합 소매업
1121158,0,정(情)육점,61502,광주광역시 동구 학소로42번길 12,47212,육류 소매업,44653,44653,1,1,계속,계속,4088533717,40885337170,47212,육류 소매업
1121183,0,(유)에테르나 금궁점,61488,광주광역시 동구 서석로 20-1,33110,귀금속 및 관련제품 제조업,45871,45871,4,4,계속,계속,4088534827,40885348270,33110,귀금속 및 관련제품 제조업
1121184,0,주식회사케이투무등산점,61493,광주광역시 동구  증심사길30번길 6,47631,운동 및 경기용품 소매업,41334,41334,4,4,계속,계속,4088600019,40886000190,47631,운동 및 경기용품 소매업
1121221,0,(주)디엔케이피자헛금남로점,61476,광주광역시 동구  금남로 172-1,56161,"피자, 햄버거, 샌드위치 및 유사 음식점업",41365,41365,2,2,계속,계속,4088600789,40886007890,56161,"피자, 햄버거, 샌드위치 및 유사 음식점업"
1121225,0,유한회사광주대성학원,61465,광주광역시 동구  제봉로 92,85501,일반 교과 학원,41365,41365,11,11,계속,계속,4088600886,40886008860,85501,일반 교과 학원
1121285,0,(주) 샴마,61428,광주 동구 구성로238번길  24-7,42322,내부 통신배선 공사업,45586,45586,1,1,일괄유기,일괄유기,4088602375,40886023756,42322,내부 통신배선 공사업
1121286,0,법무법인산,61441,광주광역시 동구  지산로 74-8,71101,변호사업,41426,41426,7,7,계속,계속,4088602415,40886024150,71101,변호사업
1121293,0,주식회사금당산업,61411,광주광역시 동구 무등로499-1,74211,건축물 일반 청소업,41946,41946,1,1,계속,계속,4088602657,40886026570,74211,건축물 일반 청소업
1121307,0,（주）원양옥션,61408,광주 동구 밤실로 147,68221,부동산 중개 및 대리업,43101,43101,0,0,계속,계속,4088602981,40886029810,68221,부동산 중개 및 대리업
1121316,0,탑컬렉션,61483,광주 동구 중앙로160번길 21,47429,"섬유 원단, 실 및 기타 섬유제품 소매업",41456,41456,1,1,계속,계속,4088603073,40886030730,47429,"섬유 원단, 실 및 기타 섬유제품 소매업"
1121329,0,주식회사 팜투어,61488,광주 동구 서석로 14,75210,여행사업,41594,41594,5,5,계속,계속,4088603563,40886035630,75210,여행사업
1121330,0,광주웨딩연합회 협동조합,61484,광주 동구 서석로 3,96994,결혼 상담 및 준비 서비스업,43886,43886,1,1,계속,계속,4088603578,40886035780,96994,결혼 상담 및 준비 서비스업
1121333,0,（주）리가온건축사사무소,61432,광주광역시 동구  동명로 57,72111,건축설계 및 관련 서비스업,41488,41488,33,32,계속,계속,4088603812,40886038120,72111,건축설계 및 관련 서비스업
1121350,0,뷰티산업협회협동조합,61474,광주광역시 동구 서석로89,94110,산업 단체,41791,41791,5,5,계속,계속,4088604354,40886043540,94110,산업 단체
1121357,0,(주)퍼니허니문,61488,광주광역시 동구  서석로 8,75210,여행사업,41528,41528,0,0,계속,계속,4088604539,40886045390,75210,여행사업
1121385,0,(주)시엔터치,61449,광주 동구 필문대로273번길 18,58221,시스템 소프트웨어 개발 및 공급업,44564,44564,1,1,계속,계속,4088605315,40886053150,58221,시스템 소프트웨어 개발 및 공급업
1121391,0,주식회사미라투어,61499,광주 동구 남문로599번길 4,75210,여행사업,41673,41673,1,1,계속,계속,4088605431,40886054310,75210,여행사업
1121400,0,주식회사 자양,61500,광주광역시 동구  학소로 81,37021,사람 분뇨 처리업,42789,42789,6,6,계속,계속,4088605654,40886056540,37021,사람 분뇨 처리업
1121406,0,법무법인 (유한) 맥,61445,광주광역시 동구 동명로 106,71101,변호사업,41640,41640,20,20,계속,계속,4088605862,40886058620,71101,변호사업
1121443,0,잉글리쉬트리 주식회사,61482,광주 동구 금남로 248,85503,온라인 교육 학원,42095,42095,1,1,계속,계속,4088606779,40886067790,85503,온라인 교육 학원
1121455,0,광주간병인협동조합,61401,광주광역시 동구 무등로 329,94990,그 외 기타 협회 및 단체,41579,41579,1,1,계속,계속,4088607119,40886071190,94990,그 외 기타 협회 및 단체
1121456,1,광주간병인협동조합(일괄),61419,광주 동구 중흥로209번길 18-8,,,41733,,0,0,일괄계속,,4088607119,40886071196,,
1121464,0,주식회사이우스홀딩스,61440,광주 동구 동명로 99,68129,기타 부동산 개발 및 공급업,41913,41913,1,1,계속,계속,4088607351,40886073510,68129,기타 부동산 개발 및 공급업
1121475,0,(주)마이크로디지탈코리아,61400,광주 동구 무등로 297,46531,농림업용 기계 및 장비 도매업,41760,41760,1,1,계속,계속,4088607555,40886075550,46531,농림업용 기계 및 장비 도매업
1121479,0,유한회사 모닝투어,61473,광주 동구 구성로204번길 26,75210,여행사업,44725,44725,1,1,계속,계속,4088607647,40886076470,75210,여행사업
1121480,0,（주）제일의료기,61487,광주광역시 동구 문화전당로31,46593,정밀기기 및 과학기기 도매업,41760,41760,2,2,계속,계속,4088607711,40886077110,46593,정밀기기 및 과학기기 도매업
1121485,0,법무법인시율,61440,광주광역시 동구 지산로 89,71101,변호사업,41730,41730,12,12,계속,계속,4088607822,40886078220,71101,변호사업
1121492,0,한국토지부동산주식회사,61445,광주광역시 동구  지산로 51,68221,부동산 중개 및 대리업,42662,42662,1,1,계속,계속,4088608025,40886080250,68221,부동산 중개 및 대리업
1121501,0,유한회사충장,61450,광주광역시 동구  지호로 50,49401,택배업,42156,42156,1,1,계속,계속,4088608156,40886081560,49401,택배업
1121509,0,주식회사 복음문화사,61487,광주 동구 백서로125번길 10,18111,경 인쇄업,41730,41730,1,1,계속,계속,4088608312,40886083120,18111,경 인쇄업
1121540,0,협동조합산수다락,61432,광주 동구 동명로67번길 22-47,47813,"화장품, 비누 및 방향제 소매업",42948,42948,0,0,계속,계속,4088609010,40886090100,47813,"화장품, 비누 및 방향제 소매업"
1121543,0,주식회사와이마트월남,61511,광주 동구 남문로 349,47121,슈퍼마켓,42401,42401,12,12,계속,계속,4088609062,40886090620,47121,슈퍼마켓
1121546,0,(주)교육극단파랑새,61405,광주광역시 동구 필문대로112,90121,연극단체,41792,41792,3,3,계속,계속,4088609136,40886091360,90121,연극단체
1121550,0,주식회사　유림솔라에너지,61504,광주 동구 남문로565번길 1-1,35114,태양력 발전업,45139,45139,2,2,계속,계속,4088609193,40886091930,35114,태양력 발전업
1121567,0,(주)동우플랜트,61406,광주 동구 무등로 451,41999,건설업본사,41821,41821,3,3,계속,계속,4088609612,40886096120,41999,건설업본사
1121568,0,(주)동우플랜트-건설일괄,61406,광주 동구 무등로 451,42201,배관 및 냉ㆍ난방 공사업,42201,42201,2,2,일괄유기,일괄유기,4088609612,40886096126,42201,배관 및 냉ㆍ난방 공사업
1121571,0,주식회사 율,61442,광주 동구 밤실로30번길 11,68221,부동산 중개 및 대리업,44927,44927,1,1,계속,계속,4088609704,40886097040,68221,부동산 중개 및 대리업
1121584,0,주식회사광용기업,61500,광주 동구 남문로 594-1,68224,부동산 분양 대행업,44197,44197,1,1,계속,계속,4088610064,40886100640,68224,부동산 분양 대행업
1121588,0,주식회사남일의료기,61468,광주광역시 동구  제봉로 66,47811,의약품 및 의료용품 소매업,41821,41821,1,1,계속,계속,4088610142,40886101420,47811,의약품 및 의료용품 소매업
1121601,0,푸른건설(주),61418,광주 동구 무등로 456,42132,콘크리트 및 철근 공사업,43294,43309,5,5,일괄유기,일괄유기,4088610384,40886103846,42132,콘크리트 및 철근 공사업
1121611,0,주식회사엠앤케이,61475,광주광역시 동구  금남로 245,71310,광고 대행업,41879,41879,53,52,계속,계속,4088610536,40886105360,71310,광고 대행업
1121614,0,유한회사막동이회관,61500,광주광역시 동구 남문로614,56111,한식 일반 음식점업,41852,41852,5,5,계속,계속,4088610609,40886106090,56111,한식 일반 음식점업
1121628,0,유한회사동부고시학원,61474,광주광역시 동구 예술길31-16,85632,기타 교습학원,41883,41883,1,1,계속,계속,4088610900,40886109000,85632,기타 교습학원
1121645,0,주식회사미래피엔디,61487,광주광역시 동구 문화전당로23번길5-22,18111,경 인쇄업,41883,41883,2,2,계속,계속,4088611200,40886112000,18111,경 인쇄업
1121661,0,주식회사보헤미안,61487,광주 동구 문화전당로 43,90110,공연시설 운영업,44013,44013,1,1,계속,계속,4088611457,40886114570,90110,공연시설 운영업
1121681,0,주식회사홍림,61488,광주 동구 문화전당로35번길 24,74211,건축물 일반 청소업,42826,42826,0,0,계속,계속,4088611928,40886119280,74211,건축물 일반 청소업
1121707,0,알에프에이,61472,광주광역시 동구  금남로 193-22,29280,산업용 로봇 제조업,42480,42480,0,0,계속,계속,4088612607,40886126070,29280,산업용 로봇 제조업
1121708,0,주식회사삼호도시개발,61493,광주광역시 동구 의재로 225-1,41999,건설업본사,41954,41954,5,5,계속,계속,4088612664,40886126640,41999,건설업본사
1121722,0,지에스에이엠(유),61475,광주 동구 예술길 24-1,71531,경영 컨설팅업,42278,42278,1,1,계속,계속,4088613080,40886130800,71531,경영 컨설팅업
1121737,0,진명개발주식회사,61434,광주광역시 동구 동명로20번길17,68122,비주거용 건물 개발 및 공급업,42005,42005,4,5,계속,계속,4088613362,40886133620,68122,비주거용 건물 개발 및 공급업
1121738,1,주식회사 대광인력철거개발,61426,광주 동구 제봉로 228-2,,,44597,,0,0,일괄유기,,4088613381,40886133816,,
1121747,0,주식회사광주도시여행청,61474,광주 동구 서석로85번길 24,75210,여행사업,43892,43892,2,2,계속,계속,4088613644,40886136440,75210,여행사업
1121748,0,세무법인우일,61479,광주광역시 동구 천변우로363-9,71202,세무사업,42005,42005,12,12,계속,계속,4088613678,40886136780,71202,세무사업
1121766,0,우주건설(주),61478,광주광역시 동구 천변우로339,41999,건설업본사,42046,42046,2,3,계속,계속,4088614022,40886140220,41999,건설업본사
1121767,0,우주건설(주),61478,광주 동구 천변우로 339,42205,소방시설 공사업,42481,42481,2,3,일괄유기,일괄유기,4088614022,40886140226,42205,소방시설 공사업
1121768,0,유한회사 리아트,61474,광주광역시 동구 서석로85번길 20-1,68221,부동산 중개 및 대리업,44562,44562,1,1,계속,계속,4088614037,40886140370,68221,부동산 중개 및 대리업
1121777,0,(주)종합건축사사무소 시중,61478,광주 동구 천변우로 339,72111,건축설계 및 관련 서비스업,42736,42736,4,4,계속,계속,4088614167,40886141670,72111,건축설계 및 관련 서비스업
1121788,0,주식회사 비스코시티레코즈,61475,광주 동구 예술길 34,59201,음악 및 기타 오디오물 출판업,44313,44313,1,1,계속,계속,4088614449,40886144490,59201,음악 및 기타 오디오물 출판업
1122017,0,친환경장묘문화주식회사,61462,광주 동구 의재로 50-1,96999,그 외 기타 달리 분류되지 않은 개인 서비스업,44011,44011,7,7,계속,계속,4088701766,40887017660,96999,그 외 기타 달리 분류되지 않은 개인 서비스업
1122229,0,동산타워관리사무소,61509,광주 동구 화산로350번길 18,68211,주거용 부동산 관리업,36708,36161,2,2,계속,계속,4088900500,40889005000,68211,주거용 부동산 관리업
1122231,0,제일오피스텔관리사무소,61478,광주 동구 천변우로 339,68211,주거용 부동산 관리업,35125,35796,8,8,계속,계속,4088900719,40889007190,68211,주거용 부동산 관리업
1122232,0,금남전자상가관리조합,61471,광주 동구 독립로264번길 12,68212,비주거용 부동산 관리업,33695,35855,1,1,계속,계속,4088901187,40889011870,68212,비주거용 부동산 관리업
1122233,0,광주동구정신건강복지센터,61468,광주광역시 동구 서남로 14,86909,그 외 기타 보건업,36278,36251,18,18,계속,계속,4088901396,40889013960,86909,그 외 기타 보건업
1122235,0,평화어린이집,61462,광주 동구 학소로 126-27,87210,보육시설 운영업,39083,39083,10,10,계속,계속,4088901682,40889016820,87210,보육시설 운영업
1122244,0,빛고을화원,61444,광주 동구 준법로 2,47851,화초 및 식물 소매업,43325,43325,1,1,계속,계속,4089004502,40890045020,47851,화초 및 식물 소매업
1122246,0,동아외국어학원,61474,광주 동구 예술길15번길 2,85669,기타 기술 및 직업훈련학원,39125,39125,1,1,계속,계속,4089006757,40890067570,85669,기타 기술 및 직업훈련학원
1122249,0,예인원치과,61472,광주 동구 중앙로 191-1,86202,치과 의원,36708,35855,2,2,계속,계속,4089009036,40890090360,86202,치과 의원
1122256,0,여수상사,61490,광주 동구 제봉로17번길 12-21,46315,"신선, 냉동 및 기타 수산물 도매업",36708,36069,1,1,계속,계속,4089010886,40890108860,46315,"신선, 냉동 및 기타 수산물 도매업"
1122257,0,안치과의원,61465,광주 동구 제봉로 84,86202,치과 의원,36708,36069,3,3,계속,계속,4089013772,40890137720,86202,치과 의원
1122258,0,예스원보험대리점,61471,광주 동구 금남로 157,66202,보험 대리 및 중개업,44287,44287,1,1,계속,계속,4089014709,40890147090,66202,보험 대리 및 중개업
1122264,0,민한의원,61465,광주 동구 장동로 2-1,86201,일반 의원,36708,36402,5,5,계속,계속,4089021632,40890216320,86201,일반 의원
1122265,0,현대가정의학과의원,61433,광주 동구 필문대로 190,86201,일반 의원,36708,36300,3,3,계속,계속,4089021990,40890219900,86201,일반 의원
1122269,0,임금치과의원,61480,광주 동구 중앙로 171,86202,치과 의원,36708,36069,1,1,계속,계속,4089024584,40890245840,86202,치과 의원
1122270,0,스마일치과기공소,61454,광주 동구 남문로 766-1,21309,그 외 기타 의료용품 및 의약관련 제품 제조업,38991,38991,5,5,계속,계속,4089025069,40890250690,21309,그 외 기타 의료용품 및 의약관련 제품 제조업
1122276,0,첫마음,61478,광주 동구 천변우로 339,66202,보험 대리 및 중개업,42736,42736,4,4,계속,계속,4089028917,40890289170,66202,보험 대리 및 중개업
1122277,0,탑마취통증의학과의원,61486,광주광역시 동구  제봉로 57,86102,일반 병원,38439,38439,5,5,계속,계속,4089029309,40890293090,86102,일반 병원
1122287,0,래플즈(raffles)어학원,61459,광주 동구 의재로 15,85501,일반 교과 학원,40544,40544,2,1,계속,계속,4089032309,40890323090,85501,일반 교과 학원
1122290,0,한국축산유통대리점,61427,광주 동구 제봉로190번길 1-4,47212,육류 소매업,36809,36809,2,2,계속,계속,4089033481,40890334810,47212,육류 소매업
1122295,0,새한신경외과의원,61454,광주 동구 남문로 774,86201,일반 의원,36952,36952,12,12,계속,계속,4089037435,40890374350,86201,일반 의원
1122298,0,행복화원,61490,광주광역시 동구 제봉로 13,47851,화초 및 식물 소매업,46009,46009,1,1,계속,계속,4089038827,40890388270,47851,화초 및 식물 소매업
1122299,0,조은정형외과의원,61458,광주 동구 남문로701번길 8,86102,일반 병원,36982,36982,4,4,계속,계속,4089039170,40890391700,86102,일반 병원
1122300,0,이진희산부인과,61473,광주 동구 구성로204번길 5,86201,일반 의원,36951,36951,1,1,계속,계속,4089039582,40890395820,86201,일반 의원
1122305,0,북경당한의원,61473,광주 동구 제봉로 179,86203,한의원,36997,36997,2,2,계속,계속,4089040944,40890409440,86203,한의원
1122307,0,한양학원,61474,광주광역시 동구  예술길 31-11,85632,기타 교습학원,44136,44136,1,1,계속,계속,4089041206,40890412060,85632,기타 교습학원
1122318,0,그린가정의학과의원,61443,광주 동구 밤실로 26-1,86201,일반 의원,37043,37043,1,1,계속,계속,4089042578,40890425780,86201,일반 의원
1122320,0,청심병원,61494,광주 동구 동산길 14-2,86102,일반 병원,37072,37072,73,73,계속,계속,4089043882,40890438820,86102,일반 병원
1122322,0,고차이나중국어학원,61472,광주광역시 동구  중앙로 191,85631,외국어학원,40238,40238,0,0,계속,계속,4089044203,40890442030,85631,외국어학원
1122324,0,산수태권도장,61433,광주 동구 필문대로192번길 32-9,85611,태권도 및 무술 교육기관,44348,44348,2,2,계속,계속,4089044561,40890445610,85611,태권도 및 무술 교육기관
1122328,0,신촌(김홍자),61412,광주 동구 무등로 374,68119,기타 부동산 임대업,39196,39196,0,0,계속,계속,4089046574,40890465740,68119,기타 부동산 임대업
1122332,0,광주신경과의원,61487,광주광역시 동구 문화전당로 15,86201,일반 의원,37237,37237,2,2,계속,계속,4089049265,40890492650,86201,일반 의원
1122340,0,경희한의원,61435,광주광역시 동구  동계천로 181,86203,한의원,36708,36082,1,1,계속,계속,4089052663,40890526630,86203,한의원
1122342,0,김용주내과의원,61487,광주 동구 백서로137번길 1,86201,일반 의원,37347,37347,5,5,계속,계속,4089053809,40890538090,86201,일반 의원
1122346,0,명성한의원,61444,광주 동구 지산로 62-2,86203,한의원,37428,37428,3,3,계속,계속,4089056733,40890567330,86203,한의원
1122347,0,박주식임대,61455,광주광역시 동구 남문로753번길 20,68111,주거용 건물 임대업,44380,44380,1,1,계속,계속,4089056918,40890569180,68111,주거용 건물 임대업
1122351,0,반이비인후과의원,61483,광주 동구 충장로안길 42,86201,일반 의원,35855,35855,6,6,계속,계속,4089059273,40890592730,86201,일반 의원
1122352,0,모정마취통증의학과의원,61481,광주 동구 금남로 180,86201,일반 의원,37530,37530,5,5,계속,계속,4089059948,40890599480,86201,일반 의원
1122353,1,삼대장묘,61478,광주 동구 천변우로 483-2,,,43924,,1,0,일괄유기,,4089060969,40890609696,,
1122359,0,입시평정확원,61434,광주 동구 동계천로 151,85501,일반 교과 학원,45087,45087,1,1,계속,계속,4089064946,40890649460,85501,일반 교과 학원
1122360,0,다혜수산,61490,광주 동구 양림로 118,47214,"신선, 냉동 및 기타 수산물 소매업",37987,37987,1,1,계속,계속,4089064984,40890649840,47214,"신선, 냉동 및 기타 수산물 소매업"
1122367,0,심홍섭이비인후과,61405,광주 동구 필문대로 112,86201,일반 의원,36708,36069,8,8,계속,계속,4089070550,40890705500,86201,일반 의원
1122375,0,드림물산,61433,광주 동구 필문대로192번길 18-8,47212,육류 소매업,40287,40287,0,0,계속,계속,4089074804,40890748040,47212,육류 소매업
1122376,0,광주응급환자이송단,61500,광주 동구 남문로 600,49219,기타 도시 정기 육상 여객 운송업,38022,38022,8,8,계속,계속,4089075967,40890759670,49219,기타 도시 정기 육상 여객 운송업
1122377,0,최영정신과,61468,광주 동구 제봉로 64,86201,일반 의원,38026,38026,4,4,계속,계속,4089076011,40890760110,86201,일반 의원
1122383,0,고흥상회,61490,광주 동구 제봉로17번길 13-24,47215,"채소, 과실 및 뿌리작물 소매업",43160,43160,1,1,계속,계속,4089079487,40890794870,47215,"채소, 과실 및 뿌리작물 소매업"
1122384,0,고려한의원,61502,광주광역시 동구  남문로 568,86203,한의원,38110,38110,2,2,계속,계속,4089079508,40890795080,86203,한의원
1122386,0,광주치과기공소,61476,광주 동구 금남로 170-32,27191,치과용 기기 제조업,41183,41183,3,3,계속,계속,4089079736,40890797360,27191,치과용 기기 제조업
1122391,0,서울연합의원,61504,광주 동구 화산로 355,86201,일반 의원,38180,38180,4,4,계속,계속,4089081718,40890817180,86201,일반 의원
1122392,0,광주재활의학과의원,61487,광주광역시 동구 문화전당로 15,86201,일반 의원,38169,38169,2,2,계속,계속,4089081775,40890817750,86201,일반 의원
1122396,0,샘솟는아동청소년발달＆심리상담연구소,61459,광주 동구 의재로 23-1,87294,사회복지 상담서비스 제공업,44440,44440,1,1,계속,계속,4089082982,40890829820,87294,사회복지 상담서비스 제공업
1122400,0,동서한의원,61464,광주 동구 남문로 687,86203,한의원,38296,38296,1,1,계속,계속,4089085107,40890851070,86203,한의원
1122407,0,동부자보보험대리점,61471,광주 동구 금남로 157,65121,손해 보험업,43252,43252,1,1,계속,계속,4089089817,40890898170,65121,손해 보험업
1122412,0,아낌없이주는학원,61500,광주 동구 남문로622번길 6,85699,그 외 기타 분류 안된 교육기관,38694,38694,1,1,계속,계속,4089091521,40890915210,85699,그 외 기타 분류 안된 교육기관
1122413,0,김경아보험대리점,61482,광주 동구 금남로 220,66202,보험 대리 및 중개업,39630,44378,0,0,계속,계속,4089092796,40890927960,66202,보험 대리 및 중개업
1122417,0,만선홍어,61427,광주 동구 동계천로 62,46315,"신선, 냉동 및 기타 수산물 도매업",42005,42005,1,1,계속,계속,4089094362,40890943620,46315,"신선, 냉동 및 기타 수산물 도매업"
1122418,0,이세상치과기공소,61411,광주 동구 필문대로 167-1,27191,치과용 기기 제조업,39965,39965,2,2,계속,계속,4089094381,40890943810,27191,치과용 기기 제조업
1122419,0,아뜰리에미용학원,61487,광주 동구 서석로 42,85669,기타 기술 및 직업훈련학원,40087,40087,1,1,계속,계속,4089094760,40890947600,85669,기타 기술 및 직업훈련학원
1122420,0,호남제과전문학원,61483,광주 동구 중앙로 170,85669,기타 기술 및 직업훈련학원,38778,38778,1,1,계속,계속,4089095129,40890951290,85669,기타 기술 및 직업훈련학원
1122424,0,김평남내과의원,61489,광주 동구 백서로 134-1,86201,일반 의원,38750,38750,13,13,계속,계속,4089096036,40890960360,86201,일반 의원
1122435,0,미소필한의원,61443,광주 동구 밤실로 26-1,86201,일반 의원,38899,38899,2,2,계속,계속,4089099557,40890995570,86201,일반 의원
1122436,0,남교체육관,61501,광주 동구 학소로76번길 8,85611,태권도 및 무술 교육기관,40182,42826,1,1,계속,계속,4089114778,40891147780,85611,태권도 및 무술 교육기관
1122437,0,완도황제전복,61490,광주광역시 동구 천변우로505,47214,"신선, 냉동 및 기타 수산물 소매업",41883,41883,3,3,계속,계속,4089114841,40891148410,47214,"신선, 냉동 및 기타 수산물 소매업"
1122438,0,파레스빌,61455,광주광역시 동구 남문로753번길 20,68111,주거용 건물 임대업,44383,44383,1,1,계속,계속,4089114875,40891148750,68111,주거용 건물 임대업
1122441,0,이연한의원,61489,광주광역시 동구  제봉로 19,86203,한의원,41184,41184,2,2,계속,계속,4089116121,40891161210,86203,한의원
1122443,0,대한기타전문학원,61474,광주광역시 동구 중앙로216,85629,기타 예술학원,42139,42139,1,1,계속,계속,4089116970,40891169700,85629,기타 예술학원
1122448,0,그랜드오페라단,61431,광주 동구 제봉로158번길 11-1,90110,공연시설 운영업,44531,44531,1,1,계속,계속,4089119263,40891192630,90110,공연시설 운영업
1122449,0,열린가정의학과의원,61439,광주 동구 필문대로 193,86201,일반 의원,39114,39114,3,3,계속,계속,4089119356,40891193560,86201,일반 의원
1122453,0,승우대리점,61471,광주 동구 금남로 157,65110,생명 보험업,43252,43252,1,1,계속,계속,4089122604,40891226040,65110,생명 보험업
1122456,0,밀레(크라운원룸),61411,광주 동구 필문대로165번길 1-7,68211,주거용 부동산 관리업,44477,44477,1,1,계속,계속,4089124238,40891242380,68211,주거용 부동산 관리업
1122459,0,이지클래스피아노학원,61412,광주 동구 동계로 79,85629,기타 예술학원,43710,43710,1,1,계속,계속,4089125009,40891250090,85629,기타 예술학원
1122463,0,완이상회,61490,광주 동구 양림로 118,47214,"신선, 냉동 및 기타 수산물 소매업",42248,42248,1,1,계속,계속,4089127327,40891273270,47214,"신선, 냉동 및 기타 수산물 소매업"
1122470,0,한사랑가정의학과의원,61417,광주 동구 무등로 414,86201,일반 의원,39559,39559,3,3,계속,계속,4089130424,40891304240,86201,일반 의원
1122478,0,남도기업사,61487,광주 동구 문화전당로 17-1,58113,일반 서적 출판업,39692,39692,3,3,계속,계속,4089133493,40891334930,58113,일반 서적 출판업
1122484,0,교원수학학원,61434,광주 동구 동계천로 137-13,85501,일반 교과 학원,41609,41609,2,2,계속,계속,4089135263,40891352630,85501,일반 교과 학원
1122491,0,아이사랑언어학습상담센터,61468,광주 동구 제봉로 52,87299,그 외 기타 비거주 복지 서비스업,39873,39873,4,4,계속,계속,4089136530,40891365300,87299,그 외 기타 비거주 복지 서비스업
1122501,0,조선유통,61417,광주 동구 무등로 424-3,47212,육류 소매업,40238,40238,3,3,계속,계속,4089138654,40891386540,47212,육류 소매업
1122502,0,코스모스치과의원,61407,광주 동구 갈마로 2,86202,치과 의원,39939,39939,5,5,계속,계속,4089138692,40891386920,86202,치과 의원
1122514,0,상록화원.난원,61426,광주 동구 구성로 217-1,47851,화초 및 식물 소매업,44494,44494,1,1,계속,계속,4089143031,40891430310,47851,화초 및 식물 소매업
1122516,0,행복야채백화점,61490,광주 동구 제봉로17번길 15,47215,"채소, 과실 및 뿌리작물 소매업",40182,40182,1,1,계속,계속,4089143841,40891438410,47215,"채소, 과실 및 뿌리작물 소매업"
1122518,0,계림재가노인요양센터,61414,광주 동구 계림로46번길 20,87111,노인 요양 복지시설 운영업,40210,40210,0,1,계속,계속,4089144025,40891440250,87111,노인 요양 복지시설 운영업
1122521,0,동원치과기공소,61500,광주 동구 남문로 590,27191,치과용 기기 제조업,40544,40544,1,1,계속,계속,4089144383,40891443830,27191,치과용 기기 제조업
1122522,0,수사랑의원,61479,광주광역시 동구  중앙로 157,86201,일반 의원,40210,40210,4,4,계속,계속,4089144535,40891445350,86201,일반 의원
1122523,0,김신경외과의원,61471,광주 동구 구성로 183-4,86201,일반 의원,40232,40232,2,2,계속,계속,4089145010,40891450100,86201,일반 의원
1122526,0,백제갤러리,61475,광주광역시 동구  중앙로196번길 15-7,47841,예술품 및 골동품 소매업,43282,43282,0,0,계속,계속,4089145679,40891456790,47841,예술품 및 골동품 소매업
1122533,0,광주소망병원,61507,광주 동구 천변좌로 700,86102,일반 병원,40422,40422,108,108,계속,계속,4089148341,40891483410,86102,일반 병원
1122543,0,목포수산,61489,광주광역시 동구 양림로119번길2,47214,"신선, 냉동 및 기타 수산물 소매업",41321,41321,1,1,계속,계속,4089150702,40891507020,47214,"신선, 냉동 및 기타 수산물 소매업"
1122548,0,자모스프링여성의원,61407,광주 동구 갈마로 2,86102,일반 병원,40581,40581,3,3,계속,계속,4089151114,40891511140,86102,일반 병원
1122554,0,이링스영어전문학원,61436,광주 동구 장동로 27,85631,외국어학원,42278,42278,3,3,계속,계속,4089152317,40891523170,85631,외국어학원
1122560,0,열린언어심리상담센터,61498,광주 동구 남문로634번길 11-22,87299,그 외 기타 비거주 복지 서비스업,41041,41041,2,2,계속,계속,4089153562,40891535620,87299,그 외 기타 비거주 복지 서비스업
1122562,0,신통한의원,61431,광주광역시 동구  동계천로 74,86203,한의원,40750,40750,4,4,계속,계속,4089153882,40891538820,86203,한의원
1122567,0,이상국치과의원,61413,광주광역시 동구  중앙로290번길 16,86202,치과 의원,40848,40848,1,1,계속,계속,4089154412,40891544120,86202,치과 의원
1122570,0,중앙안과의원,61479,광주 동구 중앙로 149,86201,일반 의원,40848,40848,3,3,계속,계속,4089155750,40891557500,86201,일반 의원
1122573,0,신안유통,61405,광주 동구 무등로415번길 1,46319,기타 신선식품 및 단순 가공식품 도매업,44805,44805,3,3,계속,계속,4089156201,40891562010,46319,기타 신선식품 및 단순 가공식품 도매업
1122577,0,밝은미소의원,61437,광주 동구 필문대로,86201,일반 의원,40980,40980,1,1,계속,계속,4089158475,40891584750,86201,일반 의원
1122585,0,허준이비인후과의원,61431,광주 동구  동계천로 74,86201,일반 의원,41030,41030,11,11,계속,계속,4089159630,40891596300,86201,일반 의원
1122586,0,미래치과의원,61464,광주 동구  남문로 689,86202,치과 의원,41054,41054,2,2,계속,계속,4089160030,40891600300,86202,치과 의원
1122591,0,해광씨푸드,61503,광주광역시 동구 소태길23-2,47213,건어물 및 젓갈류 소매업,41131,41131,1,1,계속,계속,4089161500,40891615000,47213,건어물 및 젓갈류 소매업
1122592,0,로맨스플라워,61504,광주광역시 동구 남문로517,47851,화초 및 식물 소매업,42051,42051,2,2,계속,계속,4089161704,40891617040,47851,화초 및 식물 소매업
1122598,0,옥제조형연구소,61487,광주 동구 백서로137번길 21,90199,그 외 기타 창작 및 예술관련 서비스업,43617,43617,6,6,계속,계속,4089163643,40891636430,90199,그 외 기타 창작 및 예술관련 서비스업
1122600,0,우공산국어논술학원,61434,광주광역시 동구  동계천로 143-5,85501,일반 교과 학원,44652,44652,1,1,계속,계속,4089164017,40891640170,85501,일반 교과 학원
1122602,0,광주소태동우편취급국,61503,광주광역시 동구 남문로 562,61100,공영 우편업,41681,41681,1,1,계속,계속,4089164695,40891646950,61100,공영 우편업
1122605,0,멘토보습학원,61501,광주 동구 학소로76번길 8,85501,일반 교과 학원,44743,44743,1,1,계속,계속,4089165578,40891655780,85501,일반 교과 학원
1122607,0,바른생각차승래치과의원,61417,광주광역시 동구  무등로 386,86202,치과 의원,41365,41365,9,9,계속,계속,4089165786,40891657860,86202,치과 의원
1122609,0,수한의원,61462,광주 동구 의재로 60,86203,한의원,41456,41456,2,2,계속,계속,4089165807,40891658070,86203,한의원
1122610,0,스카이미술학원,61475,광주 동구 예술길 18-2,85622,미술학원,43831,44562,3,3,계속,계속,4089166164,40891661640,85622,미술학원
1122615,0,전승범치과의원,61441,광주광역시 동구  지산로 90,86202,치과 의원,41487,41487,3,3,계속,계속,4089167106,40891671060,86202,치과 의원
1122622,0,아트스토리심리상담센터,61459,광주 동구 의재로 15,87299,그 외 기타 비거주 복지 서비스업,42156,42156,4,3,계속,계속,4089168935,40891689350,87299,그 외 기타 비거주 복지 서비스업
1122625,0,플라잉크루승무원학원,61475,광주광역시 동구  중앙로196번길 31-6,85640,사회교육시설,41624,41624,1,1,계속,계속,4089169967,40891699670,85640,사회교육시설
1122626,0,고운연합의원,61454,광주 동구 남문로 746-1,86201,일반 의원,41582,41582,16,16,계속,계속,4089170052,40891700520,86201,일반 의원
1122632,0,메가클래스학원,61504,광주 동구 남문로 553,85501,일반 교과 학원,42371,42371,1,0,계속,계속,4089171560,40891715600,85501,일반 교과 학원
1122636,0,가온농산,61498,광주 동구 남문로622번길 7-16,46312,"채소류, 서류 및 향신작물류 도매업",43831,43831,1,1,계속,계속,4089172521,40891725210,46312,"채소류, 서류 및 향신작물류 도매업"
1122642,0,노블리즈뷰티아카데미미용학원,61482,광주광역시 동구  금남로 226-22,85669,기타 기술 및 직업훈련학원,41775,41775,7,7,계속,계속,4089173632,40891736320,85669,기타 기술 및 직업훈련학원
1122643,0,보이스레벨실용음악학원,61483,광주 동구 충장로안길 6,85629,기타 예술학원,42058,42058,1,1,계속,계속,4089174039,40891740390,85629,기타 예술학원
1122644,0,파랑새안과의원,61486,광주 동구 문화전당로26번길  6,86201,일반 의원,41813,41813,58,58,계속,계속,4154505998,40891740580,86201,일반 의원
1122648,0,한우리,61468,광주 동구 백서로167번길 6-1,74211,건축물 일반 청소업,43347,43347,1,1,계속,계속,4089174475,40891744750,74211,건축물 일반 청소업
1122649,0,변숙현부동산(주택임대),61468,광주 동구 백서로167번길 5,74100,사업시설 유지관리 서비스업,42856,42856,1,1,계속,계속,4089174607,40891746070,74100,사업시설 유지관리 서비스업
1122654,0,아이멘토학원,61443,광주광역시 동구  밤실로30번길 6,85501,일반 교과 학원,41904,41904,1,1,계속,계속,4089176420,40891764200,85501,일반 교과 학원
1122664,0,울엄니축산,61416,광주광역시 동구  경양로337번길 10-7,10129,육류 기타 가공 및 저장처리업 (가금류 제외),42492,42492,1,1,계속,계속,4089178938,40891789380,10129,육류 기타 가공 및 저장처리업 (가금류 제외)
1122713,0,공증인가광주제일합동법률사무소,61473,광주 동구 구성로204번길 2,71103,법무사업,36892,36892,1,1,계속,계속,4089413367,40894133670,71103,법무사업
1122727,0,금성직업전문학교,61475,광주광역시 동구  중앙로 194,85669,기타 기술 및 직업훈련학원,36708,36069,4,4,계속,계속,4089506581,40895065810,85669,기타 기술 및 직업훈련학원
1122731,0,물빛아트미술학원,61487,광주 동구 문화전당로 5,85629,기타 예술학원,42156,42156,0,0,계속,계속,4089509972,40895099720,85629,기타 예술학원
1122748,0,진내과,61482,광주 동구 금남로 250-8,86201,일반 의원,36708,36069,2,2,계속,계속,4089601531,40896015310,86201,일반 의원
1122749,0,조이비인후과 의원,61480,광주광역시 동구  충장로 60,86201,일반 의원,36708,36069,1,1,계속,계속,4089602597,40896025970,86201,일반 의원
1122750,0,최춘산부인과,61463,광주 동구 남문로 698,86201,일반 의원,36708,36220,3,3,계속,계속,4089602729,40896027290,86201,일반 의원
1122751,0,강치과,61468,광주 동구 제봉로 52,86202,치과 의원,36708,36069,3,3,계속,계속,4089603368,40896033680,86202,치과 의원
1122753,0,허경룡소아과의원,61454,광주 동구 남문로 758,86201,일반 의원,36708,36069,1,1,계속,계속,4089603505,40896035050,86201,일반 의원
1122754,0,조내과,61428,광주 동구 경양로 280,86201,일반 의원,36069,35855,6,6,계속,계속,4089603510,40896035100,86201,일반 의원
1122757,0,김신도치과의원,61426,광주 동구 제봉로 228-2,86103,치과 병원,36708,36069,2,2,계속,계속,4089603882,40896038820,86103,치과 병원
1122758,0,김치과의원,61433,광주 동구 경양로 388,86202,치과 의원,36708,36069,1,1,계속,계속,4089603941,40896039410,86202,치과 의원
1122759,0,이성출치과의원,61475,광주 동구 중앙로 194,86202,치과 의원,36708,36069,2,2,계속,계속,4089603960,40896039600,86202,치과 의원
1122760,0,박행조치과의원,61482,광주 동구 금남로 226-11,86103,치과 병원,36708,36069,2,2,계속,계속,4089604014,40896040140,86103,치과 병원
1122761,0,광명당한의원,61413,광주 동구 중앙로 276,86203,한의원,36708,36069,3,3,계속,계속,4089604407,40896044070,86203,한의원
1122765,0,감초당한의원,61429,광주 동구 중앙로 242,86203,한의원,36708,36069,2,2,계속,계속,4089604687,40896046870,86203,한의원
1122766,0,복음내과의원,61468,광주 동구 제봉로 52,86201,일반 의원,39722,39722,2,2,계속,계속,4089604713,40896047130,86201,일반 의원
1122767,0,대한치과의원,61475,광주 동구 금남로 227,86202,치과 의원,36708,36069,1,1,계속,계속,4089604843,40896048430,86202,치과 의원
1122768,0,평화치과의원,61454,광주 동구 남문로 750,86202,치과 의원,36708,36069,1,1,계속,계속,4089604896,40896048960,86202,치과 의원
1122769,0,양치과의원,61401,광주 동구 중앙로 337,86202,치과 의원,35977,35855,4,4,계속,계속,4089605051,40896050510,86202,치과 의원
1122770,0,대인치과의원,61427,광주 동구 제봉로 196,86202,치과 의원,36708,36069,1,1,계속,계속,4089605143,40896051430,86202,치과 의원
1122771,0,이정남신경정신과의원,61468,광주 동구 서남로 2,86201,일반 의원,36708,36069,3,3,계속,계속,4089605240,40896052400,86201,일반 의원
1122772,0,김기식치과의원,61483,광주 동구 서석로 41-1,86202,치과 의원,36708,36069,1,1,계속,계속,4089605255,40896052550,86202,치과 의원
1122773,0,손치과의원,61483,광주 동구 충장로 84-1,86202,치과 의원,36708,36069,1,1,계속,계속,4089605274,40896052740,86202,치과 의원
1122774,0,이성재치과의원,61427,광주 동구 중앙로 229,86202,치과 의원,36708,36069,1,1,계속,계속,4089605430,40896054300,86202,치과 의원
1122779,0,문응주정형외과의원,61489,광주 동구 백서로 132,86201,일반 의원,35065,35855,8,8,계속,계속,4089605712,40896057120,86201,일반 의원
1122780,0,학문외과의원,61454,광주 동구 남문로 780,86201,일반 의원,35065,35796,20,20,계속,계속,4089605750,40896057500,86201,일반 의원
1122782,0,허웅이빈후과,61427,광주 동구 중앙로 233,86201,일반 의원,36708,36069,6,6,계속,계속,4089605783,40896057830,86201,일반 의원
1122783,0,전남치과기공소,61477,광주 동구 충장로 14-13,27191,치과용 기기 제조업,36708,36161,1,1,계속,계속,4089605920,40896059200,27191,치과용 기기 제조업
1122785,0,장기영치과의원,61481,광주 동구 구성로 168,86201,일반 의원,36708,36069,2,2,계속,계속,4089606161,40896061610,86201,일반 의원
1122787,0,가나신경외과의원,61413,광주 동구 중앙로 288,86201,일반 의원,35065,35796,5,5,계속,계속,4089606292,40896062920,86201,일반 의원
1122790,0,허영철치과의원,61471,광주 동구 독립로 258,86202,치과 의원,36708,36288,2,2,계속,계속,4089607122,40896071220,86202,치과 의원
1122791,0,조형수치과의원,61433,광주광역시 동구  필문대로 188,86202,치과 의원,36708,36069,3,3,계속,계속,4089607137,40896071370,86202,치과 의원
1122793,0,이동훈이비인후과,61463,광주 동구 남문로 674,86201,일반 의원,36708,36069,1,1,계속,계속,4089607267,40896072670,86201,일반 의원
1122794,0,고정석치과 교정과치과의원,61482,광주 동구  금남로 236,86202,치과 의원,36708,36069,4,4,계속,계속,4081920876,40896073310,86202,치과 의원
1122798,0,제일치과기공소,61465,광주 동구 제봉로98번길 1,27191,치과용 기기 제조업,36708,36069,1,1,계속,계속,4089607608,40896076080,27191,치과용 기기 제조업
1122801,0,허경내과의원,61428,광주 동구 경양로 282-1,86201,일반 의원,36708,36069,3,3,계속,계속,4089607739,40896077390,86201,일반 의원
1122805,0,주찬양치과의원,61491,광주 동구 의재로 123,86202,치과 의원,36708,36069,3,3,계속,계속,4089607928,40896079280,86202,치과 의원
1122809,0,전상운치과의원,61408,광주 동구 밤실로 147,86202,치과 의원,36708,36069,4,4,계속,계속,4089608117,40896081170,86202,치과 의원
1122811,0,광제한의원,61457,광주 동구 남문로 714,86203,한의원,36708,36069,5,5,계속,계속,4089608214,40896082140,86203,한의원
1122814,0,김동호치과의원,61487,광주 동구 백서로137번길 1,86202,치과 의원,36708,36069,3,3,계속,계속,4089608460,40896084600,86202,치과 의원
1122815,0,이석종치과,61413,광주광역시 동구  중앙로 282,86202,치과 의원,36708,36069,4,4,계속,계속,4089608489,40896084890,86202,치과 의원
1122816,0,아이사랑정신건강의학과의원,61468,광주 동구 제봉로 52,86201,일반 의원,36708,36069,3,3,계속,계속,4089608529,40896085290,86201,일반 의원
1122821,0,장한의원,61472,광주 동구 구성로194번길 28,86203,한의원,36708,36069,2,2,계속,계속,4089608719,40896087190,86203,한의원
1122822,0,조승렬내과의원,61406,광주 동구 필문대로 174,86201,일반 의원,36708,36069,3,3,계속,계속,4089608776,40896087760,86201,일반 의원
1122824,0,지산치과,61450,광주 동구 지산로 48,86202,치과 의원,36708,36069,2,2,계속,계속,4089608835,40896088350,86202,치과 의원
1122827,0,대인제통마취통증의학과의원,61473,광주 동구 구성로204번길 25,86201,일반 의원,37683,37683,8,8,계속,계속,4089608951,40896089510,86201,일반 의원
1122866,0,ALCC(에이엘시시)학원,61436,광주 동구 동계천로 162,85501,일반 교과 학원,42917,42917,0,0,계속,계속,4089700956,40897009560,85501,일반 교과 학원
1122869,0,광수상회,61427,광주 동구 제봉로184번길 4,47214,"신선, 냉동 및 기타 수산물 소매업",41382,41382,2,2,계속,계속,4089868614,40898686140,47214,"신선, 냉동 및 기타 수산물 소매업"
1122883,0,화가,61468,광주 동구 백서로175번길 12-4,90132,비공연 예술가,42248,42248,1,1,계속,계속,4089912873,40899128730,90132,비공연 예술가
1122884,0,우제길(개인),61494,광주 동구 의재로 140-6,90221,박물관 운영업,42892,42892,1,1,계속,계속,4089912887,40899128870,90221,박물관 운영업
1122893,0,도서출판무돌,61487,광주 동구 문화전당로23번길 5-22,58113,일반 서적 출판업,45362,45362,1,1,계속,계속,4089944977,40899449770,58113,일반 서적 출판업
1122894,0,들꽃방예술원,61512,광주광역시 동구  남문로 360,47851,화초 및 식물 소매업,42095,42095,1,1,계속,계속,4089948857,40899488570,47851,화초 및 식물 소매업
1122895,0,광우서적,61436,광주 동구 장동로 23-35,46453,"서적, 잡지 및 기타 인쇄물 도매업",42005,42005,1,1,계속,계속,4089951707,40899517070,46453,"서적, 잡지 및 기타 인쇄물 도매업"
1122896,0,부부수산,61427,광주광역시 동구 제봉로184번길10,46315,"신선, 냉동 및 기타 수산물 도매업",41214,41214,2,2,계속,계속,4089952837,40899528370,46315,"신선, 냉동 및 기타 수산물 도매업"
1122901,0,대강수산상회,61401,광주광역시 동구  무등로333번길 4,47214,"신선, 냉동 및 기타 수산물 소매업",37622,37622,2,0,계속,계속,4089957211,40899572110,47214,"신선, 냉동 및 기타 수산물 소매업"
1122902,0,아카데미치과기공소,61472,광주광역시 동구  금남로 181,27191,치과용 기기 제조업,36708,36069,4,4,계속,계속,4089959034,40899590340,27191,치과용 기기 제조업
1122903,0,나주수산,61490,광주 동구 제봉로17번길 12-3,47214,"신선, 냉동 및 기타 수산물 소매업",43891,43891,1,1,계속,계속,4089959975,40899599750,47214,"신선, 냉동 및 기타 수산물 소매업"
1122939,0,동광전단광고,61473,광주광역시 동구  구성로194번길 7,71310,광고 대행업,42461,42461,0,0,계속,계속,4090141485,40901414850,71310,광고 대행업
1122988,0,대일목재사,61402,광주 동구 필문대로 6,46611,원목 및 건축관련 목제품 도매업,37335,37335,1,1,계속,계속,4090182905,40901829050,46611,원목 및 건축관련 목제품 도매업
1123089,0,부건실내건축,61479,광주 동구 천변우로 363-10,42412,"도배, 실내장식 및 내장 목공사업",43290,43524,1,1,일괄유기,일괄유기,4090322629,40903226296,42412,"도배, 실내장식 및 내장 목공사업"
1123098,0,넥스트,61488,광주 동구 천변우로 453,73203,시각 디자인업,39387,39387,2,2,계속,계속,4090327788,40903277880,73203,시각 디자인업
1123111,0,영암빈대떡,61467,광주 동구 서남로33번길 4,56219,기타 주점업,39010,39010,2,2,계속,계속,4090346562,40903465620,56219,기타 주점업
1123120,0,착한돼지（광주점）,61483,광주 동구 중앙로160번길 31-7,56111,한식 일반 음식점업,42161,42161,3,3,계속,계속,4090354233,40903542330,56111,한식 일반 음식점업
1123140,0,월드밴,61438,광주 동구 무등로 522-4,47190,그 외 기타 종합 소매업,38938,38938,0,0,계속,계속,4090366739,40903667390,47190,그 외 기타 종합 소매업
1123147,0,광일건축사사무소,61419,광주 동구 무등로304번길 13,72111,건축설계 및 관련 서비스업,36708,36069,2,2,계속,계속,4090368270,40903682700,72111,건축설계 및 관련 서비스업
1123241,0,행복한약국,61464,광주 동구 남문로 689,47811,의약품 및 의료용품 소매업,40634,40634,3,3,계속,계속,4090445366,40904453660,47811,의약품 및 의료용품 소매업
1123263,0,신광감정평가사사무소,61437,광주광역시 동구  필문대로191번길 5-1,68223,부동산 감정평가업,41913,41913,1,1,계속,계속,4090462647,40904626470,68223,부동산 감정평가업
1123279,0,j엘리시아,61484,광주 동구 서석로 23,47830,시계 및 귀금속 소매업,41764,41764,1,1,계속,계속,4090477325,40904773250,47830,시계 및 귀금속 소매업
1123394,0,1960청원,61483,광주 동구 중앙로 174-1,56199,간이음식 포장 판매 전문점,36708,36708,7,7,계속,계속,4090568333,40905683330,56199,간이음식 포장 판매 전문점
1123426,0,백화점수선,61471,광주광역시 동구 금남로161-32,95391,의복 및 기타 가정용 직물제품 수리업,41337,41337,1,1,계속,계속,4090584110,40905841100,95391,의복 및 기타 가정용 직물제품 수리업
1123444,0,람세스노래연습장,61459,광주 동구 의재로 23-1,91223,노래연습장 운영업,43466,43466,1,1,계속,계속,4090596668,40905966680,91223,노래연습장 운영업
1123474,0,롯데광주닥스숙녀혜원,61470,광주 동구 독립로 268,47412,여자용 겉옷 소매업,44501,44501,1,1,계속,계속,4090643061,40906430610,47412,여자용 겉옷 소매업
1123492,0,S&C,61470,광주 동구  독립로 268,47411,남자용 겉옷 소매업,36938,36938,2,2,계속,계속,4090663131,40906631310,47411,남자용 겉옷 소매업
1123511,0,두암빌딩,61409,광주 동구 밤실로 154,68212,비주거용 부동산 관리업,42005,42005,1,1,계속,계속,4090679050,40906790500,68212,비주거용 부동산 관리업
1123523,0,오성설악체육관,61508,광주광역시 동구  용산1로 4,85611,태권도 및 무술 교육기관,44348,44348,1,1,계속,계속,4090689034,40906890340,85611,태권도 및 무술 교육기관
1123542,0,송도약국,61406,광주광역시 동구  필문대로 134-1,47811,의약품 및 의료용품 소매업,38022,38022,1,1,계속,계속,4090746634,40907466340,47811,의약품 및 의료용품 소매업
1123554,0,천지산악,61493,광주 동구  증심사길 16,46464,운동 및 경기용품 도매업,40878,40878,2,2,계속,계속,4090753611,40907536110,46464,운동 및 경기용품 도매업
1123606,0,케이티씨 (KTC),61475,광주 동구 중앙로 198,47312,통신기기 소매업,42005,42005,0,0,계속,계속,4090878375,40908783750,47312,통신기기 소매업
1123609,0,남일건재,61432,광주광역시 동구  동명로 51,46699,그 외 기타 건축자재 도매업,39146,39146,1,1,계속,계속,4090879054,40908790540,46699,그 외 기타 건축자재 도매업
1123631,0,이안경대인점,61470,광주 동구 독립로 276,47822,안경 및 렌즈 소매업,41664,41664,1,1,계속,계속,4090924823,40909248230,47822,안경 및 렌즈 소매업
1123644,0,미도산업(LG 예다지 도어),61400,광주 동구 독립로 382,47519,"페인트, 창호 및 기타 건설자재 소매업",37987,37987,1,1,계속,계속,4090936159,40909361590,47519,"페인트, 창호 및 기타 건설자재 소매업"
1123653,0,수공사,61411,광주 동구 필문대로 155-1,42411,도장 공사업,45530,45530,1,1,일괄유기,일괄유기,4090941424,40909414246,42411,도장 공사업
1123681,0,GS25두암타운점,61409,광주 동구 밤실로 152-1,47122,체인화 편의점,42979,42979,7,7,계속,계속,4090984699,40909846990,47122,체인화 편의점
1123686,0,박양례헤어스튜디오,61408,광주 동구 갈마로 18,96111,이용업,37382,37382,1,1,계속,계속,4090986756,40909867560,96111,이용업
1123723,0,서광빌딩,61479,광주 동구 중앙로 149-2,74211,건축물 일반 청소업,43102,43102,1,1,계속,계속,4091067134,40910671340,74211,건축물 일반 청소업
1123735,0,광주목공아카데미학원,61421,광주 동구 무등로304번길 55,85669,기타 기술 및 직업훈련학원,43487,43487,0,0,계속,계속,4091073602,40910736020,85669,기타 기술 및 직업훈련학원
1123746,0,골반사랑의료기,61419,광주 동구 독립로 352,47812,의료용 기구 소매업,41799,41799,1,1,계속,계속,4091085239,40910852390,47812,의료용 기구 소매업
1123762,0,독도식당,61428,광주 동구 동계천로 67,56114,한식 해산물요리 전문점,43526,43526,1,1,계속,계속,4091156482,40911564820,56114,한식 해산물요리 전문점
1123796,0,부림우레탄,61421,광주광역시 동구  독립로 324,46699,그 외 기타 건축자재 도매업,37653,37653,1,1,계속,계속,4091231080,40912310800,46699,그 외 기타 건축자재 도매업
1123803,0,엔터,61430,광주광역시 동구 동계로1번길 6-7,58113,일반 서적 출판업,37669,37669,2,2,계속,계속,4091234466,40912344660,58113,일반 서적 출판업
1123836,0,가족,61434,광주광역시 동구  동명로 50,56111,한식 일반 음식점업,41091,41091,3,3,계속,계속,4091269155,40912691550,56111,한식 일반 음식점업
1123860,0,울림,61494,광주 동구 의재로136번길 29,56221,커피 전문점,43297,43297,1,1,계속,계속,4091278033,40912780330,56221,커피 전문점
1123897,0,고려조삼계탕,61475,광주 동구 금남로 231,56111,한식 일반 음식점업,40634,40634,4,4,계속,계속,4091328689,40913286890,56111,한식 일반 음식점업
1123913,0,신양파크호텔(예원),61447,광주 동구 지호로 214-7,56121,중식 음식점업,41520,41520,4,4,계속,계속,4091338310,40913383100,56121,중식 음식점업
1123914,0,영진도어,61421,광주 동구 독립로 336-1,46699,그 외 기타 건축자재 도매업,44531,44531,1,1,계속,계속,4091338324,40913383240,46699,그 외 기타 건축자재 도매업
1123961,0,전남퓨리나상사,61422,광주 동구 경양로247번길 25,46203,사료 도매업,42675,42675,1,1,계속,계속,4091381234,40913812340,46203,사료 도매업
1123980,0,아이더무등산점,61493,광주광역시 동구  증심사길30번길 18,46464,운동 및 경기용품 도매업,41487,41487,2,2,계속,계속,4091388595,40913885950,46464,운동 및 경기용품 도매업
1124020,0,바람개비,61486,광주 동구 제봉로 49,62090,기타 정보기술 및 컴퓨터운영 관련 서비스업,40485,40485,1,1,계속,계속,4091465186,40914651860,62090,기타 정보기술 및 컴퓨터운영 관련 서비스업
1124044,0,희성빌딩,61409,광주 동구 산수동,74211,건축물 일반 청소업,42217,42217,1,1,계속,계속,4091479808,40914798080,74211,건축물 일반 청소업
1124075,0,비엠글로벌,61470,광주 동구 독립로 268,47419,기타 의복 소매업,41800,41800,1,1,계속,계속,4091573591,40915735910,47419,기타 의복 소매업
1124090,0,최종윤법무사사무소,61445,광주 동구 동명로 110,71103,법무사업,41820,41820,3,3,계속,계속,4091579106,40915791060,71103,법무사업
1124131,0,할리스,61483,광주 동구 충장로안길 43,56229,기타 비알코올 음료점업,42296,42296,1,1,계속,계속,4091597517,40915975170,56229,기타 비알코올 음료점업
1124150,0,고철비철공장철거시자재기계폐기물남양고철,61418,광주 동구 경양로371번길  7-1,46791,재생용 재료 수집 및 판매업,45485,45485,1,1,계속,계속,4091670311,40916703110,46791,재생용 재료 수집 및 판매업
1124151,1,남양고철,61418,광주 동구 경양로371번길 7-1,,,44025,,1,0,일괄유기,,4091670311,40916703116,,
1124291,0,영암마트(Y-MART),61444,광주 동구 밤실로3번길 2,47121,슈퍼마켓,42623,42623,11,11,계속,계속,4091764382,40917643820,47121,슈퍼마켓
1124342,0,참스민,61454,광주광역시 동구 남문로752-3,56191,김밥 및 기타 간이 음식점업,41829,41829,0,0,계속,계속,4091785863,40917858630,56191,김밥 및 기타 간이 음식점업
1124365,0,양동시장통닭,61417,광주광역시 동구 무등로398-1,56162,치킨 전문점,40975,40975,1,1,계속,계속,4091807976,40918079760,56162,치킨 전문점
1124377,0,일가공인중개사사무소,61482,광주광역시 동구 충장로99-1,68221,부동산 중개 및 대리업,41078,41078,1,1,계속,계속,4091821148,40918211480,68221,부동산 중개 및 대리업
1124421,0,남진유통,61497,광주광역시 동구 학소로 109,47859,그 외 기타 분류 안된 상품 전문 소매업,44835,44835,1,1,계속,계속,4091849073,40918490730,47859,그 외 기타 분류 안된 상품 전문 소매업
1124486,0,미소랑,61465,광주 동구 제봉로82번길 13-3,56111,한식 일반 음식점업,41789,41789,0,0,계속,계속,4091907920,40919079200,56111,한식 일반 음식점업
1124550,0,새광주건축사사무소,61400,광주 동구 독립로368번길 22,72111,건축설계 및 관련 서비스업,39508,39508,1,1,계속,계속,4091946807,40919468070,72111,건축설계 및 관련 서비스업
1124558,0,멕스포투헬스클럽,61463,광주 동구 남문로 666,91132,체력단련시설 운영업,42831,42831,0,0,계속,계속,4091951367,40919513670,91132,체력단련시설 운영업
1124562,0,운림토건,61432,광주광역시 동구 동명로67번길26-4,41999,건설업본사,42101,42101,1,1,계속,계속,4091953161,40919531610,41999,건설업본사
1124583,0,포그니밥상,61441,광주 동구 지산로 82-3,56191,김밥 및 기타 간이 음식점업,43038,43038,0,0,계속,계속,4091968553,40919685530,56191,김밥 및 기타 간이 음식점업
1124625,0,효성사,61477,광주 동구 충장로 8,46452,"문구용품, 회화용품, 사무용품 도매업",42005,42005,2,2,계속,계속,4091994177,40919941770,46452,"문구용품, 회화용품, 사무용품 도매업"
1124675,0,성경개발,61406,광주 동구 필문대로 140,74212,"산업설비, 운송장비 및 공공장소 청소업",39631,39631,2,2,계속,계속,4092042199,40920421990,74212,"산업설비, 운송장비 및 공공장소 청소업"
1124676,0,성경개발,61406,광주 동구 필문대로 140,42110,건물 및 구축물 해체 공사업,41758,41758,1,1,일괄유기,일괄유기,4092042199,40920421996,42110,건물 및 구축물 해체 공사업
1124716,0,트라이광주서방점,61402,광주 동구 필문대로 2,46415,속옷 및 잠옷 도매업,40725,40725,0,0,계속,계속,4092059045,40920590450,46415,속옷 및 잠옷 도매업
1124756,0,디디박스라이더지원센터,61421,광주 동구 무등로306번길 35,49402,늘찬 배달업,43586,43586,1,1,계속,계속,4092084132,40920841320,49402,늘찬 배달업
1124840,0,엠이케어,61477,광주 동구 독립로226번길 21,46592,의료기기 도매업,43406,43406,4,4,계속,계속,4092132306,40921323060,46592,의료기기 도매업
1124850,0,오성GYM,61508,광주 동구 용산1로 4,85611,태권도 및 무술 교육기관,44348,44348,1,1,계속,계속,4092139158,40921391580,85611,태권도 및 무술 교육기관
1124869,0,COFFEESTART,61494,광주광역시 동구  의재로136번길 2-3,46329,기타 가공식품 도매업,41760,41760,2,2,계속,계속,4092148453,40921484530,46329,기타 가공식품 도매업
1124870,0,COFFEESTART,61494,광주 동구 의재로136번길 2-3,42412,"도배, 실내장식 및 내장 목공사업",45355,45355,1,1,일괄유기,일괄유기,4092148453,40921484536,42412,"도배, 실내장식 및 내장 목공사업"
1124891,0,디자인예작,61424,광주 동구 독립로 314-1,42412,"도배, 실내장식 및 내장 목공사업",42199,42199,7,7,일괄유기,일괄유기,4092157966,40921579666,42412,"도배, 실내장식 및 내장 목공사업"
1124918,0,JS디자인,61411,광주광역시 동구 필문대로153번길 22,42412,"도배, 실내장식 및 내장 목공사업",43435,43466,1,1,일괄유기,일괄유기,4092169569,40921695696,42412,"도배, 실내장식 및 내장 목공사업"
1124928,0,고기마트(남광주),61489,광주 동구 양림로 115-1,47212,육류 소매업,39555,39555,0,0,계속,계속,4092172666,40921726660,47212,육류 소매업
1124931,0,데낄라Z,61488,광주 동구 문화전당로35번길 20,56123,서양식 음식점업,41565,41565,3,3,계속,계속,4092174024,40921740240,56123,서양식 음식점업
1124953,0,김빌딩(김금자),61419,광주 동구 독립로 350,74100,사업시설 유지관리 서비스업,42769,42769,1,1,계속,계속,4092186874,40921868740,74100,사업시설 유지관리 서비스업
1124988,1,만수인테리어,61413,광주 동구 계림로 3-2,,,45915,,4,0,일괄유기,,4092212011,40922120116,,
1125035,0,커피한잔,61448,광주광역시 동구  지호로 32-4,56221,커피 전문점,41883,41883,1,1,계속,계속,4092234602,40922346020,56221,커피 전문점
1125045,0,타미타미,61465,광주광역시 동구 제봉로110번길 11,47912,전자상거래 소매업,43985,43985,3,3,계속,계속,4092237860,40922378600,47912,전자상거래 소매업
1125071,0,진흥종합유통,61513,광주광역시 동구  남계길 66-3,46324,낙농품 및 동식물성 유지 도매업,41821,41821,1,1,계속,계속,4092247596,40922475960,46324,낙농품 및 동식물성 유지 도매업
1125100,0,카복지매장,61400,광주 동구 독립로368번길 7,95212,자동차 전문 수리업,45271,45271,1,1,계속,계속,4092262506,40922625060,95212,자동차 전문 수리업
1125151,0,다큐디자인,61487,광주광역시 동구  백서로125번길 6,58113,일반 서적 출판업,40764,40764,3,3,계속,계속,4092276150,40922761500,58113,일반 서적 출판업
1125215,0,한골하우징,61419,광주 동구 중흥로 195,46699,그 외 기타 건축자재 도매업,42309,42309,1,1,계속,계속,4092308964,40923089640,46699,그 외 기타 건축자재 도매업
1125221,0,광주보드앤,61406,광주광역시 동구 필문대로 152,33920,사무 및 회화용품 제조업,42732,42732,1,1,계속,계속,4092310913,40923109130,33920,사무 및 회화용품 제조업
1125251,0,한강광고,61405,광주 동구 필문대로 120-1,33910,간판 및 광고물 제조업,42309,42309,2,2,계속,계속,4092317444,40923174440,33910,간판 및 광고물 제조업
1125274,0,교촌치킨（조선대점）,61448,광주광역시 동구 지산로21,56162,치킨 전문점,41982,41982,2,2,계속,계속,4092322592,40923225920,56162,치킨 전문점
1125329,0,뮤직앤리페어,61486,광주광역시 동구  제봉로 73,46462,악기 도매업,42952,42952,1,1,계속,계속,4092339415,40923394150,46462,악기 도매업
1125456,0,하이커머스(HICOMMERCE),61470,광주광역시 동구  제봉로213번길 10-5,62010,컴퓨터 프로그래밍 서비스업,41533,41533,1,1,계속,계속,4092385845,40923858450,62010,컴퓨터 프로그래밍 서비스업
1125526,0,현태녹화산업,61408,광주 동구 밤실로 147,41999,건설업본사,42917,42917,7,7,계속,계속,4092431837,40924318370,41999,건설업본사
1125531,0,제일매트인조잔디,61421,광주 동구 독립로 326,46699,그 외 기타 건축자재 도매업,44200,44200,2,2,계속,계속,4092432307,40924323070,46699,그 외 기타 건축자재 도매업
1125546,0,제이제이스냅,61470,광주 동구 독립로264번길 25,73301,인물사진 및 행사용 영상 촬영업,44562,44562,2,2,계속,계속,4092439542,40924395420,73301,인물사진 및 행사용 영상 촬영업
1125662,0,아트컴퍼니모이모,61434,광주 동구 동명로20번길 22-6,75992,"전시, 컨벤션 및 행사 대행업",42894,42894,2,2,계속,계속,4092482919,40924829190,75992,"전시, 컨벤션 및 행사 대행업"
1125663,0,Art Company Mo2Mo,61473,광주 동구 대인동 ,41226,조경 건설업,45630,45630,1,1,일괄유기,일괄유기,4092482919,40924829196,41226,조경 건설업
1125763,0,세일약국,61484,광주광역시 동구  중앙로 158,47811,의약품 및 의료용품 소매업,41964,41964,1,1,계속,계속,4092528232,40925282320,47811,의약품 및 의료용품 소매업
1125822,0,건축사사무소 더반,61498,광주광역시 동구  남문로634번길 1-30,72111,건축설계 및 관련 서비스업,42461,42461,4,4,계속,계속,4092541201,40925412010,72111,건축설계 및 관련 서비스업
1126204,0,남양철물,61419,광주 동구 독립로 342-1,47511,철물 및 난방용구 소매업,39873,39873,1,1,계속,계속,4093174095,40931740950,47511,철물 및 난방용구 소매업
1126207,0,일등건설중기,61489,광주 동구 양림로119번길 7,42600,건설장비 운영업,42887,42887,3,3,계속,계속,4093188357,40931883570,42600,건설장비 운영업
1126269,0,요하넥스(광주롯데백화점),61470,광주 동구 독립로 268,47412,여자용 겉옷 소매업,44593,44593,1,1,계속,계속,4093285681,40932856810,47412,여자용 겉옷 소매업
1126292,0,면쟁이카페,61437,광주 동구 필문대로191번길 9-1,56191,김밥 및 기타 간이 음식점업,45214,45214,1,1,계속,계속,4093299171,40932991710,56191,김밥 및 기타 간이 음식점업
1126473,1,동우금속,61405,광주 동구 참판로6번길 4,,,42136,,1,0,일괄유기,,4093920014,40939200146,,
1126487,0,송은규부동산임대,61409,광주 동구 산수동,74211,건축물 일반 청소업,42005,42005,1,1,계속,계속,4093969981,40939699810,74211,건축물 일반 청소업
1126506,0,남가정,61447,광주 동구 지호로 137-7,56111,한식 일반 음식점업,42125,42125,4,4,계속,계속,4093988028,40939880280,56111,한식 일반 음식점업
1126554,0,E-보석,61402,광주 동구 중앙로 358,47830,시계 및 귀금속 소매업,36892,36892,1,1,계속,계속,4094112574,40941125740,47830,시계 및 귀금속 소매업
1126556,0,현대볼링장,61463,광주광역시 동구 남문로686,91134,볼링장 운영업,41913,41913,2,2,계속,계속,4094117676,40941176760,91134,볼링장 운영업
1126558,0,빛고을열린약국,61407,광주 동구 갈마로 2,47811,의약품 및 의료용품 소매업,36708,36678,3,3,계속,계속,4094123810,40941238100,47811,의약품 및 의료용품 소매업
1126559,0,삼호정,61400,광주 동구 무등로307번길 7-1,56111,한식 일반 음식점업,42058,42058,1,0,계속,계속,4094123917,40941239170,56111,한식 일반 음식점업
1126560,0,튼튼한약국,61486,광주 동구 제봉로 57,47811,의약품 및 의료용품 소매업,45047,45047,1,1,계속,계속,4094124051,40941240510,47811,의약품 및 의료용품 소매업
1126563,0,나이스북,61511,광주 동구 칠전길 14,18122,제책업,36708,36069,3,3,계속,계속,4094126307,40941263070,18122,제책업
1126573,0,우정상사,61421,광주 동구 독립로 332,45301,모터사이클 및 부품 도매업,38930,38930,3,3,계속,계속,4094162244,40941622440,45301,모터사이클 및 부품 도매업
1126580,0,까미유알반,61483,광주 동구 충장로안길 16-1,96112,두발 미용업,42005,42005,1,1,계속,계속,4094171568,40941715680,96112,두발 미용업
1126598,0,디에쓰(DS)빌딩,61421,광주 동구 독립로 324,68112,비주거용 건물 임대업,36708,36069,8,8,계속,계속,4094198664,40941986640,68112,비주거용 건물 임대업
1126795,0,원약국,61433,광주 동구 필문대로 186,47811,의약품 및 의료용품 소매업,38078,38078,1,1,계속,계속,4094800698,40948006980,47811,의약품 및 의료용품 소매업
1126799,0,크라운유통,61423,광주 동구 중앙로 267-2,46319,기타 신선식품 및 단순 가공식품 도매업,42823,42823,1,1,계속,계속,4094803109,40948031090,46319,기타 신선식품 및 단순 가공식품 도매업
1126813,0,리얼 야구존(충장점),61488,광주 동구 백서로125번길 35,91139,그 외 기타 스포츠시설 운영업,42430,42430,1,1,계속,계속,4094860527,40948605270,91139,그 외 기타 스포츠시설 운영업
1126837,0,케이지모빌리티 광주중앙판매대리점,61448,광주 동구 필문대로 255,45110,자동차 신품 판매업,43467,43467,1,1,계속,계속,4094960903,40949609030,45110,자동차 신품 판매업
1127122,0,유니버설문화원,61402,광주 동구 무등로375번길 19-2,87299,그 외 기타 비거주 복지 서비스업,44958,44958,1,1,계속,계속,4098011477,40980114770,87299,그 외 기타 비거주 복지 서비스업
1127338,0,(주)대한저축은행,61472,광주광역시 동구 금남로 183,64131,신용조합,35977,34881,35,35,계속,계속,4098102688,40981026880,64131,신용조합
1127344,0,(주)해광샹그릴라,61478,광주 동구 독립로226번길 20,41999,건설업본사,32599,34881,1,1,계속,계속,4098103386,40981033860,41999,건설업본사
1127345,0,(주)해광샹그릴라,61478,광주 동구 독립로226번길 20,42132,콘크리트 및 철근 공사업,34700,37987,48,0,일괄유기,일괄유기,4098103386,40981033866,42132,콘크리트 및 철근 공사업
1127350,0,(주) 골든,61478,광주광역시 동구  천변우로 339,71519,기타 산업 회사 본부,30996,34881,1,1,계속,계속,4098104288,40981042880,71519,기타 산업 회사 본부
1127376,0,신광약품(주),61495,광주광역시 동구 소태길 77,46441,의약품 도매업,33420,35796,65,63,계속,계속,4098106665,40981066650,46441,의약품 도매업
1127386,0,(주)삼원전력,61475,광주 동구 금남로 227,42312,내부 전기배선 공사업,31048,37257,51,23,일괄유기,일괄유기,4098107742,40981077426,42312,내부 전기배선 공사업
1127398,0,(주)전남일보,61474,광주광역시 동구  제봉로 137,58121,신문 발행업,32387,34881,52,52,계속,계속,4098108703,40981087030,58121,신문 발행업
1127460,0,(주)삼화타이루,61421,광주 동구 독립로 332,47519,"페인트, 창호 및 기타 건설자재 소매업",36708,36069,1,1,계속,계속,4098115413,40981154130,47519,"페인트, 창호 및 기타 건설자재 소매업"
1127469,0,태화건설(주),61419,광주광역시 동구  무등로304번길 24,41999,건설업본사,36708,35855,3,3,계속,계속,4098115956,40981159560,41999,건설업본사
1127470,0,태화건설(주),61419,광주 동구 무등로304번길 24,42192,포장 공사업,38353,38353,1,1,일괄유기,일괄유기,4098115956,40981159566,42192,포장 공사업
1127502,0,(주)구일,61473,광주 동구 구성로194번길 11,71519,기타 산업 회사 본부,36708,35855,2,2,계속,계속,4098118803,40981188030,71519,기타 산업 회사 본부
1127503,0,(주)구일,61473,광주 동구 구성로194번길 11,42321,일반 통신 공사업,41596,41596,1,1,일괄유기,일괄유기,4098118803,40981188036,42321,일반 통신 공사업
1127505,0,(주)해광산업개발,61478,광주 동구 독립로226번길 20,41999,건설업본사,38018,38018,3,3,계속,계속,4098119286,40981192860,41999,건설업본사
1127508,0,(주)이 건 종합건축사사무소,61413,광주 동구 중앙로 306,72111,건축설계 및 관련 서비스업,34973,34881,116,117,계속,계속,4098119762,40981197620,72111,건축설계 및 관련 서비스업
1127532,1,(주)현대환경개발(경비용역),61420,광주 동구 중흥로 237,,,36892,,6,0,일괄계속,,4098121972,40981219726,,
1127642,0,기아자동차두암대리점(유),61405,광주 동구 필문대로 104,45110,자동차 신품 판매업,36892,36892,2,1,계속,계속,4098127641,40981276410,45110,자동차 신품 판매업
1127695,0,(주)광장건설,61477,광주광역시 동구 독립로226번길 21,41999,건설업본사,36708,36069,1,1,계속,계속,4098130864,40981308640,41999,건설업본사
1127696,0,(주)광장건설,61477,광주 동구 독립로226번길 21,42110,건물 및 구축물 해체 공사업,38502,38502,1,1,일괄유기,일괄유기,4098130864,40981308646,42110,건물 및 구축물 해체 공사업
1127712,0,(주)정우상사,61421,광주 동구 경양로 225,47519,"페인트, 창호 및 기타 건설자재 소매업",36708,36069,2,2,계속,계속,4098131392,40981313920,47519,"페인트, 창호 및 기타 건설자재 소매업"
1127725,0,(주)문화관광여행사,61473,광주광역시 동구 구성로194번길 25,75210,여행사업,36708,36069,2,2,계속,계속,4098132106,40981321060,75210,여행사업
1127749,1,건도기업(주),61421,광주 동구 독립로 324,,,37257,,3,0,일괄계속,,4098133217,40981332176,,
1127807,0,(주)대동건재타일,61400,광주 동구 독립로 386,46699,그 외 기타 건축자재 도매업,36708,36161,2,2,계속,계속,4098135118,40981351180,46699,그 외 기타 건축자재 도매업
1127808,0,(주)삼진개발,61419,광주 동구 중흥로213번길 6-32,41999,건설업본사,36708,36069,2,7,계속,계속,4098135122,40981351220,41999,건설업본사
1127809,0,(주)삼진개발,61419,광주 동구 중흥로213번길 6-32,42209,기타 건물 관련설비 설치 공사업,38469,38469,8,22,일괄유기,일괄유기,4098135122,40981351226,42209,기타 건물 관련설비 설치 공사업
1127820,0,(주)가자항공여행사,61433,광주 동구 필문대로 184-1,75210,여행사업,43783,43783,0,0,계속,계속,4098135573,40981355730,75210,여행사업
1127835,1,(주)헤파코리아,61417,광주광역시 동구 무등로 412,,,44911,,2,0,일괄유기,,4098136193,40981361936,,
1127843,0,(주)디자인한독,61493,광주 동구 증심사길30번길 28-7,41999,건설업본사,35462,35855,5,5,계속,계속,4098136418,40981364180,41999,건설업본사
1127844,0,(주)디자인한독,61493,광주 동구 증심사길30번길 28-7,42412,"도배, 실내장식 및 내장 목공사업",38353,38353,9,9,일괄유기,일괄유기,4098136418,40981364186,42412,"도배, 실내장식 및 내장 목공사업"
1127897,0,대양타일(주),61419,광주광역시 동구  독립로 350,47599,그 외 기타 분류 안된 가정용품 소매업,36892,36892,10,10,계속,계속,4098138833,40981388330,47599,그 외 기타 분류 안된 가정용품 소매업
1128030,0,(주)태건정공,61478,광주 동구 천변우로 339,46699,그 외 기타 건축자재 도매업,36708,36192,1,1,계속,계속,4098144183,40981441830,46699,그 외 기타 건축자재 도매업
1128042,0,(주)두암,61409,광주 동구 갈마로 46,68211,주거용 부동산 관리업,36708,36514,1,1,계속,계속,4098144688,40981446880,68211,주거용 부동산 관리업
1128117,0,(주)이지정보통신,61400,광주광역시 동구  독립로 366,75999,그 외 기타 분류 안된 사업지원 서비스업,36708,36069,4,4,계속,계속,4098147633,40981476330,75999,그 외 기타 분류 안된 사업지원 서비스업
1128118,0,(주)이지정보통신/건설일괄,61400,광주 동구 독립로 366,42321,일반 통신 공사업,38353,38353,3,0,일괄유기,일괄유기,4098147633,40981476336,42321,일반 통신 공사업
1128226,0,승주건설(주),61430,광주 동구 동계로15번길 4,41999,건설업본사,37904,37904,2,2,계속,계속,4098152005,40981520050,41999,건설업본사
1128227,0,승주건설(주),61430,광주 동구 동계로15번길 4,42411,도장 공사업,38603,38603,5,4,일괄유기,일괄유기,4098152005,40981520056,42411,도장 공사업
1128270,0,안산조경(주),61487,광주 동구 서석로 42,41999,건설업본사,36641,36641,26,38,계속,계속,4098153630,40981536300,41999,건설업본사
1128271,0,안산조경(주),61487,광주 동구 서석로 42,41226,조경 건설업,38721,38721,37,180,일괄유기,일괄유기,4098153630,40981536306,41226,조경 건설업
1128330,0,중흥건설산업(주),61493,광주 동구 의재로 221,41999,건설업본사,36708,36708,5,5,계속,계속,4098155206,40981552060,41999,건설업본사
1128338,0,(주)허드파마코리아 (Hud Pharma Korea),61459,광주광역시 동구 의재로 9,46441,의약품 도매업,36759,36759,7,7,계속,계속,4098155472,40981554720,46441,의약품 도매업
1128367,0,(유한)해인전력,61418,광주 동구 무등로 456,41999,건설업본사,37257,37257,1,2,계속,계속,4098156073,40981560730,41999,건설업본사
1128368,0,(유한)해인전력,61418,광주 동구 무등로 456,42311,일반전기 공사업,38357,38357,2,0,일괄유기,일괄유기,4098156073,40981560736,42311,일반전기 공사업
1128433,0,쌍용자동차광주중앙판매대리점(주),61400,광주 동구 독립로 366,45110,자동차 신품 판매업,37047,37047,1,1,계속,계속,4098158523,40981585230,45110,자동차 신품 판매업
1128466,0,(주)성진실업,61437,광주 동구 필문대로191번길 37-28,41999,건설업본사,37297,37297,4,4,계속,계속,4098159181,40981591810,41999,건설업본사
1128467,0,(주)성진실업,61437,광주 동구 필문대로191번길 37-28,42411,도장 공사업,38353,38353,2,2,일괄유기,일괄유기,4098159181,40981591816,42411,도장 공사업
1128540,0,화일산업(주),61457,광주 동구 남문로 732,41999,건설업본사,37113,37113,3,3,계속,계속,4098161222,40981612220,41999,건설업본사
1128541,0,화일산업(주),61457,광주 동구 남문로 732,42411,도장 공사업,38353,38353,3,3,일괄유기,일괄유기,4098161222,40981612226,42411,도장 공사업
1128769,0,(주)엔씨애드,61488,광주광역시 동구  천변우로 453,71310,광고 대행업,38174,38174,1,1,계속,계속,4098169656,40981696560,71310,광고 대행업
1128793,0,(주)유성철물금속,61400,광주광역시 동구  서암대로 308-5,47511,철물 및 난방용구 소매업,37622,37622,1,1,계속,계속,4098170551,40981705510,47511,철물 및 난방용구 소매업
1128840,1,(주)케이디,61421,광주 동구 독립로 324,,,39448,,17,0,일괄계속,,4098172700,40981727006,,
1128859,0,(주)보광전기,61405,광주광역시 동구  참판로6번길 17,41999,건설업본사,37674,37674,2,2,계속,계속,4098173408,40981734080,41999,건설업본사
1128860,0,(주)보광전기,61405,광주 동구 참판로6번길 17,42311,일반전기 공사업,38353,38353,1,1,일괄유기,일괄유기,4098173408,40981734086,42311,일반전기 공사업
1128893,0,한국지적정보주식회사,61419,광주광역시 동구 독립로 352,72921,측량업,37622,37622,9,9,계속,계속,4098174557,40981745570,72921,측량업
1129049,0,(주)해광건설,61478,광주 동구 독립로226번길 20,41999,건설업본사,38071,38071,6,11,계속,계속,4098179469,40981794690,41999,건설업본사
1129050,0,(주)해광건설,61478,광주 동구 독립로226번길 20,41229,기타 토목시설물 건설업,38353,38353,44,38,일괄유기,일괄유기,4098179469,40981794696,41229,기타 토목시설물 건설업
1129177,0,(주)유스트로,61421,광주 동구 독립로 324,66202,보험 대리 및 중개업,39326,39326,1,1,계속,계속,4098183304,40981833040,66202,보험 대리 및 중개업
1129203,0,주식회사 신영,61510,광주 동구 화산로238번길 34-6,47812,의료용 기구 소매업,38353,38353,6,6,계속,계속,4098184074,40981840740,47812,의료용 기구 소매업
1129238,0,(주)대연소방,61402,광주광역시 동구 중앙로 358,41999,건설업본사,38488,38488,1,1,계속,계속,4098184813,40981848130,41999,건설업본사
1129239,0,(주)대연소방,61402,광주 동구 중앙로 358,42199,기타 옥외 시설물 축조 관련 전문공사업,38496,38496,4,4,일괄유기,일괄유기,4098184813,40981848136,42199,기타 옥외 시설물 축조 관련 전문공사업
1129278,0,（주）보금자리,61438,광주광역시 동구  밤실로 82,68119,기타 부동산 임대업,38749,38749,1,1,계속,계속,4098185660,40981856600,68119,기타 부동산 임대업
1129417,0,(주)플러스팜,61421,광주 동구 독립로 338,47811,의약품 및 의료용품 소매업,38750,38750,2,2,계속,계속,4098189496,40981894960,47811,의약품 및 의료용품 소매업
1129463,0,(주)쓰리에스파마,61400,광주 동구 독립로368번길 15,46441,의약품 도매업,38947,38947,7,7,계속,계속,4098190751,40981907510,46441,의약품 도매업
1129628,0,(주)유진이엔지,61460,광주광역시 동구  의재로 59,41999,건설업본사,39295,39295,1,1,계속,계속,4098194849,40981948490,41999,건설업본사
1129629,0,(주)유진이엔지,61460,광주 동구 의재로 59,42321,일반 통신 공사업,40689,40689,1,0,일괄유기,일괄유기,4098194849,40981948496,42321,일반 통신 공사업
1129797,0,(주)나눔정보,61419,광주 동구 독립로 342,62090,기타 정보기술 및 컴퓨터운영 관련 서비스업,39417,39417,1,1,계속,계속,4098199408,40981994080,62090,기타 정보기술 및 컴퓨터운영 관련 서비스업
1129806,0,(주)광명오소컴,61419,광주 동구 독립로 352,46593,정밀기기 및 과학기기 도매업,39449,39449,7,7,계속,계속,4098199558,40981995580,46593,정밀기기 및 과학기기 도매업
1129824,0,(주)유니처,61481,광주 동구 금남로 180,42202,건물용 기계장비 설치 공사업,45090,45090,1,0,일괄유기,일괄유기,4098199941,40981999416,42202,건물용 기계장비 설치 공사업
1129930,0,제일새마을금고,61405,광주광역시 동구  참판로 30,64131,신용조합,35977,35855,13,13,계속,계속,4098204548,40982045480,64131,신용조합
1129932,0,광주전남제주기계공업협동조합,61476,광주광역시 동구  금남로 156,94990,그 외 기타 협회 및 단체,36708,36069,1,1,계속,계속,4098204683,40982046830,94990,그 외 기타 협회 및 단체
1129977,0,(재단법인)한국능력개발원,61401,광주 동구 무등로 339,85650,직원훈련기관,35065,35796,34,34,계속,계속,4098207088,40982070880,85650,직원훈련기관
1129993,0,(사회복지법인)기독복지회,61401,광주광역시 동구  무등로 329,87299,그 외 기타 비거주 복지 서비스업,35065,35796,1,1,계속,계속,4098208049,40982080490,87299,그 외 기타 비거주 복지 서비스업
1130022,0,광주동구재향군인회,61406,광주광역시 동구  필문대로 142-1,94990,그 외 기타 협회 및 단체,40581,40581,2,2,계속,계속,4098209131,40982091310,94990,그 외 기타 협회 및 단체
1130049,0,(사)광주시민환경연구소,61401,광주 동구 중앙로 349-8,94990,그 외 기타 협회 및 단체,45139,45139,5,5,계속,계속,4098210415,40982104150,94990,그 외 기타 협회 및 단체
1130066,0,(재단법인)광주희망평생교육원,61472,광주광역시 동구 구성로 188,85211,중학교,36708,36591,1,1,계속,계속,4098211355,40982113550,85211,중학교
1130082,0,광주새생명보건센터,61419,광주 동구 중흥로 197,87299,그 외 기타 비거주 복지 서비스업,38169,38169,5,5,계속,계속,4098212048,40982120480,87299,그 외 기타 비거주 복지 서비스업
1130095,0,푸른길,61429,광주광역시 동구  중앙로 254,75999,그 외 기타 분류 안된 사업지원 서비스업,41334,41334,2,2,계속,계속,4098212539,40982125390,75999,그 외 기타 분류 안된 사업지원 서비스업
1130130,0,사단법인 한국평생교육연합회,61474,광주 동구 서석로 89,94990,그 외 기타 협회 및 단체,41078,41078,4,4,계속,계속,4098213858,40982138580,94990,그 외 기타 협회 및 단체
1130135,0,(사단법인)장기기증재단,61475,광주 동구 중앙로196번길 5,75999,그 외 기타 분류 안된 사업지원 서비스업,39203,39203,1,1,계속,계속,4098214032,40982140320,75999,그 외 기타 분류 안된 사업지원 서비스업
1130140,0,(사)광주국학원,61462,광주광역시 동구  증심천로 53,85632,기타 교습학원,41704,41704,1,1,계속,계속,4098214269,40982142690,85632,기타 교습학원
1130159,0,사단법인한국예술진흥회(아우비숲 평생교육원),61420,광주 동구 중흥로 239,85640,사회교육시설,39990,39990,2,2,계속,계속,4098215050,40982150500,85640,사회교육시설
1130171,0,사단법인심리건강연구소,61457,광주광역시 동구  남문로 734,70209,기타 인문 및 사회과학 연구개발업,40256,40256,2,2,계속,계속,4098215730,40982157300,70209,기타 인문 및 사회과학 연구개발업
1130438,0,놀이패신명,61487,광주광역시 동구  문화전당로 29-1,90121,연극단체,41386,41386,2,2,계속,계속,4098274651,40982746510,90121,연극단체
1130454,0,다원예술,61415,광주 동구 계림로 16-1,90199,그 외 기타 창작 및 예술관련 서비스업,45047,45047,3,3,계속,계속,4098276794,40982767940,90199,그 외 기타 창작 및 예술관련 서비스업
1130460,0,한국소극장협회광주지회,61474,광주 동구 예술길  23-1,94990,그 외 기타 협회 및 단체,45505,45505,1,1,계속,계속,4098277788,40982777880,94990,그 외 기타 협회 및 단체
1130537,0,동구별빛정원어린이집,61413,광주 동구 중앙로290번길 16,87210,보육시설 운영업,44409,44409,14,14,계속,계속,4098286462,40982864620,87210,보육시설 운영업
1130767,0,양지노무법인광주지사,61419,광주 동구 독립로 352,71109,기타 법무관련 서비스업,40544,40544,0,0,계속,계속,4098512582,40985125820,71109,기타 법무관련 서비스업
1130975,0,에스유종합건설(주),61496,광주광역시 동구  학소로76번길 11,41999,건설업본사,39569,39569,2,3,계속,계속,4098601762,40986017620,41999,건설업본사
1130976,0,에스유종합건설(주),61496,광주 동구 학소로76번길 11,42491,"미장, 타일 및 방수 공사업",40079,40079,5,4,일괄유기,일괄유기,4098601762,40986017626,42491,"미장, 타일 및 방수 공사업"
1130978,0,주식회사세기H．K．A,61419,광주 동구  독립로 358,25992,수동식 식품 가공기기 및 금속 주방용기 제조업,39569,39569,5,5,계속,계속,4098601821,40986018210,25992,수동식 식품 가공기기 및 금속 주방용기 제조업
1131363,0,아이리스어패럴(주),61473,광주 동구 구성로204번길 21,14192,"근무복, 작업복 및 유사의복 제조업",40185,40185,2,2,계속,계속,4098612013,40986120130,14192,"근무복, 작업복 및 유사의복 제조업"
1131440,0,(주)뉴퍼스트,61421,광주광역시 동구  경양로 233,66202,보험 대리 및 중개업,40299,40299,0,0,계속,계속,4098613614,40986136140,66202,보험 대리 및 중개업
1131487,0,（주）디자인준,61405,광주광역시 동구 참판로 6,41999,건설업본사,40336,40336,1,0,계속,계속,4098614461,40986144610,41999,건설업본사
1131488,0,(주)디자인 준,61405,광주 동구 참판로  6,42412,"도배, 실내장식 및 내장 목공사업",40355,40355,1,1,일괄유기,일괄유기,4098614461,40986144616,42412,"도배, 실내장식 및 내장 목공사업"
1131531,0,(주)아이에스피건축사사무소,61430,광주광역시 동구  동명로 19-16,72121,건물 및 토목 엔지니어링 서비스업,40382,40382,44,41,계속,계속,4098615529,40986155290,72121,건물 및 토목 엔지니어링 서비스업
1131597,0,(주)대광전력,61406,광주 동구 무등로449번길 22,41999,건설업본사,40507,40507,1,3,계속,계속,4098617376,40986173760,41999,건설업본사
1131598,0,(주)대광전력,61406,광주 동구 무등로449번길 22,42311,일반전기 공사업,40554,40554,6,5,일괄유기,일괄유기,4098617376,40986173766,42311,일반전기 공사업
1131716,0,주식회사디자인맑음,61436,광주 동구 동계천로 150,71392,"광고물 문안, 도안, 설계 등 작성업",40787,40787,7,7,계속,계속,4098619786,40986197860,71392,"광고물 문안, 도안, 설계 등 작성업"
1132087,0,비전건설（주）,61426,광주광역시 동구  제봉로 226,41999,건설업본사,41051,41051,5,6,계속,계속,4098628586,40986285860,41999,건설업본사
1132088,0,비전건설(주)/건설일괄,61426,광주 동구 제봉로 226,42129,기타 기반조성 관련 전문공사업,41184,41184,4,3,일괄유기,일괄유기,4098628586,40986285866,42129,기타 기반조성 관련 전문공사업
1132375,0,주식회사더존이앤씨,61508,광주광역시 동구 용산1로 4,68129,기타 부동산 개발 및 공급업,41456,41456,4,5,계속,계속,4098635239,40986352390,68129,기타 부동산 개발 및 공급업
1132536,0,(유)뉴랜드뱅크항공,61473,광주광역시 동구  구성로194번길 15-15,75210,여행사업,41821,41821,2,2,계속,계속,4098639216,40986392160,75210,여행사업
1132686,0,유한회사에스엘시디,61508,광주 동구 용산1길  2,46109,상품종합 중개업,42736,42736,1,1,계속,계속,4098643326,40986433260,46109,상품종합 중개업
1132713,0,（주）용수이앤씨,61508,광주광역시 동구 용산1로 4,68122,비주거용 건물 개발 및 공급업,42401,42401,3,3,계속,계속,4098643933,40986439330,68122,비주거용 건물 개발 및 공급업
1132729,0,（주）조은플러스,61508,광주광역시 동구 용산1로 4,68112,비주거용 건물 임대업,43178,43178,1,1,계속,계속,4098644271,40986442710,68112,비주거용 건물 임대업
1132745,0,125활인건강주식회사,61473,광주광역시 동구  제봉로 199,46107,그 외 기타 특정 상품 중개업,41775,41775,2,2,계속,계속,4098644591,40986445910,46107,그 외 기타 특정 상품 중개업
1132774,0,농업법인(주)강성산업개발,61488,광주광역시 동구 서남동 (불로동),71519,기타 산업 회사 본부,43126,43126,2,2,계속,계속,4098645101,40986451010,71519,기타 산업 회사 본부
1132790,0,(유)지케이로지스,61496,광주광역시 동구  의재로 88,52941,항공 및 육상 화물 취급업,43647,43647,0,0,계속,계속,4098645358,40986453580,52941,항공 및 육상 화물 취급업
1132825,0,광주디자인협동조합,61487,광주광역시 동구  문화전당로 19-1,73202,제품 디자인업,42321,42321,3,3,계속,계속,4098646212,40986462120,73202,제품 디자인업
1132839,0,주식회사동명산업개발,61406,광주광역시 동구  필문대로 136,68112,비주거용 건물 임대업,42005,42005,1,1,계속,계속,4098646584,40986465840,68112,비주거용 건물 임대업
1132864,0,주식회사케이티탑,61423,광주광역시 동구  중앙로 269,74100,사업시설 유지관리 서비스업,41883,41883,56,56,일괄계속,계속,4098647206,40986472060,74100,사업시설 유지관리 서비스업
1132887,0,주식회사에스케이유,61400,"광주광역시 동구 독립로 366,",47312,통신기기 소매업,41883,41883,1,1,계속,계속,4098647924,40986479240,47312,통신기기 소매업
1132950,0,(주)나무와달,61488,광주광역시 동구 백서로125번길 15,71392,"광고물 문안, 도안, 설계 등 작성업",41913,41913,5,5,계속,계속,4098649387,40986493870,71392,"광고물 문안, 도안, 설계 등 작성업"
1132951,0,(주)나무와달,61488,광주 동구 백서로125번길  15,42209,기타 건물 관련설비 설치 공사업,43837,44924,1,1,일괄유기,일괄유기,4098649387,40986493876,42209,기타 건물 관련설비 설치 공사업
1133099,0,(주)조은사람,61508,광주광역시 동구 용산1로 4,68121,주거용 건물 개발 및 공급업,42796,42796,0,0,계속,계속,4098652903,40986529030,68121,주거용 건물 개발 및 공급업
1133490,0,예술공장협동조합,61487,광주 동구 문화전당로23번길 7,47841,예술품 및 골동품 소매업,44317,44317,1,1,계속,계속,4098801257,40988012570,47841,예술품 및 골동품 소매업
1133619,0,일호상사,61489,광주 동구 양림로 109,46315,"신선, 냉동 및 기타 수산물 도매업",42461,42461,1,1,계속,계속,4099001487,40990014870,46315,"신선, 냉동 및 기타 수산물 도매업"
1133738,0,대중병원,61473,광주광역시 동구  제봉로 187,86102,일반 병원,36356,36356,133,136,계속,계속,4099053025,40990530250,86102,일반 병원
1133756,0,두암동강한의원,61409,광주 동구 갈마로 48,86104,한방 병원,37523,37523,1,1,계속,계속,4099065555,40990655550,86104,한방 병원
1133787,0,한국시민기자협회뉴스포털1,61453,광주 동구 조선이공대길 11,58121,신문 발행업,42644,42644,0,0,계속,계속,4099080478,40990804780,58121,신문 발행업
1133790,0,파우조형환경연구소,61429,광주광역시 동구  동계천로 85,75999,그 외 기타 분류 안된 사업지원 서비스업,38869,38869,1,1,계속,계속,4099082646,40990826460,75999,그 외 기타 분류 안된 사업지원 서비스업
1133795,0,준이비인후과,61409,광주 동구 갈마로 46,86201,일반 의원,36708,36800,2,2,계속,계속,4099083719,40990837190,86201,일반 의원
1133825,0,엠팍실용음악학원,61404,광주 동구 필문대로 48,85621,음악학원,45498,45498,4,2,계속,계속,4099092275,40990922750,85621,음악학원
1133887,0,SIYON미디어,61474,광주 동구 예술길 27,59113,광고 영화 및 비디오물 제작업,44218,44218,2,2,계속,계속,4099127484,40991274840,59113,광고 영화 및 비디오물 제작업
1133899,0,덴테크,61436,광주 동구 동계천로 150,27191,치과용 기기 제조업,39264,39264,2,2,계속,계속,4099129013,40991290130,27191,치과용 기기 제조업
1133952,0,덴쳐스치과기공소,61400,광주광역시 동구  독립로 372,27192,치과기공물 제조업,40909,40909,1,1,계속,계속,4099149339,40991493390,27192,치과기공물 제조업
1133958,0,see（씨）수학전문학원,61409,광주광역시 동구 산수1동(산수동),85501,일반 교과 학원,41376,41376,1,1,계속,계속,4099151892,40991518920,85501,일반 교과 학원
1134016,0,강한수학전문학원,61409,광주광역시 동구  갈마로 58,85501,일반 교과 학원,41275,41275,1,1,계속,계속,4099165547,40991655470,85501,일반 교과 학원
1134021,0,한마음축산,61402,광주광역시 동구 필문대로4,47212,육류 소매업,41775,41775,1,1,계속,계속,4099166473,40991664730,47212,육류 소매업
1134025,0,강남요양병원,61500,광주광역시 동구  남문로 622,86105,요양 병원,41299,41299,146,141,계속,계속,4099168433,40991684330,86105,요양 병원
1134044,0,박철영,61440,광주 동구 지산로85번길 16-13,68211,주거용 부동산 관리업,44382,44382,1,1,계속,계속,4099173692,40991736920,68211,주거용 부동산 관리업
1134076,0,신치과기공소,61436,광주광역시 동구  동계천로 150,27192,치과기공물 제조업,42009,42009,1,1,계속,계속,4099181101,40991811010,27192,치과기공물 제조업
1134241,0,최치과의원,61401,광주광역시 동구  서암대로 328,86103,치과 병원,36708,36069,1,1,계속,계속,4099601475,40996014750,86103,치과 병원
1134243,0,고인문한의원,61470,광주광역시 동구  제봉로 221-11,86203,한의원,36708,36069,1,1,계속,계속,4099601698,40996016980,86203,한의원
1134265,0,오내과,61409,광주광역시 동구  갈마로 50,86201,일반 의원,36708,36069,3,3,계속,계속,4099606897,40996068970,86201,일반 의원
1134281,0,동아치과의원,61503,광주 동구 남문로 558,86103,치과 병원,42006,42006,1,1,계속,계속,4099607784,40996077840,86103,치과 병원
1134287,0,하나치과의원,61407,광주광역시 동구  갈마로 6,86103,치과 병원,36708,36069,2,2,계속,계속,4099607988,40996079880,86103,치과 병원
1134295,0,이민오외과,61401,광주 동구 서암대로 328,86201,일반 의원,36708,36069,3,3,계속,계속,4099610348,40996103480,86201,일반 의원
1134322,0,시온의원,61405,광주 동구 필문대로 98,86201,일반 의원,36708,36069,3,3,계속,계속,4099612026,40996120260,86201,일반 의원
1134339,0,광주치과의원,61487,광주광역시 동구  문화전당로 21,86202,치과 의원,36708,36069,6,6,계속,계속,4099612967,40996129670,86202,치과 의원
1134392,0,올바른의원,61406,광주 동구 필문대로 124,86201,일반 의원,44757,44757,17,17,계속,계속,4099923295,40999232950,86201,일반 의원
1134480,0,우리약국,61489,광주 동구 제봉로 37,47811,의약품 및 의료용품 소매업,36892,36892,1,1,계속,계속,4100186804,41001868040,47811,의약품 및 의료용품 소매업
1134484,0,커피타다,61447,광주 동구 지호로 125,56229,기타 비알코올 음료점업,41792,41792,1,1,계속,계속,4100188817,41001888170,56229,기타 비알코올 음료점업
1134499,1,한진공업사,61502,광주 동구 지원로6번길 19,,,41242,,1,0,일괄유기,,4100233487,41002334876,,
1134521,1,제일기업,61512,광주광역시 동구 남문로 278,,,45737,,1,0,일괄유기,,4100265183,41002651836,,
1134539,0,평화식당,61484,광주 동구 서석로7번길 6-27,56111,한식 일반 음식점업,38597,38597,9,9,계속,계속,4100288056,41002880560,56111,한식 일반 음식점업
1134602,0,광주음향기획,61418,광주광역시 동구 경양로379번길 20,75992,"전시, 컨벤션 및 행사 대행업",45627,45627,1,1,계속,계속,4100340194,41003401940,75992,"전시, 컨벤션 및 행사 대행업"
1134613,0,두레마트,61417,광주 동구 무등로 416,47121,슈퍼마켓,43409,43409,1,1,계속,계속,4100345786,41003457860,47121,슈퍼마켓
1134627,0,혜진빌딩,61444,광주 동구 준법로 4,68212,비주거용 부동산 관리업,41138,41138,1,1,계속,계속,4100352725,41003527250,68212,비주거용 부동산 관리업
1134837,0,씽씽모터샵,61505,광주 동구 남문로 536,45301,모터사이클 및 부품 도매업,43481,43481,1,1,계속,계속,4100499372,41004993720,45301,모터사이클 및 부품 도매업
1134853,0,프린트팩토리,61487,광주 동구 문화전당로23번길 7,18129,기타 인쇄관련 산업,40848,40848,1,1,계속,계속,4100522448,41005224480,18129,기타 인쇄관련 산업
1134885,0,상고당,61476,광주광역시 동구  금남로 162-10,46452,"문구용품, 회화용품, 사무용품 도매업",36708,36526,1,1,계속,계속,4100538009,41005380090,46452,"문구용품, 회화용품, 사무용품 도매업"
1134920,1,오렌지,61419,광주 동구 독립로 344,,,42201,,3,0,일괄유기,,4100557947,41005579476,,
1134990,0,관심이레공인중개사사무소,61424,광주 동구 경양로  234,68221,부동산 중개 및 대리업,43617,43617,1,1,계속,계속,4100622218,41006222180,68221,부동산 중개 및 대리업
1135021,0,리볼트,61478,광주 동구 독립로226번길 24,33110,귀금속 및 관련제품 제조업,37343,37343,1,1,계속,계속,4100640986,41006409860,33110,귀금속 및 관련제품 제조업
1135100,0,반도문화사,61487,광주광역시 동구  문화전당로23번길 5-16,18111,경 인쇄업,32509,35855,1,1,계속,계속,4100692830,41006928300,18111,경 인쇄업
1135126,0,아이디정보,61471,광주광역시 동구  독립로264번길 2-2,47311,"컴퓨터 및 주변장치, 소프트웨어 소매업",41855,41855,1,1,계속,계속,4100756919,41007569190,47311,"컴퓨터 및 주변장치, 소프트웨어 소매업"
1135287,0,부산어묵오양유통,61404,광주 동구 무등로375번길 26-8,46329,기타 가공식품 도매업,43215,43215,1,1,계속,계속,4100889265,41008892650,46329,기타 가공식품 도매업
1135301,0,원종합상사,61400,광주광역시 동구 독립로368,46621,배관 및 냉ㆍ난방장치 도매업,41228,41228,1,1,계속,계속,4100930359,41009303590,46621,배관 및 냉ㆍ난방장치 도매업
1135326,0,중산건기,61434,광주 동구 동명로20번길 17,42600,건설장비 운영업,37803,37803,1,1,계속,계속,4100967292,41009672920,42600,건설장비 운영업
1135446,0,크로바정보,61439,광주 동구 필문대로191번길 42-1,46452,"문구용품, 회화용품, 사무용품 도매업",43525,43525,1,1,계속,계속,4101245089,41012450890,46452,"문구용품, 회화용품, 사무용품 도매업"
1135464,0,삼호의료기,61487,광주 동구 문화전당로 3-1,46593,정밀기기 및 과학기기 도매업,42887,42887,1,1,계속,계속,4101265426,41012654260,46593,정밀기기 및 과학기기 도매업
1135478,1,알마니,61402,광주 동구 중앙로 358,,,42816,,0,0,일괄계속,,4101286912,41012869126,,
1135492,0,광주평화약국,61468,광주 동구 제봉로 64,47811,의약품 및 의료용품 소매업,38534,38534,1,1,계속,계속,4101348986,41013489860,47811,의약품 및 의료용품 소매업
1135502,0,파리바게트조대병원점,61453,광주 동구 필문대로 365,47221,"빵류, 과자류 및 당류 소매업",40336,40336,4,4,계속,계속,4101364517,41013645170,47221,"빵류, 과자류 및 당류 소매업"
1135515,0,한복나래,61484,광주 동구 서석로 5,47415,한복 소매업,44743,44743,6,6,계속,계속,4101372773,41013727730,47415,한복 소매업
1135520,0,세무공감,61480,광주광역시 동구 구성로 156,71202,세무사업,37622,37622,6,6,계속,계속,4101375348,41013753480,71202,세무사업
1135617,0,교대헤어매직,61404,광주 동구 무등로375번길 24,96112,두발 미용업,43035,43035,1,1,계속,계속,4101445313,41014453130,96112,두발 미용업
1135762,0,일등건설중기(현대크레인),61489,광주 동구 양림로119번길 7,42600,건설장비 운영업,44013,44013,2,2,계속,계속,4101528626,41015286260,42600,건설장비 운영업
1135830,0,공영시스템,61423,광주광역시 동구  경양로277번길 3,46799,그 외 기타 상품 전문 도매업,42125,42125,1,1,계속,계속,4101569383,41015693830,46799,그 외 기타 상품 전문 도매업
1135854,0,에스엠마트<운림점>,61494,광주 동구 의재로 138,47121,슈퍼마켓,41760,41760,5,5,계속,계속,4101578368,41015783680,47121,슈퍼마켓
1135941,0,행복미디어,61483,광주 동구 충장로안길  14,62010,컴퓨터 프로그래밍 서비스업,41422,41422,1,1,계속,계속,4101646714,41016467140,62010,컴퓨터 프로그래밍 서비스업
1135994,0,엠에스시스템,61487,광주 동구 문화전당로23번길 8-2,47311,"컴퓨터 및 주변장치, 소프트웨어 소매업",43626,43626,1,1,계속,계속,4101684848,41016848480,47311,"컴퓨터 및 주변장치, 소프트웨어 소매업"
1136050,0,봉광기업,61419,광주광역시 동구 중흥로213번길 12-9,42412,"도배, 실내장식 및 내장 목공사업",43330,43330,1,1,일괄유기,일괄유기,4101754865,41017548656,42412,"도배, 실내장식 및 내장 목공사업"
1136057,0,베스킨라빈스학동점,61463,광주 동구 남문로 664,56150,제과점업,41791,41791,7,7,계속,계속,4101759287,41017592870,56150,제과점업
1136071,0,광덕종합유통,61428,광주 동구 동계천로 63,47190,그 외 기타 종합 소매업,39933,39933,3,3,계속,계속,4101766702,41017667020,47190,그 외 기타 종합 소매업
1136159,0,호반탑 공인중개사사무소,61421,광주광역시 동구  경양로235번길 1,68221,부동산 중개 및 대리업,41192,41192,1,1,계속,계속,4101928279,41019282790,68221,부동산 중개 및 대리업
1136276,0,아모레미림특약점,61407,광주 동구 필문대로 147,47813,"화장품, 비누 및 방향제 소매업",39995,39995,12,2,계속,계속,4101980464,41019804640,47813,"화장품, 비누 및 방향제 소매업"
1136449,0,개별화물,61433,광주광역시 동구  필문대로206번길 10-2,49301,일반 화물자동차 운송업,42095,42095,0,0,계속,계속,4102099635,41020996350,49301,일반 화물자동차 운송업
1136526,0,대한전기안전관리,61501,광주광역시 동구  학소로76번길 14,72122,환경 관련 엔지니어링 서비스업,36708,36069,2,2,계속,계속,4102183407,41021834070,72122,환경 관련 엔지니어링 서비스업
1136529,0,대신인테리어,61406,광주 동구 무등로449번길 22-5,42110,건물 및 구축물 해체 공사업,45784,45784,1,1,일괄유기,일괄유기,4102184084,41021840846,42110,건물 및 구축물 해체 공사업
1136543,0,동명사랑채,61430,광주광역시 동구 동계로9번길2,56111,한식 일반 음식점업,42005,42005,3,3,계속,계속,4102194559,41021945590,56111,한식 일반 음식점업
1136692,0,리치감정평가사사무소,61468,광주 동구 백서로 177,68223,부동산 감정평가업,39295,39295,1,1,계속,계속,4102332858,41023328580,68223,부동산 감정평가업
1136705,0,일등건설중기,61489,광주광역시 동구 양림로119번길7,42600,건설장비 운영업,41913,41913,3,3,계속,계속,4102340421,41023404210,42600,건설장비 운영업
1136779,0,광남디자인,61488,광주 동구 문화전당로23번길 28,58113,일반 서적 출판업,40651,40651,1,1,계속,계속,4102376690,41023766900,58113,일반 서적 출판업
1137033,0,강남옥과한우촌,61453,광주광역시 동구 필문대로365,56221,커피 전문점,41514,41514,6,6,계속,계속,4102553600,41025536000,56221,커피 전문점
1137124,0,디자인함께,61482,광주 동구 금남로  236,73201,인테리어 디자인업,42472,42472,1,1,계속,계속,4102596235,41025962350,73201,인테리어 디자인업
1137163,0,코리아 컨설트(KOREA CONSULT),61479,광주광역시 동구 천변우로 351,71531,경영 컨설팅업,41821,41821,1,1,계속,계속,4102642191,41026421910,71531,경영 컨설팅업
1137251,0,For美(포미),61483,광주 동구 충장로안길 6,46443,화장품 및 화장용품 도매업,42006,42006,1,1,계속,계속,4102678307,41026783070,46443,화장품 및 화장용품 도매업
1137560,0,로뎀약국,61468,광주광역시 동구  백서로 145-1,47811,의약품 및 의료용품 소매업,40756,40756,8,9,계속,계속,4102822340,41028223400,47811,의약품 및 의료용품 소매업
1137578,0,현테크,61433,광주 동구 경양로 360-1,28123,배전반 및 전기 자동제어반 제조업,42309,42309,3,3,계속,계속,4102825954,41028259540,28123,배전반 및 전기 자동제어반 제조업
1137579,1,현테크,61433,광주 동구경양로 360-1,,,45385,,1,0,일괄유기,,4102825954,41028259546,,
1137828,0,학동프라자(본점),61463,광주 동구 남문로 684,47312,통신기기 소매업,41583,41583,1,1,계속,계속,4102943298,41029432980,47312,통신기기 소매업
1138025,0,이십일디에프(21DF),61421,광주 동구 무등로306번길 30-1,47312,통신기기 소매업,41255,41255,0,0,계속,계속,4102999851,41029998510,47312,통신기기 소매업
1138058,0,DNA디자인,61432,광주 동구 동명로67번길 21,73203,시각 디자인업,42186,42186,4,4,계속,계속,4103007492,41030074920,73203,시각 디자인업
1138136,0,더주얼,61472,광주광역시 동구 중앙로193,47830,시계 및 귀금속 소매업,41641,41641,1,1,계속,계속,4103023420,41030234200,47830,시계 및 귀금속 소매업
1138160,0,인디고뱅크NC점,61480,광주 동구 중앙로 163,47412,여자용 겉옷 소매업,44929,44929,1,1,계속,계속,4103029119,41030291190,47412,여자용 겉옷 소매업
1138227,0,에이블파트너스,61489,광주 동구 백서로 128-1,71392,"광고물 문안, 도안, 설계 등 작성업",41445,41445,1,1,계속,계속,4103051381,41030513810,71392,"광고물 문안, 도안, 설계 등 작성업"
1138228,0,건축사사무소에코,61430,광주광역시 동구 동명로 19-16,72111,건축설계 및 관련 서비스업,45170,45170,2,2,계속,계속,4103051417,41030514170,72111,건축설계 및 관련 서비스업
1138389,0,김밥나라 구시청점,61487,광주광역시 동구 문화전당로35번길18,56191,김밥 및 기타 간이 음식점업,41744,41744,1,1,계속,계속,4103103396,41031033960,56191,김밥 및 기타 간이 음식점업
1138502,0,광장약국,61454,광주 동구 남문로744번길 21,47811,의약품 및 의료용품 소매업,41671,41671,1,1,계속,계속,4103140159,41031401590,47811,의약품 및 의료용품 소매업
1138598,0,리바랩,61436,광주광역시 동구  동계천로 150,72922,제도업,41852,41852,6,6,계속,계속,4103157664,41031576640,72922,제도업
1138724,0,토라네코(신창),61436,광주 동구 장동로 23-33,56150,제과점업,42430,42430,1,1,계속,계속,4103191890,41031918900,56150,제과점업
1138802,0,빈드럭스,61447,광주 동구 지호로124번길 32,56221,커피 전문점,42177,42177,3,3,계속,계속,4103214978,41032149780,56221,커피 전문점
1138834,0,만계치킨조대점(본점),61449,광주 동구 필문대로287번길 23-11,56162,치킨 전문점,42736,42736,2,2,계속,계속,4103222390,41032223900,56162,치킨 전문점
1138935,0,마노애드,61434,광주광역시 동구  동명로14번길 11-5,71310,광고 대행업,42156,42156,1,1,계속,계속,4103244491,41032444910,71310,광고 대행업
1139038,0,마틸닭,61436,광주광역시 동구 장동로 23-59,56111,한식 일반 음식점업,45962,45962,4,4,계속,계속,4103701425,41037014250,56111,한식 일반 음식점업
1139113,0,"심리상담카페마음,안녕",61448,광주 동구 지호로 4,56229,기타 비알코올 음료점업,42569,42569,9,9,계속,계속,4104600151,41046001510,56229,기타 비알코올 음료점업
1139888,0,(주)삼산기공,61478,광주 동구 천변우로  339,25112,구조용 금속 판제품 및 공작물 제조업,32478,34881,12,13,계속,계속,4108106286,41081062860,25112,구조용 금속 판제품 및 공작물 제조업
1139889,0,(주)삼산기공,61478,광주 동구 천변우로 339,41122,제조업 및 유사 산업용 건물 건설업,37987,37987,11,11,일괄유기,일괄유기,4108106286,41081062866,41122,제조업 및 유사 산업용 건물 건설업
1140018,0,동화운수(유),61514,광주 동구 남문로 333,49212,시내버스 운송업,32568,34881,172,175,계속,계속,4108117518,41081175180,49212,시내버스 운송업
1140025,0,운림제주식회사,61494,광주광역시 동구 동산길29,91299,그 외 기타 분류 안된 오락관련 서비스업,41255,41255,1,0,계속,계속,4108118031,41081180310,91299,그 외 기타 분류 안된 오락관련 서비스업
1140076,0,(주)가민정보시스템,61431,광주광역시 동구 동계천로 76,58221,시스템 소프트웨어 개발 및 공급업,34912,35855,52,52,계속,계속,4108122404,41081224040,58221,시스템 소프트웨어 개발 및 공급업
1140077,0,(주)가민정보시스템,61431,광주 동구 동계천로 76,42322,내부 통신배선 공사업,44370,44370,1,0,일괄유기,일괄유기,4108122404,41081224046,42322,내부 통신배선 공사업
1140180,0,(주)삼화건설기술공사,61478,광주광역시 동구  천변우로 339,72921,측량업,34851,35796,1,1,계속,계속,4108128238,41081282380,72921,측량업
1140202,0,싸이버테크(주),61436,광주광역시 동구  동계천로 150,71519,기타 산업 회사 본부,34915,35855,74,65,계속,계속,4108129576,41081295760,71519,기타 산업 회사 본부
1140203,0,싸이버테크(주),61436,광주 동구 동계천로 150,42321,일반 통신 공사업,38679,38679,1,0,일괄유기,일괄유기,4108129576,41081295766,42321,일반 통신 공사업
1140253,0,어업회사법인 대인수산(주),61427,광주광역시 동구  제봉로178번길 11,46315,"신선, 냉동 및 기타 수산물 도매업",37622,37622,1,1,계속,계속,4108132504,41081325040,46315,"신선, 냉동 및 기타 수산물 도매업"
1140281,0,(주)아주건설,61478,광주 동구 천변우로 339,41999,건설업본사,36708,35855,1,1,계속,계속,4108134195,41081341950,41999,건설업본사
1140334,0,(주)씨네씨티,61484,광주 동구 중앙로160번길 16-7,90110,공연시설 운영업,36904,36904,2,2,계속,계속,4108136631,41081366310,90110,공연시설 운영업
1140397,0,(주)진성에스엠알,61418,광주 동구 무등로 454,46593,정밀기기 및 과학기기 도매업,36526,35855,6,6,계속,계속,4108139813,41081398130,46593,정밀기기 및 과학기기 도매업
1140443,0,(주)반도메딕스,61488,광주 동구 천변우로 453,46441,의약품 도매업,36123,36040,10,10,계속,계속,4108142190,41081421900,46441,의약품 도매업
1140501,0,(주)혜민서,61458,광주 동구 남문로 697,96921,장례식장 및 장의관련 서비스업,36708,36069,31,31,계속,계속,4108143898,41081438980,96921,장례식장 및 장의관련 서비스업
1140672,0,(주)함흥건설,61478,광주광역시 동구  천변우로 339,41999,건설업본사,36342,36318,2,2,계속,계속,4108151103,41081511030,41999,건설업본사
1140673,0,(주)함흥건설,61478,광주 동구 천변우로 339,42491,"미장, 타일 및 방수 공사업",38937,38937,3,3,일괄유기,일괄유기,4108151103,41081511036,42491,"미장, 타일 및 방수 공사업"
1140772,0,한라건설기계（주）,61479,광주 동구 천변우로 363-20,76310,건설 및 토목공사용 기계장비 임대업,40118,40118,1,1,계속,계속,4108154513,41081545130,76310,건설 및 토목공사용 기계장비 임대업
1140818,0,(주)바이오메디,61400,광주광역시 동구 무등로 301-1,58221,시스템 소프트웨어 개발 및 공급업,36580,36580,2,1,계속,계속,4108156340,41081563400,58221,시스템 소프트웨어 개발 및 공급업
1140825,0,삼양물류(주),61421,광주 동구 무등로304번길 52,76190,기타 운송장비 임대업,38534,38534,1,1,계속,계속,4108156597,41081565970,76190,기타 운송장비 임대업
1140845,0,영창종합건설(주),61464,광주 동구 남문로693번길 11,41999,건설업본사,36526,36643,1,1,계속,계속,4108157427,41081574270,41999,건설업본사
1140846,0,영창종합건설(주),61464,광주 동구 남문로693번길 11,42199,기타 옥외 시설물 축조 관련 전문공사업,38364,38364,1,1,일괄유기,일괄유기,4108157427,41081574276,42199,기타 옥외 시설물 축조 관련 전문공사업
1140914,0,한국리페아(주),61478,광주 동구 천변우로 339,41999,건설업본사,36808,36808,6,9,계속,계속,4108160432,41081604320,41999,건설업본사
1140915,0,한국리페아(주),61478,광주 동구 천변우로 339,41229,기타 토목시설물 건설업,38353,38353,11,8,일괄유기,일괄유기,4108160432,41081604326,41229,기타 토목시설물 건설업
1140984,0,비오신코리아(주),61447,광주 동구 지호로 179-16,47129,기타 음ㆍ식료품 위주 종합 소매업,36708,36678,22,22,계속,계속,4108162876,41081628760,47129,기타 음ㆍ식료품 위주 종합 소매업
1140993,0,(주)우정의약품,61421,광주광역시 동구  독립로 338,46441,의약품 도매업,36982,36982,1,1,계속,계속,4108163249,41081632490,46441,의약품 도매업
1141034,0,(주)메디피아,61512,광주광역시 동구 주남길 16,46441,의약품 도매업,37067,37067,3,3,계속,계속,4108165174,41081651740,46441,의약품 도매업
1141153,0,(주)닷넷소프트,61431,광주 동구 제봉로140번길 10-1,58221,시스템 소프트웨어 개발 및 공급업,37257,37257,13,13,계속,계속,4108168851,41081688510,58221,시스템 소프트웨어 개발 및 공급업
1141283,0,주식회사조이투어,61472,광주 동구 구성로 180,75210,여행사업,38200,38200,6,6,계속,계속,4108173451,41081734510,75210,여행사업
1141347,0,(유한)우리가스엔지니어링,61511,광주 동구 남문로 415,47723,가정용 가스연료 소매업,37543,37543,6,6,계속,계속,4108175798,41081757980,47723,가정용 가스연료 소매업
1141348,0,(유한)우리가스엔지니어링,61511,광주 동구 남문로 415,42201,배관 및 냉ㆍ난방 공사업,45828,45828,9,9,일괄유기,일괄유기,4108175798,41081757986,42201,배관 및 냉ㆍ난방 공사업
1141446,0,피닉스팜　(주　),61499,광주 동구 남문로 637,46441,의약품 도매업,37865,37865,6,6,계속,계속,4108179509,41081795090,46441,의약품 도매업
1141549,0,(주)본디자인,61445,광주 동구 지호로 11,41999,건설업본사,37833,37833,1,1,계속,계속,4108182474,41081824740,41999,건설업본사
1141550,0,(주)본디자인,61445,광주 동구 지호로 11,42412,"도배, 실내장식 및 내장 목공사업",38380,38380,3,3,일괄유기,일괄유기,4108182474,41081824746,42412,"도배, 실내장식 및 내장 목공사업"
1141706,0,(주)하우,61475,광주광역시 동구 금남로 245,58221,시스템 소프트웨어 개발 및 공급업,38108,38108,8,8,계속,계속,4108187765,41081877650,58221,시스템 소프트웨어 개발 및 공급업
1141773,0,(주)미래약품물류,61421,광주광역시 동구  독립로 338,47811,의약품 및 의료용품 소매업,38313,38313,15,15,계속,계속,4108190635,41081906350,47811,의약품 및 의료용품 소매업
1141828,0,(주)포디자인,61475,광주 동구 금남로 245,73202,제품 디자인업,38328,38328,3,3,계속,계속,4108192138,41081921380,73202,제품 디자인업
1142199,0,(재단법인)대한예수교장로회전남노회유지재단,61499,광주 동구 남문로 629,94912,기독교 단체,36708,36069,1,1,계속,계속,4108203781,41082037810,94912,기독교 단체
1142234,0,한국청소년광주전남연맹,61473,광주광역시 동구 구성로204번길 22,94990,그 외 기타 협회 및 단체,37987,37987,2,2,계속,계속,4108205794,41082057940,94990,그 외 기타 협회 및 단체
1142297,0,(사)광주전남발전협의회,61481,광주 동구 금남로 182,94110,산업 단체,36708,36069,2,2,계속,계속,4108209053,41082090530,94110,산업 단체
1142351,0,(사회복지법인)백암어린이집,61506,광주 동구 천변좌로630번길 6,87210,보육시설 운영업,36039,36180,6,6,계속,계속,4108210472,41082104720,87210,보육시설 운영업
1142356,0,(사단법인)맥지청소년사회교육원,61502,광주 동구 지원로 34,71519,기타 산업 회사 본부,38261,38261,4,4,계속,계속,4108210638,41082106380,71519,기타 산업 회사 본부
1142371,0,(사단법인)대동문화재단,61478,광주광역시 동구  천변우로 329-5,75911,문서작성 및 복사업,38749,38749,35,35,계속,계속,4108211184,41082111840,75911,문서작성 및 복사업
1142487,0,（사）한국민물장어생산자협회,61480,광주 동구 구성로 156-1,94990,그 외 기타 협회 및 단체,42064,42064,2,2,계속,계속,4108216684,41082166840,94990,그 외 기타 협회 및 단체
1142503,0,사단법인아이티케어복지회/오름직업재활센터,61492,광주 동구 의재로 151,42322,내부 통신배선 공사업,44355,44355,1,0,일괄유기,일괄유기,4108217489,41082174896,42322,내부 통신배선 공사업
1142506,0,사단법인모두사랑나눔회,61426,광주 동구 독립로 284,87299,그 외 기타 비거주 복지 서비스업,40273,40273,2,2,계속,계속,4108217719,41082177190,87299,그 외 기타 비거주 복지 서비스업
1142524,0,의료법인희망의료재단 동방의원,61437,광주 동구 밤실로 85,86201,일반 의원,40473,40473,15,15,계속,계속,4108218585,41082185850,86201,일반 의원
1142527,0,（사）광주전남녹색연합,61439,광주광역시 동구 필문대로205번길 9-2,94939,기타 시민운동 단체,40515,40515,1,1,계속,계속,4108218718,41082187180,94939,기타 시민운동 단체
1142539,0,사단법인 두리사랑상담치료연구소,61475,광주 동구 중앙로196번길 5,86909,그 외 기타 보건업,40756,40756,5,3,계속,계속,4108219416,41082194160,86909,그 외 기타 보건업
1142661,0,한국엘피가스공업협회전남지회,61423,광주 동구 경양로259번길 21,47723,가정용 가스연료 소매업,39611,39611,1,1,계속,계속,4108260195,41082601950,47723,가정용 가스연료 소매업
1142811,0,광주전남귀농학교,61474,광주 동구 예술길15번길 10-1,85699,그 외 기타 분류 안된 교육기관,39850,39850,1,1,계속,계속,4108268955,41082689550,85699,그 외 기타 분류 안된 교육기관
1142822,0,광주NGO시민재단,61478,광주 동구 천변우로 339,94990,그 외 기타 협회 및 단체,40026,40026,5,5,계속,계속,4108269686,41082696860,94990,그 외 기타 협회 및 단체
1143025,0,신산업특화사업 2.0 발전협의회,61453,광주광역시 동구 조선이공대길 11,94990,그 외 기타 협회 및 단체,45597,45597,1,1,계속,계속,4108291849,41082918490,94990,그 외 기타 협회 및 단체
1143444,0,스튜디오더블유바바주식회사(광주점),61475,광주 동구 금남로 245,59113,광고 영화 및 비디오물 제작업,41799,41799,9,9,계속,계속,4108547761,41085477610,59113,광고 영화 및 비디오물 제작업
1143564,0,(주)이레약품,61421,광주광역시 동구  독립로 338,47811,의약품 및 의료용품 소매업,38839,38839,1,1,계속,계속,4108601364,41086013640,47811,의약품 및 의료용품 소매업
1143683,0,주식회사 케이시엔 시엠,61423,광주광역시 동구  경양로259번길 1,91299,그 외 기타 분류 안된 오락관련 서비스업,38954,38954,5,5,계속,계속,4108604599,41086045990,91299,그 외 기타 분류 안된 오락관련 서비스업
1143684,0,주식회사케이시엔시엠,61423,광주 동구 경양로259번길 1,42412,"도배, 실내장식 및 내장 목공사업",43865,43865,2,2,일괄유기,일괄유기,4108604599,41086045996,42412,"도배, 실내장식 및 내장 목공사업"
1143879,0,(주)유진휀스테크,61512,광주광역시 동구 남문로 272,41999,건설업본사,39264,39264,0,2,계속,계속,4108610602,41086106020,41999,건설업본사
1143880,0,(주)유진휀스테크,61512,광주 동구 남문로  272,42209,기타 건물 관련설비 설치 공사업,44251,44841,2,2,일괄유기,일괄유기,4108610602,41086106026,42209,기타 건물 관련설비 설치 공사업
1143904,0,(유)영근산업,61487,광주광역시 동구  백서로125번길 20,41999,건설업본사,39264,39264,6,5,계속,계속,4108611237,41086112370,41999,건설업본사
1143905,0,(유)영근산업,61487,광주 동구 백서로125번길 20,41229,기타 토목시설물 건설업,39829,39829,4,3,일괄유기,일괄유기,4108611237,41086112376,41229,기타 토목시설물 건설업
1144132,0,보훈씨푸드(주),61490,광주광역시 동구  양림로 116,46315,"신선, 냉동 및 기타 수산물 도매업",39783,39783,2,2,계속,계속,4108618870,41086188700,46315,"신선, 냉동 및 기타 수산물 도매업"
1144306,0,주식회사에스제이홀딩스,61478,광주 동구 천변우로 339,28519,기타 가정용 전기기기 제조업,41549,41549,1,1,계속,계속,4108624197,41086241970,28519,기타 가정용 전기기기 제조업
1144403,0,(주)프로진,61473,"광주광역시 동구 제봉로 199,",46595,전기용 기계장비 및 관련 기자재 도매업,39904,39904,4,4,계속,계속,4108627011,41086270110,46595,전기용 기계장비 및 관련 기자재 도매업
1144711,0,주식회사다락방,61444,광주광역시 동구 준법로 10-1,68111,주거용 건물 임대업,41275,41275,0,0,계속,계속,4108634638,41086346380,68111,주거용 건물 임대업
1144801,0,주식회사옥주산업,61483,광주 동구 중앙로 162-1,74211,건축물 일반 청소업,43586,43586,3,3,계속,계속,4108636674,41086366740,74211,건축물 일반 청소업
1144804,0,(주)영우홀딩스,61478,광주광역시 동구 천변우로 339,71519,기타 산업 회사 본부,40234,40234,6,6,계속,계속,4108636728,41086367280,71519,기타 산업 회사 본부
1144989,0,(주)동천조경건설,61400,광주광역시 동구 독립로368번길 21,41999,건설업본사,40422,40422,1,1,계속,계속,4108641895,41086418950,41999,건설업본사
1144990,0,(주)동천조경건설,61400,광주 동구 독립로368번길 21,41226,조경 건설업,40497,40497,1,1,일괄유기,일괄유기,4108641895,41086418956,41226,조경 건설업
1145030,0,에스지에이(주),61481,광주 동구 금남로 180,66209,기타 보험 및 연금관련 서비스업,40955,40955,1,1,계속,계속,4108642837,41086428370,66209,기타 보험 및 연금관련 서비스업
1145060,0,주식회사에스비,61467,광주 동구 서남로33번길 14,73201,인테리어 디자인업,40520,40520,0,0,계속,계속,4108643554,41086435540,73201,인테리어 디자인업
1145069,0,(유)대조이앤씨,61468,광주 동구 백서로  167,25119,기타 구조용 금속제품 제조업,40517,40517,2,2,계속,계속,4108643796,41086437960,25119,기타 구조용 금속제품 제조업
1145141,0,주식회사에이스씨푸드,61505,광주광역시 동구 소태길 22-3,47214,"신선, 냉동 및 기타 수산물 소매업",40570,40570,1,1,계속,계속,4108645741,41086457410,47214,"신선, 냉동 및 기타 수산물 소매업"
1145242,0,아트필（주）,61478,광주 동구 천변우로 339,41999,건설업본사,40634,40634,1,2,계속,계속,4108647754,41086477540,41999,건설업본사
1145243,0,아트필（주）,61478,광주 동구 천변우로 339,42412,"도배, 실내장식 및 내장 목공사업",40665,40665,2,1,일괄유기,일괄유기,4108647754,41086477546,42412,"도배, 실내장식 및 내장 목공사업"
1145301,0,(주)삼희산업개발,61488,광주광역시 동구  서석로 24,68112,비주거용 건물 임대업,40662,40662,2,2,계속,계속,4108649446,41086494460,68112,비주거용 건물 임대업
1145509,0,(주)엔미디어,61494,광주 동구 의재로 142,59112,애니메이션 영화 및 비디오물 제작업,40896,40896,2,2,계속,계속,4108654707,41086547070,59112,애니메이션 영화 및 비디오물 제작업
1145515,0,（주）세종화건설,61478,광주광역시 동구 천변우로 339,41999,건설업본사,40864,40864,4,4,계속,계속,4108654920,41086549200,41999,건설업본사
1145555,0,（유）청기와예향에너지,61510,광주광역시 동구 화산로238번길9-10,47723,가정용 가스연료 소매업,41183,41183,2,2,계속,계속,4108656078,41086560780,47723,가정용 가스연료 소매업
1145595,0,본종합건설주식회사,61494,광주 동구 동산길 42,41999,건설업본사,40919,40919,2,4,계속,계속,4108656985,41086569850,41999,건설업본사
1145596,0,본건설주식회사,61494,광주광역시 동구  동산길 42,42412,"도배, 실내장식 및 내장 목공사업",41116,41116,6,4,일괄유기,일괄유기,4108656985,41086569856,42412,"도배, 실내장식 및 내장 목공사업"
1145654,0,(주)천우종합건설,61477,광주 동구 독립로226번길  31,41999,건설업본사,40959,40959,1,1,계속,계속,4108658135,41086581350,41999,건설업본사
1145655,0,(주)천우종합건설,61477,광주 동구 독립로226번길  31,41112,아파트 건설업,41023,41023,2,2,일괄유기,일괄유기,4108658135,41086581356,41112,아파트 건설업
1145658,0,롯데랜드(주),61473,광주 동구 제봉로 201,47419,기타 의복 소매업,42186,42186,1,1,계속,계속,4108658227,41086582270,47419,기타 의복 소매업
1145797,0,(주)아우리이엔지,61433,광주 동구 필문대로 190,41999,건설업본사,41061,41061,1,1,계속,계속,4108662056,41086620560,41999,건설업본사
1145798,0,(주)아우리이엔지,61433,광주 동구 필문대로 190,42110,건물 및 구축물 해체 공사업,41159,41159,1,0,일괄유기,일괄유기,4108662056,41086620566,42110,건물 및 구축물 해체 공사업
1145817,0,대성아카데미（유）,61465,광주광역시 동구 제봉로 92,85632,기타 교습학원,41091,41091,11,10,계속,계속,4108662513,41086625130,85632,기타 교습학원
1145841,0,（주）상상디자인,61484,광주 동구 천변우로 381,41999,건설업본사,41091,41091,1,1,계속,계속,4108663088,41086630880,41999,건설업본사
1145842,0,(주)상상디자인,61484,광주 동구 천변우로 381,42412,"도배, 실내장식 및 내장 목공사업",41091,41091,2,2,일괄유기,일괄유기,4108663088,41086630886,42412,"도배, 실내장식 및 내장 목공사업"
1145844,0,(주)그린라이프,61512,광주 동구 선교로 11-3,10892,차류 가공업,41944,41944,1,1,계속,계속,4108663128,41086631280,10892,차류 가공업
1145876,0,(유)반도산업개발,61477,광주 동구 독립로226번길 11,41999,건설업본사,41730,41730,1,3,계속,계속,4108664239,41086642390,41999,건설업본사
1145877,0,(유)반도산업개발,61477,광주광역시 동구 독립로226번길 11,42492,건물용 금속공작물 설치 공사업,44172,44172,2,1,일괄유기,일괄유기,4108664239,41086642396,42492,건물용 금속공작물 설치 공사업
1146052,0,（주）메디시스,61459,광주광역시 동구  의재로 15,46441,의약품 도매업,41288,41288,10,10,계속,계속,4108668690,41086686900,46441,의약품 도매업
1146116,0,주식회사 잇다,61417,광주광역시 동구  산수길35번길 20-6,59113,광고 영화 및 비디오물 제작업,41309,41309,4,4,계속,계속,4108669952,41086699520,59113,광고 영화 및 비디오물 제작업
1146155,0,(주)엠에스비산업개발,61419,광주 동구 무등로304번길 5,68121,주거용 건물 개발 및 공급업,41395,41395,2,2,계속,계속,4108670992,41086709920,68121,주거용 건물 개발 및 공급업
1146256,0,(주)에솔이엔씨,61407,광주광역시 동구 필문대로 141-2,41999,건설업본사,41701,41701,3,3,계속,계속,4108673607,41086736070,41999,건설업본사
1146257,0,(주)에솔이엔씨,61407,광주 동구 필문대로 141-2,42209,기타 건물 관련설비 설치 공사업,43383,43399,1,1,일괄유기,일괄유기,4108673607,41086736076,42209,기타 건물 관련설비 설치 공사업
1146471,0,주식회사한원개발,61419,광주 동구 무등로304번길 5,68122,비주거용 건물 개발 및 공급업,42006,42006,5,5,계속,계속,4108678844,41086788440,68122,비주거용 건물 개발 및 공급업
1146491,0,(주)라도스,61433,광주 동구 필문대로192번길 21,68119,기타 부동산 임대업,41907,41907,7,7,계속,계속,4108679367,41086793670,68119,기타 부동산 임대업
1146497,0,히노아스카(주),61511,광주광역시 동구  칠전길 2,10129,육류 기타 가공 및 저장처리업 (가금류 제외),41570,41570,21,21,계속,계속,4108679464,41086794640,10129,육류 기타 가공 및 저장처리업 (가금류 제외)
1146529,0,유한회사제이앤시,61481,광주 동구 금남로 202,68111,주거용 건물 임대업,42461,42461,1,1,계속,계속,4108680369,41086803690,68111,주거용 건물 임대업
1146554,0,(주)모어랜드광주,61482,광주광역시 동구  금남로 250-8,68121,주거용 건물 개발 및 공급업,42902,42902,2,2,계속,계속,4108680923,41086809230,68121,주거용 건물 개발 및 공급업
1146720,0,(주)토루종합건설,61492,광주광역시 동구 운림길 71,41999,건설업본사,41656,41656,3,5,계속,계속,4108684889,41086848890,41999,건설업본사
1146721,0,(주)토루종합건설,61492,광주 동구 운림길  71,41121,사무상업용 및 공공기관용 건물 건설업,41724,41724,2,1,일괄유기,일괄유기,4108684889,41086848896,41121,사무상업용 및 공공기관용 건물 건설업
1147006,0,주식회사 푸드스토리,61437,광주 동구 필문대로187번길 34-1,71531,경영 컨설팅업,41925,41925,7,7,계속,계속,4108690945,41086909450,71531,경영 컨설팅업
1147012,0,주식회사한울상사,61472,광주광역시 동구  금남로 181,46521,가전제품 및 부품 도매업,41793,41793,2,2,계속,계속,4108691153,41086911530,46521,가전제품 및 부품 도매업
1147035,0,주식회사레몬소프트,61449,광주 동구 필문대로287번길  29-21,58221,시스템 소프트웨어 개발 및 공급업,41821,41821,16,16,계속,계속,4108691513,41086915130,58221,시스템 소프트웨어 개발 및 공급업
1147135,0,(주)도시생활건강,61484,광주광역시 동구  서석로 11-1,47912,전자상거래 소매업,41831,41831,2,2,계속,계속,4108693622,41086936220,47912,전자상거래 소매업
1147223,0,(주)남도문화사업단,61433,광주 동구 필문대로192번길 21,85699,그 외 기타 분류 안된 교육기관,42095,42095,1,1,계속,계속,4108700867,41087008670,85699,그 외 기타 분류 안된 교육기관
1147301,0,수정산업유한회사,61514,광주광역시 동구  남문로 281,46699,그 외 기타 건축자재 도매업,42772,42772,4,4,계속,계속,4108703087,41087030870,46699,그 외 기타 건축자재 도매업
1147512,0,(주)슈가브리움,61475,광주광역시 동구 중앙로196번길 31-19,41999,건설업본사,42078,42078,2,2,계속,계속,4108707384,41087073840,41999,건설업본사
1147906,0,기정치과기공소,61436,광주 동구 동명로 8,27191,치과용 기기 제조업,40545,40545,1,1,계속,계속,4109018858,41090188580,27191,치과용 기기 제조업
1148053,0,동제한의원,61479,광주 동구 천변우로 361-18,86203,한의원,40854,40854,1,1,계속,계속,4109069323,41090693230,86203,한의원
1148080,0,우리신경외과의원,61427,광주 동구 중앙로 229,86102,일반 병원,39083,39083,6,6,계속,계속,4109078841,41090788410,86102,일반 병원
1148121,0,크라운베스트빌,61407,광주 동구 필문대로137번길 5-23,68111,주거용 건물 임대업,44411,44411,1,1,계속,계속,4109096422,41090964220,68111,주거용 건물 임대업
1148122,0,문경란산부인과의원,61483,광주 동구 서석로 41-1,86201,일반 의원,39569,39569,1,1,계속,계속,4109096456,41090964560,86201,일반 의원
1148162,0,대교치과기공소,61402,광주광역시 동구  무등로375번길 19-2,27199,그 외 기타 의료용 기기 제조업,40664,40664,1,1,계속,계속,4109120856,41091208560,27199,그 외 기타 의료용 기기 제조업
1148172,0,나선희스피치커뮤니케이션즈,61482,광주광역시 동구  서석로 49,85503,온라인 교육 학원,39387,39387,1,1,계속,계속,4109123417,41091234170,85503,온라인 교육 학원
1148451,0,태극수산,61490,광주 동구 제봉로17번길  13-32,46315,"신선, 냉동 및 기타 수산물 도매업",42537,42537,1,1,계속,계속,4109216946,41092169460,46315,"신선, 냉동 및 기타 수산물 도매업"
1148452,1,태극수산,61490,광주 동구 제봉로17번길  13-32,,,45141,,1,0,일괄유기,,4109216946,41092169466,,
1148807,0,정앤양치과의원,61409,광주 동구 갈마로 58,86201,일반 의원,40391,40391,1,1,계속,계속,4109602718,41096027180,86201,일반 의원
1148927,0,김선호안과의원,61407,광주 동구 갈마로 2,86102,일반 병원,38132,38132,4,4,계속,계속,4109607902,41096079020,86102,일반 병원
1149220,0,법무사맹권주사무소,61445,광주광역시 동구  동명로 110,71103,법무사업,36708,36414,5,5,계속,계속,4110333357,41103333570,71103,법무사업
1149914,0,파타고니아광주충장로,61483,광주 동구 충장로 70-1,47419,기타 의복 소매업,42717,42717,1,1,계속,계속,4111155598,41111555980,47419,기타 의복 소매업
1150865,0,또오삼,61483,광주 동구 중앙로160번길 23-4,56123,서양식 음식점업,42767,42767,3,1,계속,계속,4112016447,41120164470,56123,서양식 음식점업
1150961,0,금성팜,61421,광주 동구 독립로 338,46441,의약품 도매업,44440,44440,1,1,계속,계속,4112154152,41121541520,46441,의약품 도매업
1151444,0,조제약국(안선엽),61453,광주 동구 필문대로329번길 23,47811,의약품 및 의료용품 소매업,36678,36678,7,7,계속,계속,4112900327,41129003270,47811,의약품 및 의료용품 소매업
1152030,0,부동산(김웅용),61514,광주광역시 동구 남계길 17,68112,비주거용 건물 임대업,45715,45715,1,1,계속,계속,4117400119,41174001190,68112,비주거용 건물 임대업
1152031,0,부동산업(김웅용)/건설일괄,61513,광주 동구 남계길 17,42499,그 외 기타 건축 마무리 공사업,45566,45566,5,5,일괄유기,일괄유기,4117400119,41174001196,42499,그 외 기타 건축 마무리 공사업
1153120,0,(주)천년이엔지,61401,광주광역시 동구  중앙로 339-4,41999,건설업본사,37330,37330,1,1,계속,계속,4118131319,41181313190,41999,건설업본사
1153121,0,(주)천년이엔지,61401,광주 동구 중앙로 339-4,42209,기타 건물 관련설비 설치 공사업,38565,38565,6,6,일괄유기,일괄유기,4118131319,41181313196,42209,기타 건물 관련설비 설치 공사업
1153412,0,신도건설(유),61472,광주광역시 동구  금남로 181,41999,건설업본사,38454,38454,1,1,계속,계속,4118140462,41181404620,41999,건설업본사
1153413,0,신도건설(유),61472,광주 동구 금남로 181,41229,기타 토목시설물 건설업,38854,38854,1,0,일괄유기,일괄유기,4118140462,41181404626,41229,기타 토목시설물 건설업
1154865,0,주식회사크레커,61429,광주광역시 동구 동계천로 81,73202,제품 디자인업,45474,45474,1,1,계속,계속,4118191578,41181915780,73202,제품 디자인업
1154866,0,주식회사크레커,61429,광주 동구 동계천로 81,42500,시설물 유지관리 공사업,45880,45880,4,4,일괄유기,일괄유기,4118191578,41181915786,42500,시설물 유지관리 공사업
1156067,0,프린팅 협동조합,61488,광주광역시 동구 문화전당로23번길 20-1,58113,일반 서적 출판업,42186,42186,2,2,계속,계속,4118700098,41187000980,58113,일반 서적 출판업
1156281,0,(주)넥스톰,61472,광주광역시 동구 금남로 193-12,58221,시스템 소프트웨어 개발 및 공급업,43773,43773,16,15,일괄계속,계속,4118801658,41188016580,58221,시스템 소프트웨어 개발 및 공급업
1157027,0,대광건기(류근기),61426,광주광역시 동구 제봉로222번길6-12,42600,건설장비 운영업,41730,41730,0,0,계속,계속,4120184874,41201848740,42600,건설장비 운영업
1157232,0,돈마니,61435,광주 동구 동명로 80,56111,한식 일반 음식점업,42128,42128,1,1,계속,계속,4120388006,41203880060,56111,한식 일반 음식점업
1157667,0,일등건설중기,61489,광주 동구 양림로119번길 7,42600,건설장비 운영업,43274,43274,4,4,계속,계속,4120652886,41206528860,42600,건설장비 운영업
1157970,0,시바카레,61436,광주 동구 장동로 11,56129,기타 외국식 음식점업,43102,43102,2,2,계속,계속,4120962288,41209622880,56129,기타 외국식 음식점업
1157973,0,프라임타워,61421,광주 동구 경양로235번길 1,68112,비주거용 건물 임대업,44753,44753,1,1,계속,계속,4120962686,41209626860,68112,비주거용 건물 임대업
1158158,0,필의료기,61489,광주광역시 동구  제봉로 25-4,27194,정형 외과용 및 신체 보정용 기기 제조업,43160,43160,1,1,계속,계속,4121193561,41211935610,27194,정형 외과용 및 신체 보정용 기기 제조업
1158865,0,훗스테이크,61434,광주광역시 동구 동계천로 125,56123,서양식 음식점업,45297,45297,3,3,계속,계속,4124600991,41246009910,56123,서양식 음식점업
1159274,0,진명종합건설(주),61434,광주 동구 동명로20번길 17,41999,건설업본사,35065,35796,6,9,계속,계속,4128104983,41281049830,41999,건설업본사
1159275,0,진명종합건설(주),61434,광주 동구 동명로20번길 17,42129,기타 기반조성 관련 전문공사업,38353,38353,2,1,일괄유기,일괄유기,4128104983,41281049836,42129,기타 기반조성 관련 전문공사업
1159303,0,제이아이건설(주),61478,광주광역시 동구 천변우로 339,41999,건설업본사,35674,35796,10,26,계속,계속,4128107919,41281079190,41999,건설업본사
1159304,0,제이아이건설(주)/일괄유기,61478,광주 동구 천변우로 339,41229,기타 토목시설물 건설업,35796,36892,20,4,일괄유기,일괄유기,4128107919,41281079196,41229,기타 토목시설물 건설업
1159412,0,(주)동평토건,61421,광주 동구 독립로 324,42121,토공사업,38353,38353,14,12,일괄유기,일괄유기,4128112353,41281123536,42121,토공사업
1160255,0,(주)조훈건설,61480,광주 동구 충장로46번길 7-1,41999,건설업본사,40148,40148,1,1,계속,계속,4128137878,41281378780,41999,건설업본사
1160256,0,(주)조훈건설,61480,광주 동구 충장로46번길 7-1,41210,지반조성 건설업,40179,40179,1,1,일괄유기,일괄유기,4128137878,41281378786,41210,지반조성 건설업
1160292,0,제이케이 친환경 주식회사,61406,광주 동구 필문대로 134-1,94990,그 외 기타 협회 및 단체,40299,40299,8,7,계속,계속,4128138936,41281389360,94990,그 외 기타 협회 및 단체
1160400,0,주식회사 에이앤환경,61402,광주 동구 중앙로,72919,"기타 기술 시험, 검사 및 분석업",40689,40689,4,4,계속,계속,4128141917,41281419170,72919,"기타 기술 시험, 검사 및 분석업"
1160482,0,지엔기술주식회사,61430,광주광역시 동구  동계로15번길 25,41999,건설업본사,40976,40976,1,5,계속,계속,4128144234,41281442340,41999,건설업본사
1160483,0,지엔기술 주식회사,61430,광주 동구 동계로15번길 25,41129,기타 비주거용 건물 건설업,41020,41020,9,4,일괄유기,일괄유기,4128144234,41281442346,41129,기타 비주거용 건물 건설업
1160811,0,(주)디아이지건축사사무소,61436,광주광역시 동구 장동로 41,72111,건축설계 및 관련 서비스업,41944,41944,8,8,계속,계속,4128153223,41281532230,72111,건축설계 및 관련 서비스업
1160854,0,주식회사지에이치아이디,61478,광주 동구 천변우로 339,56111,한식 일반 음식점업,43595,43595,3,3,계속,계속,4128154668,41281546680,56111,한식 일반 음식점업
1160889,0,유한회사 제이앤아이,61426,광주 동구 동계천로6번길 3,68221,부동산 중개 및 대리업,43556,43556,1,1,계속,계속,4128155406,41281554060,68221,부동산 중개 및 대리업
1161999,0,주식회사디저트39충장점,61483,광주 동구 충장로안길 38,56221,커피 전문점,44487,44487,7,7,계속,계속,4128802043,41288020430,56221,커피 전문점
1162295,0,남도장례식장,61423,광주 동구 중앙로 283-1,96921,장례식장 및 장의관련 서비스업,40546,40546,2,2,계속,계속,4129504068,41295040680,96921,장례식장 및 장의관련 서비스업
1162642,0,올오브유,61407,광주광역시 동구 필문대로 143,47912,전자상거래 소매업,45579,45579,1,1,계속,계속,4130267012,41302670120,47912,전자상거래 소매업
1162703,0,너드웍스,61477,광주 동구 독립로226번길 13-12,73203,시각 디자인업,43346,43346,2,2,계속,계속,4130323272,41303232720,73203,시각 디자인업
1163067,0,업라이트,61434,광주광역시 동구  동계천로 125,46417,의복 액세서리 및 모조 장신구 도매업,43765,43765,12,12,계속,계속,4130669212,41306692120,46417,의복 액세서리 및 모조 장신구 도매업
1163295,0,동부충전소,61499,광주광역시 동구 남문로 615,47713,운송장비용 기타 가스 충전업,45383,45383,10,10,계속,계속,4130954078,41309540780,47713,운송장비용 기타 가스 충전업
1163446,0,동산가스,61447,광주 동구 밤실로4번길 43,47723,가정용 가스연료 소매업,43794,43794,1,1,계속,계속,4131201173,41312011730,47723,가정용 가스연료 소매업
1163557,0,마실,61430,광주광역시 동구 동명로 17,56219,기타 주점업,45690,45690,5,5,계속,계속,4131801103,41318011030,56219,기타 주점업
1163803,0,현이축산,61417,광주광역시 동구 무등로 394,47212,육류 소매업,45474,45474,1,1,계속,계속,4133501376,41335013760,47212,육류 소매업
1164059,0,서한세무회계사무소,61429,광주 동구 중앙로 254,71202,세무사업,44743,44743,7,7,계속,계속,4136500597,41365005970,71202,세무사업
1164227,0,(주)태강씨푸드,61505,광주 동구 소태길 22-3,10211,"수산동물 훈제, 조리 및 유사 조제식품 제조업",38349,38349,5,4,계속,계속,4138103070,41381030700,10211,"수산동물 훈제, 조리 및 유사 조제식품 제조업"
1164584,0,운림라인2차아파트,61492,광주 동구 의재로 149-7,68211,주거용 부동산 관리업,42736,42736,11,11,계속,계속,4138261776,41382617760,68211,주거용 부동산 관리업
1164810,0,주식회사아이팜,61421,광주광역시 동구  독립로 338,46441,의약품 도매업,42248,42248,3,3,계속,계속,4138600082,41386000820,46441,의약품 도매업
1165035,0,주식회사 제이에스디자인그룹,61411,광주 동구 필문대로153번길 22,41999,건설업본사,44035,44035,1,1,계속,계속,4138701448,41387014480,41999,건설업본사
1165036,0,주식회사 제이에스디자인그룹,61411,광주광역시 동구 필문대로153번길 22,42500,시설물 유지관리 공사업,44165,44165,2,2,일괄유기,일괄유기,4138701448,41387014486,42500,시설물 유지관리 공사업
1165369,0,바다드림,61505,광주광역시 동구  소태길 22-3,47214,"신선, 냉동 및 기타 수산물 소매업",41584,41584,1,1,계속,계속,4139720672,41397206720,47214,"신선, 냉동 및 기타 수산물 소매업"
1165697,0,에너텍광주,61437,광주 동구 필문대로191번길 35-2,47592,"주방용품 및 가정용 유리, 요업 제품 소매업",44228,44228,1,1,계속,계속,4140363812,41403638120,47592,"주방용품 및 가정용 유리, 요업 제품 소매업"
1166096,0,변호사유종민법률사무소,61441,광주 동구 지산로78번길 13,71101,변호사업,44838,44838,1,1,계속,계속,4140756212,41407562120,71101,변호사업
1166535,0,머스타취(mustache),61444,광주 동구 지산로 50,96112,두발 미용업,42552,42552,1,1,계속,계속,4142300149,41423001490,96112,두발 미용업
1166553,0,크린엠비알,61495,광주 동구 소태길 124,74212,"산업설비, 운송장비 및 공공장소 청소업",43891,43891,2,2,계속,계속,4142397912,41423979120,74212,"산업설비, 운송장비 및 공공장소 청소업"
1166554,1,크린엠비알/건설일괄,61495,광주광역시 동구 소태길 124,,,45575,,2,0,일괄유기,,4142397912,41423979126,,
1166763,1,이진산업/건설일괄,61496,광주 동구 학소로92번길 10,,,45960,,5,0,일괄유기,,4143800196,41438001966,,
1166974,0,골드캐럿금거래소,61480,광주 동구 구성로 162-1,46492,시계 및 귀금속제품 도매업,45328,45328,1,1,계속,계속,4146500421,41465004210,46492,시계 및 귀금속제품 도매업
1167524,0,(유)에테르나 반조애 광주점,61488,광주광역시 동구 서석로 20-1,33110,귀금속 및 관련제품 제조업,45871,45871,4,4,계속,계속,4148503635,41485036350,33110,귀금속 및 관련제품 제조업
1167810,0,주식회사 쉽차장,61436,광주광역시 동구 동계천로 150,58222,응용 소프트웨어 개발 및 공급업,45505,45505,1,1,계속,계속,4148703129,41487031290,58222,응용 소프트웨어 개발 및 공급업
1167907,0,해밀건설,61440,광주 동구 지산로85번길 11-12,41111,단독 주택 건설업,44540,44540,2,1,일괄유기,일괄유기,4148802281,41488022816,41111,단독 주택 건설업
1168070,0,광국수산,61489,광주 동구 양림로 113,47214,"신선, 냉동 및 기타 수산물 소매업",40826,40826,1,1,계속,계속,4149700664,41497006640,47214,"신선, 냉동 및 기타 수산물 소매업"
1168670,0,강경중법무사,61441,광주 동구 준법로 31-2,71103,법무사업,40910,40910,3,3,계속,계속,4150771287,41507712870,71103,법무사업
1169321,0,대건,61404,광주광역시 동구 필문대로 70,46441,의약품 도매업,45754,45754,1,1,계속,계속,4152001927,41520019270,46441,의약품 도매업
1169676,0,맨땅에 헤딩즈,61487,광주 동구 백서로125번길 34-2,58221,시스템 소프트웨어 개발 및 공급업,45040,45040,2,2,계속,계속,4154900837,41549008370,58221,시스템 소프트웨어 개발 및 공급업
1169714,0,박출수법무사,61445,광주 동구 동명로98번길 7-23,71103,법무사업,44487,44487,2,2,계속,계속,4155500615,41555006150,71103,법무사업
1169726,0,역전할머니맥주광주계림점,61422,광주 동구 경양로 247,56213,생맥주 전문점,44346,44346,3,3,계속,계속,4155700526,41557005260,56213,생맥주 전문점
1169735,0,중앙교,61449,광주 동구 필문대로287번길 13-1,56111,한식 일반 음식점업,43709,43709,3,3,계속,계속,4155800289,41558002890,56111,한식 일반 음식점업
1171100,0,(주)극동엔지니어링,61400,광주 동구 독립로 366,41999,건설업본사,40648,40648,1,5,계속,계속,4158139730,41581397300,41999,건설업본사
1171101,0,(주)극동엔지니어링,61400,광주 동구 독립로 366,42311,일반전기 공사업,40728,40728,9,2,일괄유기,일괄유기,4158139730,41581397306,42311,일반전기 공사업
1172687,0,유한회사대명유통,61423,광주 동구 경양로 257,46101,"산업용 농축산물, 섬유 원료 및 동물 중개업",44197,44197,1,1,계속,계속,4158701857,41587018570,46101,"산업용 농축산물, 섬유 원료 및 동물 중개업"
1173759,0,씨제이지엘에스（CJ GLS）,61450,광주 동구 지호로  50,49401,택배업,43696,43696,4,0,계속,계속,4160399636,41603996360,49401,택배업
1174081,0,이원건강의료기동구전남점,61468,광주광역시 동구 백서로 145-1,47812,의료용 기구 소매업,45355,45355,1,1,계속,계속,4160698720,41606987200,47812,의료용 기구 소매업
1174478,0,부성약국,61504,광주 동구 화산로 355,47811,의약품 및 의료용품 소매업,42917,42917,1,1,계속,계속,4161035533,41610355330,47811,의약품 및 의료용품 소매업
1175137,0,트렉스타광주무등산점,61493,광주 동구 증심사길30번길 10,47631,운동 및 경기용품 소매업,43983,43983,1,1,계속,계속,4161527362,41615273620,47631,운동 및 경기용품 소매업
1176702,0,참참미트,61490,광주 동구 양림로 110,47212,육류 소매업,43678,43678,1,1,계속,계속,4162790927,41627909270,47212,육류 소매업
1176920,0,엔터,61479,광주 동구 천변우로 361-14,55102,여관업,44663,44663,2,2,계속,계속,4163263569,41632635690,55102,여관업
1177207,0,재선이앤티,61497,광주 동구 학소로 109,41999,건설업본사,43282,43282,1,1,계속,계속,4166100297,41661002970,41999,건설업본사
1177213,0,국민약국,61489,광주 동구 제봉로 39,47811,의약품 및 의료용품 소매업,44898,44898,2,2,계속,계속,4166100657,41661006570,47811,의약품 및 의료용품 소매업
1177243,0,센트럴약국,61426,광주 동구 제봉로222번길 13,47811,의약품 및 의료용품 소매업,45017,45017,1,1,계속,계속,4166800582,41668005820,47811,의약품 및 의료용품 소매업
1177970,0,현대종합관리(주),61478,광주광역시 동구  천변우로 339,29162,승강기 제조업,36117,36069,16,17,계속,계속,4168118247,41681182470,29162,승강기 제조업
1177971,0,현대종합관리(주)-건설일괄,61478,광주 동구 천변우로 339,42203,승강설비 설치 공사업,42133,42133,1,1,일괄유기,일괄유기,4168118247,41681182476,42203,승강설비 설치 공사업
1178916,0,주식회사 타이어메카동구,61502,광주광역시 동구  남문로 582-1,95211,자동차 종합 수리업,38309,38309,2,2,계속,계속,4168146189,41681461890,95211,자동차 종합 수리업
1179138,0,풀잎건설(주),61437,광주광역시 동구  필문대로191번길 35-1,41999,건설업본사,38749,38749,1,1,계속,계속,4168151265,41681512650,41999,건설업본사
1179139,0,풀잎건설(주),61407,광주광역시 동구  필문대로 143,41121,사무상업용 및 공공기관용 건물 건설업,38807,38807,1,1,일괄유기,일괄유기,4168151265,41681512656,41121,사무상업용 및 공공기관용 건물 건설업
1181664,0,다문화평화교육연구소,61474,광주 동구 예술길15번길,85640,사회교육시설,42891,42891,1,1,계속,계속,4168282334,41682823340,85640,사회교육시설
1181707,0,동구리슈빌숲속마을어린이집,61508,광주 동구 용산1길 2,87210,보육시설 운영업,44197,44197,14,14,계속,계속,4168287299,41682872990,87210,보육시설 운영업
1182249,0,(주)로엘,61478,광주 동구 천변우로 339,41999,건설업본사,42956,42956,3,3,계속,계속,4168602828,41686028280,41999,건설업본사
1182250,0,(주)로엘,61478,광주 동구 천변우로 339,41226,조경 건설업,43066,43066,16,12,일괄유기,일괄유기,4168602828,41686028286,41226,조경 건설업
1182253,0,(주)스시오NC웨이브점,61480,광주 동구 중앙로 163,56122,일식 음식점업,43028,43028,3,3,계속,계속,4168602890,41686028900,56122,일식 음식점업
1182445,0,유한회사 이지애듀,61474,광주 동구 예술길 31-15,85631,외국어학원,43739,43739,1,1,계속,계속,4168701296,41687012960,85631,외국어학원
1182747,0,백아골식육점,61408,광주 동구 밤실로 147,46313,육류 도매업,42767,42767,2,2,계속,계속,4169028257,41690282570,46313,육류 도매업
1183335,0,영란수산,61490,광주 동구 양림로 112,46315,"신선, 냉동 및 기타 수산물 도매업",42217,42217,1,1,계속,계속,4169836748,41698367480,46315,"신선, 냉동 및 기타 수산물 도매업"
1183712,0,귀뚜라미 동화대리점(성도이엔지),61496,광주광역시 동구 학소로 94,46621,배관 및 냉ㆍ난방장치 도매업,41323,41323,1,1,계속,계속,4170384169,41703841690,46621,배관 및 냉ㆍ난방장치 도매업
1185345,0,덕양에너지(주)삼영아름주유소,61504,광주 동구 남문로 523,47711,운송장비용 주유소 운영업,43862,43862,12,12,계속,계속,4171730108,41717301080,47711,운송장비용 주유소 운영업
1185439,0,카페 드 토스트,61434,광주광역시 동구 동계천로 135,56221,커피 전문점,45823,45823,2,2,계속,계속,4171852434,41718524340,56221,커피 전문점
1185627,0,씨유 동명센트로점,61434,광주 동구 동명로 54,47122,체인화 편의점,45945,45945,3,3,계속,계속,4172095095,41720950950,47122,체인화 편의점
1186234,0,더나은약국,61454,광주 동구 남문로 770,47811,의약품 및 의료용품 소매업,44001,44001,1,1,계속,계속,4174300637,41743006370,47811,의약품 및 의료용품 소매업
1189229,0,유한회사 광주개발지점,61513,광주 동구 남문로 275,10219,기타 수산동물 가공 및 저장 처리업,42755,42755,15,15,계속,계속,4178515483,41785154830,10219,기타 수산동물 가공 및 저장 처리업
1189343,0,주식회사에이치모드,61474,"광주광역시 동구 제봉로 145,",47912,전자상거래 소매업,44044,44044,4,4,계속,계속,4178601841,41786018410,47912,전자상거래 소매업
1189614,0,제이피에이주식회사,61487,광주 동구 문화전당로35번길 12-8,55102,여관업,43440,43440,2,2,계속,계속,4178801146,41788011460,55102,여관업
1191626,0,기막힌형제들,61484,광주광역시 동구  서석로7번길 16-8,73301,인물사진 및 행사용 영상 촬영업,42926,42926,4,4,계속,계속,4180852059,41808520590,73301,인물사진 및 행사용 영상 촬영업
1192328,0,화승솔루션,61440,광주 동구 필문대로 217-19,74220,"소독, 구충 및 방제 서비스업",44621,44621,1,1,계속,계속,4182001703,41820017030,74220,"소독, 구충 및 방제 서비스업"
1192566,0,토메이스시,61434,광주 동구 동계천로 155,56122,일식 음식점업,43466,43466,8,8,계속,계속,4183900462,41839004620,56122,일식 음식점업
1193418,0,유한회사 일신중국주류,61424,광주광역시 동구 경양로 234,46331,주류 도매업,36708,36180,3,3,계속,계속,4188117787,41881177870,46331,주류 도매업
1194746,0,지엠팜주식회사,61421,광주광역시 동구  독립로 338,47811,의약품 및 의료용품 소매업,42370,42370,4,4,계속,계속,4188153731,41881537310,47811,의약품 및 의료용품 소매업
1194758,0,주식회사 티디컴퍼니,61484,광주 동구 서석로 3,41999,건설업본사,43760,43760,1,1,계속,계속,4188153973,41881539730,41999,건설업본사
1194759,0,주식회사 티디컴퍼니,61484,광주광역시 동구 서석로 3,42499,그 외 기타 건축 마무리 공사업,44942,44942,1,1,일괄유기,일괄유기,4188153973,41881539736,42499,그 외 기타 건축 마무리 공사업
1195659,0,주식회사 유어클레이,61405,광주 동구 필문대로106번길 16-1,47842,"기념품, 관광 민예품 및 장식용품 소매업",45292,45292,1,1,계속,계속,4188603162,41886031620,47842,"기념품, 관광 민예품 및 장식용품 소매업"
1195872,0,주식회사미나페이,61449,광주 동구 필문대로287번길 12,46443,화장품 및 화장용품 도매업,43313,43313,5,4,계속,계속,4188801019,41888010190,46443,화장품 및 화장용품 도매업
1197281,0,글로벌테크,61492,광주 동구 운림길 58,41999,건설업본사,44774,44774,9,9,계속,계속,4196500483,41965004830,41999,건설업본사
1197968,0,(주)푸케앤코,61434,광주 동구 동명로14번길 26,47830,시계 및 귀금속 소매업,42614,42614,1,1,계속,계속,4198800288,41988002880,47830,시계 및 귀금속 소매업
1198742,0,충장옥 구시청본점,61488,광주광역시 동구 문화전당로35번길 29,56111,한식 일반 음식점업,45444,45444,1,1,계속,계속,4202601616,42026016160,56111,한식 일반 음식점업
1199516,0,주식회사 에이치티코어,61452,광주광역시 동구 필문대로 303,27199,그 외 기타 의료용 기기 제조업,44166,44166,3,3,계속,계속,4208601847,42086018470,27199,그 외 기타 의료용 기기 제조업
1199716,0,주식회사농업회사법인금상유통,61454,광주 동구 남문로 758-1,46312,"채소류, 서류 및 향신작물류 도매업",45139,45139,1,1,계속,계속,4208702692,42087026920,46312,"채소류, 서류 및 향신작물류 도매업"
1200125,0,변호사이서정법률사무소,61441,광주광역시 동구 지산로78번길 13,71101,변호사업,45383,45383,1,1,계속,계속,4210603206,42106032060,71101,변호사업
1200245,0,겟잇뷰커,61483,광주 동구 충장로 72,46443,화장품 및 화장용품 도매업,44105,44105,1,1,계속,계속,4211201591,42112015910,46443,화장품 및 화장용품 도매업
1201470,0,주식회사에스에이치디앤에프,61481,광주 동구 중앙로 179,68222,부동산 투자자문업,44257,44257,1,1,계속,계속,4218801859,42188018590,68222,부동산 투자자문업
1201595,0,해오름한방병원,61484,광주 동구 천변우로  393-3,86104,한방 병원,45383,45383,1,1,계속,계속,4219501798,42195017980,86104,한방 병원
1202421,0,지에스(GS25)동명센트럴점,61429,광주 동구 중앙로 248,47122,체인화 편의점,44960,44960,6,6,계속,계속,4226200606,42262006060,47122,체인화 편의점
1202496,0,시청중앙어린이집,61419,광주 동구 중흥로209번길 16,87210,보육시설 운영업,42984,42984,17,17,계속,계속,4228000726,42280007260,87210,보육시설 운영업
1202720,0,사단법인노동실업광주센터,61475,광주 동구 중앙로196번길 29,75110,고용 알선업,43466,43466,3,3,계속,계속,4228200263,42282002630,75110,고용 알선업
1202726,0,사단법인 샘물복지회,61502,광주 동구 학소로  32,42322,내부 통신배선 공사업,45678,45678,2,2,일괄유기,일괄유기,4228200486,42282004866,42322,내부 통신배선 공사업
1202878,0,주식회사 덕우,61418,광주 동구 무등로 456,41999,건설업본사,44928,44928,1,1,계속,계속,4228602221,42286022210,41999,건설업본사
1203148,0,주식회사 에이제트,61487,광주광역시 동구 서남동 (남동),47912,전자상거래 소매업,43277,43277,4,4,계속,계속,4228801134,42288011340,47912,전자상거래 소매업
1203615,0,점핑배틀 광주충장점,61484,광주광역시 동구 중앙로160번길 20,91299,그 외 기타 분류 안된 오락관련 서비스업,45780,45780,1,1,계속,계속,4231202806,42312028060,91299,그 외 기타 분류 안된 오락관련 서비스업
1203672,0,스코트,61445,광주광역시 동구 지산로 73,56229,기타 비알코올 음료점업,43497,43497,5,5,계속,계속,4231500610,42315006100,56229,기타 비알코올 음료점업
1203754,0,레드트라이앵글,61474,광주 동구 예술길 27,47841,예술품 및 골동품 소매업,45748,45748,1,1,계속,계속,4231902090,42319020900,47841,예술품 및 골동품 소매업
1204136,0,모트광주동명점,61465,광주 동구 제봉로110번길 7,56123,서양식 음식점업,45159,45159,2,2,계속,계속,4235300801,42353008010,56123,서양식 음식점업
1204322,0,케이피산업개발주식회사,61504,광주 동구 화산로 355,68122,비주거용 건물 개발 및 공급업,43971,43971,0,0,계속,계속,4238100177,42381001770,68122,비주거용 건물 개발 및 공급업
1204372,0,(주)검경투데이,61488,광주 동구 백서로125번길 3,63910,뉴스 제공업,43922,43922,1,1,계속,계속,4238101365,42381013650,63910,뉴스 제공업
1205273,0,gs25산수희망점,61437,광주 동구 필문대로191번길 15,47122,체인화 편의점,45780,45780,5,5,계속,계속,4240703202,42407032020,47122,체인화 편의점
1205907,0,세협기계전문점,61418,광주 동구 무등로 446,95310,가전제품 수리업,45232,45232,1,1,계속,계속,4245400854,42454008540,95310,가전제품 수리업
1205921,0,문도,61436,광주광역시 동구 장동로 7,56111,한식 일반 음식점업,45658,45658,2,2,계속,계속,4245800639,42458006390,56111,한식 일반 음식점업
1206229,0,미래지역아동센터,61406,광주 동구 필문대로 142-1,87299,그 외 기타 비거주 복지 서비스업,44562,44562,2,2,계속,계속,4248200459,42482004590,87299,그 외 기타 비거주 복지 서비스업
1206743,0,나르샤태권도,61514,광주 동구 남문로 349,85611,태권도 및 무술 교육기관,44378,44378,2,2,계속,계속,4249100183,42491001830,85611,태권도 및 무술 교육기관
1206901,0,더 나인(THE NINE),61452,광주 동구 조선대1길 17,58222,응용 소프트웨어 개발 및 공급업,45566,45566,1,1,계속,계속,4250302872,42503028720,58222,응용 소프트웨어 개발 및 공급업
1207299,0,키센낫광주점분소,61480,광주 동구 충장로46번길 8-13,33110,귀금속 및 관련제품 제조업,45231,45231,1,1,계속,계속,4252201947,42522019470,33110,귀금속 및 관련제품 제조업
1207460,0,띠어리맨,61470,광주 동구 독립로 268,47414,셔츠 및 블라우스 소매업,43740,43740,1,1,계속,계속,4253400752,42534007520,47414,셔츠 및 블라우스 소매업
1207549,0,에이에이치엠(ahm),61434,광주 동구 동계천로 145,47190,그 외 기타 종합 소매업,44774,44774,2,2,계속,계속,4254300773,42543007730,47190,그 외 기타 종합 소매업
1208199,0,유한회사에이치애비뉴,61489,광주 동구 천변우로 483-4,55102,여관업,43648,43648,10,10,계속,계속,4258701311,42587013110,55102,여관업
1208614,0,마라키친 문화전당점,61487,광주 동구 서석로 40,56121,중식 음식점업,45387,45387,1,1,계속,계속,4260203315,42602033150,56121,중식 음식점업
1209034,0,광주안과의원,61487,광주 동구 백서로137번길 1,86102,일반 병원,35431,35796,22,22,계속,계속,4262301781,42623017810,86102,일반 병원
1209407,0,에프엠마트금남점,61476,광주광역시 동구  금남로 172-1,47121,슈퍼마켓,43617,43617,1,1,계속,계속,4266700374,42667003740,47121,슈퍼마켓
1210491,0,송정은법률사무소,61441,광주 동구 지산로 70,71101,변호사업,45292,45292,3,3,계속,계속,4271002653,42710026530,71101,변호사업
1210603,0,티키타카(TIKITAKA),61436,광주 동구 장동로 19,56122,일식 음식점업,44571,44571,1,1,계속,계속,4271601239,42716012390,56122,일식 음식점업
1211502,0,(주)한울의료기,61443,광주광역시 동구  밤실로30번길 12-1,46592,의료기기 도매업,42917,42917,2,2,계속,계속,4278600738,42786007380,46592,의료기기 도매업
1211591,0,주식회사퍼스트힐파트너스,61472,광주 동구 금남로 185,68129,기타 부동산 개발 및 공급업,45095,45095,1,1,계속,계속,4278602624,42786026240,68129,기타 부동산 개발 및 공급업
1212238,0,무헌조경,61505,광주 동구 남문로 512 (소태동),41226,조경 건설업,44872,44872,1,1,일괄유기,일괄유기,4281000094,42810000946,41226,조경 건설업
1212375,0,씨유광주서석점,61467,광주 동구 백서로198번길 2,47122,체인화 편의점,44621,44621,5,5,계속,계속,4281601703,42816017030,47122,체인화 편의점
1212446,0,노스페이스 무등산점,61493,광주광역시 동구 증심사길30번길 5,47419,기타 의복 소매업,45506,45506,1,1,계속,계속,4282001957,42820019570,47419,기타 의복 소매업
1212955,0,더블에잇88 nc웨이브 충장점,61480,광주 동구 중앙로 161-1,46413,남녀용 겉옷 및 셔츠 도매업,45505,45505,1,1,계속,계속,4287700495,42877004950,46413,남녀용 겉옷 및 셔츠 도매업
1213493,0,주식회사바로고,61473,광주 동구 구성로204번길 22,49402,늘찬 배달업,44824,44824,2,2,계속,계속,4288702527,42887025270,49402,늘찬 배달업
1213871,0,금성식당,61426,광주 동구 제봉로222번길 2,56111,한식 일반 음식점업,44150,44150,2,2,계속,계속,4290301782,42903017820,56111,한식 일반 음식점업
1213975,0,동명책방 꽃이피다,61436,광주 동구 장동로43번길 16,47611,"서적, 신문 및 잡지류 소매업",45481,45481,1,1,계속,계속,4290701854,42907018540,47611,"서적, 신문 및 잡지류 소매업"
1214361,0,레스모아엔씨(NC)광주,61480,광주 동구 중앙로 163,47430,신발 소매업,43040,43040,1,1,계속,계속,4292800393,42928003930,47430,신발 소매업
1214441,0,담원한우곱창,61430,광주광역시 동구 동명로 27,56113,한식 육류요리 전문점,45901,45901,5,5,계속,계속,4293301682,42933016820,56113,한식 육류요리 전문점
1214589,0,지에스25호남충장점,61484,광주광역시 동구 천변우로 381,47122,체인화 편의점,45352,45383,1,1,계속,계속,4295100936,42951009360,47122,체인화 편의점
1214975,0,(주)한국교육정보원민족부사관장교고시학원,61472,광주 동구 금남로 207,85632,기타 교습학원,43862,43862,1,1,계속,계속,4298500571,42985005710,85632,기타 교습학원
1214998,0,동백카츠 동명점,61434,광주광역시 동구 동계천로 147,56123,서양식 음식점업,45566,45566,5,5,계속,계속,4298502792,42985027920,56123,서양식 음식점업
1215199,0,(주)투어프랜드,61473,광주 동구 구성로194번길 7,75210,여행사업,44866,44866,1,1,계속,계속,4298700838,42987008380,75210,여행사업
1215773,0,이삭토스트조대공대점,61453,광주 동구 필문대로 343,56161,"피자, 햄버거, 샌드위치 및 유사 음식점업",42736,42736,1,1,계속,계속,4301000651,43010006510,56161,"피자, 햄버거, 샌드위치 및 유사 음식점업"
1216244,0,이수ESOO,61484,광주광역시 동구 서석로7번길 17,47912,전자상거래 소매업,45749,45749,1,1,계속,계속,4304600397,43046003970,47912,전자상거래 소매업
1216657,0,리버(river),61434,광주 동구 동명로 68,55102,여관업,44440,44440,2,2,계속,계속,4308501435,43085014350,55102,여관업
1216762,0,유한회사깊은실,61434,광주 동구 동계천로 157-1,68129,기타 부동산 개발 및 공급업,44013,44013,2,2,계속,계속,4308601602,43086016020,68129,기타 부동산 개발 및 공급업
1216763,1,유한회사 깊은실,61434,광주광역시 동구 동계천로 157-1,,,45019,,1,0,일괄유기,,4308601602,43086016026,,
1217139,0,프라임에셋 김혁희지사,61502,광주광역시 동구 지원로42번길 10,66202,보험 대리 및 중개업,45376,45376,1,1,계속,계속,4309002044,43090020440,66202,보험 대리 및 중개업
1217246,0,크림,61426,광주 동구 동계천로6번길 11,56123,서양식 음식점업,44743,44743,1,1,계속,계속,4310202055,43102020550,56123,서양식 음식점업
1217777,0,김현진세무회계사무소,61480,광주광역시 동구 구성로152번길 17,71202,세무사업,42492,42492,3,3,계속,계속,4313200165,43132001650,71202,세무사업
1217849,0,국밥,61475,광주 동구 금남로 245,58212,모바일 게임 소프트웨어 개발 및 공급업,45061,45061,2,2,계속,계속,4313901014,43139010140,58212,모바일 게임 소프트웨어 개발 및 공급업
1218316,0,재단법인 한국디지털헬스케어 진흥재단,61480,광주광역시 동구 구성로 162-1,70113,의학 및 약학 연구개발업,45790,45790,7,7,계속,계속,4318200699,43182006990,70113,의학 및 약학 연구개발업
1218783,0,주식회사메리트문자,61508,광주 동구 용산3길  17,63999,그 외 기타 정보 서비스업,45862,45862,1,1,계속,계속,4318802442,43188024420,63999,그 외 기타 정보 서비스업
1219372,0,스케치,61430,광주 동구 동계천로95번길 20-1,56221,커피 전문점,44471,44471,1,1,계속,계속,4322101365,43221013650,56221,커피 전문점
1219829,0,바스타레(BASTARE),61488,광주광역시 동구 서석로 16-2,46413,남녀용 겉옷 및 셔츠 도매업,45231,45231,2,2,계속,계속,4327500506,43275005060,46413,남녀용 겉옷 및 셔츠 도매업
1220997,1,지에스(GS)25소녀감성점,61487,광주 동구 문화전당로 35,,,44257,,2,0,계속,,4331401322,43314013220,,
1221463,0,일등철거,61437,광주 동구 밤실로 73,42499,그 외 기타 건축 마무리 공사업,44489,44489,1,1,일괄유기,일괄유기,4335100124,43351001246,42499,그 외 기타 건축 마무리 공사업
1222424,0,경성꽈베기 월남점,61514,광주광역시 동구 남문로 341,56150,제과점업,45726,45726,1,1,계속,계속,4340103454,43401034540,56150,제과점업
1222647,0,숯과닭발,61488,광주 동구 문화전당로35번길 34,56111,한식 일반 음식점업,44533,44533,1,1,계속,계속,4341101265,43411012650,56111,한식 일반 음식점업
1223310,0,포뮤즈,61476,광주 동구 충장로 13-10,96112,두발 미용업,44682,44682,2,2,계속,계속,4347800366,43478003660,96112,두발 미용업
1223567,0,엔제리너스조선대병원점,61453,광주광역시 동구 필문대로 365,56221,커피 전문점,43344,43344,13,8,계속,계속,4348501117,43485011170,56221,커피 전문점
1224009,0,주식회사골든락,61477,광주광역시 동구 독립로226번길 5-10,55101,호텔업,44998,44998,5,5,계속,계속,4348802489,43488024890,55101,호텔업
1224110,0,우리건강내과의원,61464,광주 동구 남문로 663,86102,일반 병원,43549,43549,4,4,계속,계속,4349600716,43496007160,86102,일반 병원
1224383,0,풍남옥본점,61475,광주 동구 예술길 38-1,56111,한식 일반 음식점업,42887,42887,4,4,계속,계속,4351000700,43510007000,56111,한식 일반 음식점업
1224800,0,신흥회관,61500,광주 동구 지원로5번길 29-7,56111,한식 일반 음식점업,43475,43475,0,0,계속,계속,4353700503,43537005030,56111,한식 일반 음식점업
1225793,0,독수리정형외과의원,61502,광주광역시 동구 남문로 586,86102,일반 병원,45383,45383,8,8,계속,계속,4359002184,43590021840,86102,일반 병원
1226493,0,소산식품,61401,광주 동구 중앙로363번길 3-1,47223,조리 반찬류 소매업,44713,44713,5,5,계속,계속,4363201266,43632012660,47223,조리 반찬류 소매업
1227884,0,더빌리진,61488,광주 동구 백서로125번길 35,56211,일반 유흥주점업,42644,42644,1,1,계속,계속,4371200409,43712004090,56211,일반 유흥주점업
1228108,0,거대유통,61506,광주 동구 천변좌로650번길 18-2,46323,"빵류, 과자류, 당류, 초콜릿 도매업",44774,44774,3,3,계속,계속,4372500995,43725009950,46323,"빵류, 과자류, 당류, 초콜릿 도매업"
1228446,0,세븐일레븐 광주운림라인점,61492,광주 동구 운림길 71,47122,체인화 편의점,44247,44247,1,1,계속,계속,4376100391,43761003910,47122,체인화 편의점
1228672,0,글로벌에듀파트너스주식회사,61474,광주 동구 제봉로 145,85632,기타 교습학원,44562,44562,5,5,계속,계속,4378102631,43781026310,85632,기타 교습학원
1228743,0,서남동인쇄문화 마을관리 사회적협동조합,61487,광주 동구 문화전당로23번길 8-1,58190,기타 인쇄물 출판업,45390,45390,1,1,계속,계속,4378200571,43782005710,58190,기타 인쇄물 출판업
1229612,0,울타리,61439,광주광역시 동구 필문대로205번길 19-24,56221,커피 전문점,45597,45597,1,1,계속,계속,4381102460,43811024600,56221,커피 전문점
1231188,0,김밥천국(소태점),61500,광주광역시 동구 지원로 3,56111,한식 일반 음식점업,45545,45545,1,1,계속,계속,4390503194,43905031940,56111,한식 일반 음식점업
1231204,0,웨잇,61436,광주 동구 동명로 8,56219,기타 주점업,44218,44244,2,1,계속,계속,4390601892,43906018920,56219,기타 주점업
1231213,0,에이플로우건축사사무소,61431,광주 동구 제봉로138번길 9,72111,건축설계 및 관련 서비스업,45171,45171,1,1,계속,계속,4390602697,43906026970,72111,건축설계 및 관련 서비스업
1231590,0,로맨틱뮤지엄,61431,광주광역시 동구 동계천로 110,56221,커피 전문점,45762,45762,1,1,계속,계속,4392601885,43926018850,56221,커피 전문점
1231641,0,씨유산수에이스점,61438,광주 동구 밤실로82번길 1,47122,체인화 편의점,44681,44681,2,2,계속,계속,4393001204,43930012040,47122,체인화 편의점
1232348,0,주식회사토브컴퍼니,61494,광주 동구 의재로136번길 22-3,58222,응용 소프트웨어 개발 및 공급업,44228,44228,1,1,계속,계속,4398601934,43986019340,58222,응용 소프트웨어 개발 및 공급업
1232412,0,주식회사 해화수개발,61472,광주광역시 동구 금남로 199,74100,사업시설 유지관리 서비스업,45483,45483,1,1,계속,계속,4398603325,43986033250,74100,사업시설 유지관리 서비스업
1232646,0,법무법인가현,61440,광주 동구 지산로85번길 11-9,71101,변호사업,44013,44013,5,5,계속,계속,4398801660,43988016600,71101,변호사업
1232827,0,아메리칸피자 조대산수점,61439,광주 동구 필문대로205번길 29-1,56161,"피자, 햄버거, 샌드위치 및 유사 음식점업",44635,44635,2,2,계속,계속,4400102159,44001021590,56161,"피자, 햄버거, 샌드위치 및 유사 음식점업"
1232880,0,씨유 금남유탑점,61479,광주광역시 동구 천변우로 361-21,47122,체인화 편의점,45809,45809,2,2,계속,계속,4400303545,44003035450,47122,체인화 편의점
1232905,0,법률사무소 플라츠,61445,광주 동구 동명로 96,71101,변호사업,43831,43831,2,2,계속,계속,4400501691,44005016910,71101,변호사업
1233129,0,노랑통닭광주계림점,61424,광주광역시 동구 경양로 234,56162,치킨 전문점,44609,44609,4,4,계속,계속,4401601834,44016018340,56162,치킨 전문점
1233145,0,동양건축,61443,광주 동구 밤실로4번안길 20-1,42499,그 외 기타 건축 마무리 공사업,43282,43601,1,1,일괄유기,일괄유기,4401800498,44018004986,42499,그 외 기타 건축 마무리 공사업
1233263,0,폴른8(fallen8),61458,광주 동구 남문로693번길 24,73202,제품 디자인업,44872,44872,1,1,계속,계속,4402601492,44026014920,73202,제품 디자인업
1233440,0,원나인스텐드,61430,광주 동구 동명로 19-10,56111,한식 일반 음식점업,45017,45017,4,4,계속,계속,4404200926,44042009260,56111,한식 일반 음식점업
1233597,0,로프트28(Loft28),61487,광주 동구 백서로125번길 34,56211,일반 유흥주점업,44240,44240,1,1,계속,계속,4406800251,44068002510,56211,일반 유흥주점업
1233852,0,계림지역아동센터,61412,광주 동구 중앙로 326,87210,보육시설 운영업,44562,44562,3,3,계속,계속,4408200368,44082003680,87210,보육시설 운영업
1233892,0,타마,61484,광주광역시 동구 서석로7번길 12-31,56122,일식 음식점업,45462,45462,3,3,계속,계속,4408502329,44085023290,56122,일식 음식점업
1234714,0,씨유 계림신화점,61400,광주 동구 무등로307번길 9,47122,체인화 편의점,44896,44896,8,6,계속,계속,4411301364,44113013640,47122,체인화 편의점
1235752,0,(주)브레디스헬스케어,61487,광주광역시 동구 백서로125번길 34-2,70113,의학 및 약학 연구개발업,45019,45019,1,1,계속,계속,4418602877,44186028770,70113,의학 및 약학 연구개발업
1236787,0,목포복집,61479,광주 동구 구성로 150,56111,한식 일반 음식점업,44197,44197,1,1,계속,계속,4424000307,44240003070,56111,한식 일반 음식점업
1237144,0,서경예술협동조합,61471,광주광역시 동구 독립로264번길 28,90199,그 외 기타 창작 및 예술관련 서비스업,45297,45297,1,1,계속,계속,4428102079,44281020790,90199,그 외 기타 창작 및 예술관련 서비스업
1237579,0,신화시스템주식회사,61502,광주광역시 동구  지원로12번길 15,41999,건설업본사,42339,42339,2,2,계속,계속,4428800217,44288002170,41999,건설업본사
1237580,0,신화시스템주식회사,61502,광주 동구 지원로12번길 15,42311,일반전기 공사업,42345,42345,2,1,일괄유기,일괄유기,4428800217,44288002176,42311,일반전기 공사업
1237686,0,주식회사티처라인,61475,광주 동구 금남로  245,58222,응용 소프트웨어 개발 및 공급업,45097,45097,4,4,계속,계속,4428802710,44288027100,58222,응용 소프트웨어 개발 및 공급업
1237787,0,산하환경조형연구소,61412,광주 동구 무등로 374,23229,기타 일반 도자기 제조업,43831,43831,1,1,계속,계속,4429501062,44295010620,23229,기타 일반 도자기 제조업
1237912,0,로고(Logo),61483,광주 동구 중앙로160번길 31-2,47412,여자용 겉옷 소매업,43654,43654,1,1,계속,계속,4430400559,44304005590,47412,여자용 겉옷 소매업
1238044,0,르블랑데이,61454,광주 동구 남문로  764,73301,인물사진 및 행사용 영상 촬영업,45992,45992,1,1,계속,계속,4430901795,44309017950,73301,인물사진 및 행사용 영상 촬영업
1238512,0,에스비컴퍼니,61468,광주광역시 동구 서남로 14,47912,전자상거래 소매업,45469,45469,1,1,계속,계속,4434101155,44341011550,47912,전자상거래 소매업
1238607,0,파리바게트 광주계림아이파크,61404,광주 동구 필문대로 70,56150,제과점업,44835,44835,1,1,계속,계속,4435400724,44354007240,56150,제과점업
1238855,0,보라조경주식회사,61511,광주 동구 녹동길 99-12,41999,건설업본사,44029,44029,1,3,계속,계속,4438101715,44381017150,41999,건설업본사
1238856,0,보라조경주식회사,61511,광주 동구 녹동길 99-12,41226,조경 건설업,44526,44526,3,1,일괄유기,일괄유기,4438101715,44381017156,41226,조경 건설업
1238976,0,여덟번째파장콜렉트비,61434,광주 동구 동계천로 135-3,47842,"기념품, 관광 민예품 및 장식용품 소매업",45108,45108,2,2,계속,계속,4438502051,44385020510,47842,"기념품, 관광 민예품 및 장식용품 소매업"
1239023,0,주식회사골든기업,61477,광주 동구 독립로226번길  31,41999,건설업본사,42826,42826,3,3,계속,계속,4438600540,44386005400,41999,건설업본사
1239024,0,주식회사골든기업,61477,광주 동구 독립로226번길  31,41119,기타 공동 주택 건설업,42859,42859,7,7,일괄유기,일괄유기,4438600540,44386005406,41119,기타 공동 주택 건설업
1239047,0,베스컴 주식회사,61477,광주 동구 충장로22번길 8-3,46699,그 외 기타 건축자재 도매업,43439,43439,1,1,계속,계속,4438601025,44386010250,46699,그 외 기타 건축자재 도매업
1239517,0,충장분식,61483,광주광역시 동구 충장로 106-1,56221,커피 전문점,43282,43282,4,4,계속,계속,4440101036,44401010360,56221,커피 전문점
1239714,0,변호사김형주법률사무소,61441,광주광역시 동구  준법로25번길 16,71101,변호사업,42716,42716,2,2,계속,계속,4441000397,44410003970,71101,변호사업
1240104,0,지에스(GS)25 계림두산위브점,61413,광주광역시 동구 중앙로290번길 16,47122,체인화 편의점,45659,45659,2,2,계속,계속,4443601566,44436015660,47122,체인화 편의점
1240394,0,학동무등산모아미래도타운입주자대표회의,61460,광주광역시 동구 의재로33번길 34,68211,주거용 부동산 관리업,43770,43770,2,2,계속,계속,4448000823,44480008230,68211,주거용 부동산 관리업
1240648,0,지에스25(GS25)계림푸른길점,61414,광주광역시 동구 계림로30번길 15,47122,체인화 편의점,45413,45413,1,1,계속,계속,4448502883,44485028830,47122,체인화 편의점
1241271,0,"비비비,베이커리(BBB,Bakery)",61491,광주 동구 의재로 117,56221,커피 전문점,44835,44835,3,2,계속,계속,4450302798,44503027980,56221,커피 전문점
1241289,0,가구NID,61478,광주광역시 동구  천변우로 339,47520,가구 소매업,43374,43374,1,1,계속,계속,4450401137,44504011370,47520,가구 소매업
1241417,0,하나부분코팅,61487,광주광역시 동구 문화전당로23번길 6-3,18119,기타 인쇄업,45789,45789,1,1,계속,계속,4450901447,44509014470,18119,기타 인쇄업
1241825,0,헤어짱,61418,광주 동구 무등로 472,96112,두발 미용업,44729,44729,1,1,계속,계속,4453000568,44530005680,96112,두발 미용업
1242128,0,아뜰리에온화,61436,광주 동구 장동로 1,47851,화초 및 식물 소매업,44774,44774,2,2,계속,계속,4456300358,44563003580,47851,화초 및 식물 소매업
1242135,0,성민조경,61438,광주 동구 밤실로92번길 10,46202,종자 및 묘목 도매업,45240,45240,1,1,계속,계속,4456400433,44564004330,46202,종자 및 묘목 도매업
1242919,0,스위밍차일드(계림직영점),61420,광주 동구 무등로 334,91133,수영장 운영업,44096,44096,7,7,계속,계속,4459001391,44590013910,91133,수영장 운영업
1243257,0,수을상,61434,광주광역시 동구 동계천로 143-6,56111,한식 일반 음식점업,45809,45809,1,1,계속,계속,4461102379,44611023790,56111,한식 일반 음식점업
1243428,0,에스지(SG)건설,61496,광주 동구 학소로86번안길 23,41999,건설업본사,44025,44025,3,1,계속,계속,4462201037,44622010370,41999,건설업본사
1244354,0,(주)피피지,61452,광주 동구 조선대길 184,58221,시스템 소프트웨어 개발 및 공급업,43712,43712,2,2,계속,계속,4468701389,44687013890,58221,시스템 소프트웨어 개발 및 공급업
1244408,0,케이제이에셋주식회사,61445,광주 동구 동명로 110,68122,비주거용 건물 개발 및 공급업,45047,45047,3,3,계속,계속,4468702786,44687027860,68122,비주거용 건물 개발 및 공급업
1244973,0,비비큐(BBQ)광주동명점,61436,광주 동구 동계천로 126,56162,치킨 전문점,44986,44986,2,2,계속,계속,4471201384,44712013840,56162,치킨 전문점
1245027,0,바별카튜닝,61448,광주 동구 필문대로 251,95212,자동차 전문 수리업,44693,44693,1,1,계속,계속,4471501901,44715019010,95212,자동차 전문 수리업
1245250,0,세종악기,61473,광주 동구 중앙로 207,47593,악기 소매업,45355,45355,1,1,계속,계속,4473100988,44731009880,47593,악기 소매업
1245455,0,오로(ORO),61483,광주 동구 충장로 100,47830,시계 및 귀금속 소매업,44105,44105,1,1,계속,계속,4475300622,44753006220,47830,시계 및 귀금속 소매업
1245620,0,정다운 노인복지센터,61440,광주 동구 필문대로205번길 12-1,87293,방문 복지서비스 제공업,45141,45141,12,9,계속,계속,4478002820,44780028200,87293,방문 복지서비스 제공업
1245831,0,주식회사리부트(지점),61481,광주 동구 중앙로 179,59120,"영화, 비디오물 및 방송프로그램 제작 관련 서비스업",43678,43678,0,0,계속,계속,4478501049,44785010490,59120,"영화, 비디오물 및 방송프로그램 제작 관련 서비스업"
1246150,0,주식회사수리리빙,61482,광주 동구 금남로 220,47911,전자상거래 소매 중개업,44896,44896,3,3,계속,계속,4478702678,44787026780,47911,전자상거래 소매 중개업
1247079,0,목하식당,61430,광주 동구 동명로25번길 6,56111,한식 일반 음식점업,43112,43112,4,4,계속,계속,4483700339,44837003390,56111,한식 일반 음식점업
1247887,0,법무법인 로히어(LawFirm Lawhere),61445,광주광역시 동구 지산로 73,71101,변호사업,45413,45413,7,7,계속,계속,4488702948,44887029480,71101,변호사업
1247899,0,한뿌리 농업회사법인주식회사,61408,광주광역시 동구 밤실로 147,46312,"채소류, 서류 및 향신작물류 도매업",45717,45717,1,1,계속,계속,4488703248,44887032480,46312,"채소류, 서류 및 향신작물류 도매업"
1248134,0,라임,61484,광주 동구 서석로7번길 12-24,47412,여자용 겉옷 소매업,44842,44842,1,1,계속,계속,4490200169,44902001690,47412,여자용 겉옷 소매업
1248533,0,서울깍두기(충장로점),61483,광주 동구 서석로 41-1,56111,한식 일반 음식점업,43368,43368,22,22,계속,계속,4492000635,44920006350,56111,한식 일반 음식점업
1248774,0,도야짬뽕계림점,61417,광주 동구 무등로 400,56121,중식 음식점업,44986,44986,1,1,계속,계속,4493701312,44937013120,56121,중식 음식점업
1249148,0,백산기업주식회사,61463,광주 동구 남문로 686,41999,건설업본사,43556,43556,2,2,계속,계속,4498101450,44981014500,41999,건설업본사
1249149,0,백산기업주식회사,61463,광주 동구 남문로 686,42412,"도배, 실내장식 및 내장 목공사업",43889,43889,1,1,일괄유기,일괄유기,4498101450,44981014506,42412,"도배, 실내장식 및 내장 목공사업"
1249576,0,(주)젠다이브,61472,광주광역시 동구 308호 금남로 193-22,58222,응용 소프트웨어 개발 및 공급업,44830,44830,14,14,계속,계속,4498702752,44987027520,58222,응용 소프트웨어 개발 및 공급업
1249661,0,(유)태양렌트카,61449,광주 동구 필문대로289번길 2-2,76110,자동차 임대업,42752,42752,1,1,계속,계속,4498800523,44988005230,76110,자동차 임대업
1249801,0,기억드림 정신건강의학과,61473,광주 동구 제봉로 187,86102,일반 병원,45567,45567,3,3,계속,계속,4499102439,44991024390,86102,일반 병원
1249888,0,안중용최호현영수학원,61436,광주 동구 장동로 23-45,85501,일반 교과 학원,43812,43812,0,0,계속,계속,4499900849,44999008490,85501,일반 교과 학원
1250802,0,나눔재가노인복지센터,61402,광주 동구 중앙로 358,87299,그 외 기타 비거주 복지 서비스업,45019,45019,2,1,계속,계속,4508002753,45080027530,87299,그 외 기타 비거주 복지 서비스업
1250942,0,법무법인 청율로(cheongyullo),61439,광주광역시 동구 필문대로 203,71101,변호사업,45950,45950,6,6,계속,계속,4508103685,45081036850,71101,변호사업
1251305,0,유한회사작은솔,61461,광주 동구 증심천로89번길 16,74211,건축물 일반 청소업,43257,43257,1,1,계속,계속,4508800595,45088005950,74211,건축물 일반 청소업
1252543,0,(주)지담미디어,61475,광주광역시 동구 중앙로 202,59114,방송 프로그램 제작업,44044,44044,4,4,계속,계속,4518101768,45181017680,59114,방송 프로그램 제작업
1252830,0,동명제과주식회사,61434,광주 동구 동계천로 157-1,47221,"빵류, 과자류 및 당류 소매업",44256,44256,24,23,계속,계속,4518602122,45186021220,47221,"빵류, 과자류 및 당류 소매업"
1252884,0,주식회사 디자인데코,61419,광주광역시 동구 독립로 352,41999,건설업본사,45415,45415,4,4,계속,계속,4518603285,45186032850,41999,건설업본사
1252885,0,(주)디자인데코,61419,광주 동구 독립로  352,42499,그 외 기타 건축 마무리 공사업,45627,45627,1,1,일괄유기,일괄유기,4518603285,45186032856,42499,그 외 기타 건축 마무리 공사업
1253101,0,주식회사 중흥,61478,광주 동구 천변우로 339,46699,그 외 기타 건축자재 도매업,43221,43221,2,2,계속,계속,4518800924,45188009240,46699,그 외 기타 건축자재 도매업
1253700,0,족발창고 산수점,61411,광주 동구 무등로 505,56111,한식 일반 음식점업,44531,44531,1,1,계속,계속,4522001528,45220015280,56111,한식 일반 음식점업
1254392,0,사단법인 광주마당,61474,광주 동구 예술길15번길 10-1,94939,기타 시민운동 단체,42709,42709,0,0,계속,계속,4528200100,45282001000,94939,기타 시민운동 단체
1254992,0,벨루어가죽학원,61486,광주 동구 문화전당로26번길 10-6,85699,그 외 기타 분류 안된 교육기관,44118,44118,1,1,계속,계속,4529700666,45297006660,85699,그 외 기타 분류 안된 교육기관
1255275,0,영원,61434,광주광역시 동구 동명로20번길 6,56111,한식 일반 음식점업,45597,45597,1,1,계속,계속,4531202772,45312027720,56111,한식 일반 음식점업
1255579,0,금별맥주 광주동명점,61434,광주광역시 동구 동계천로 143-36,56213,생맥주 전문점,45840,45840,4,4,계속,계속,4533101847,45331018470,56213,생맥주 전문점
1257342,0,농성화로 계림점,61417,광주광역시 동구 무등로384번길 25-2,56113,한식 육류요리 전문점,45841,45841,4,4,계속,계속,4543501547,45435015470,56113,한식 육류요리 전문점
1258190,0,주식회사헤리티지아이티,61472,광주광역시 동구 금남로 193-22,58222,응용 소프트웨어 개발 및 공급업,44637,44637,2,2,계속,계속,4548702297,45487022970,58222,응용 소프트웨어 개발 및 공급업
1258974,0,바른초밥 그랜드센트럴점,61426,광주 동구 동계천로 26,56213,생맥주 전문점,45152,45152,1,1,계속,계속,4552701996,45527019960,56213,생맥주 전문점
1259127,0,더블루,61487,광주 동구 서석로 40,75992,"전시, 컨벤션 및 행사 대행업",45187,45187,1,1,계속,계속,4554200383,45542003830,75992,"전시, 컨벤션 및 행사 대행업"
1259389,0,주식회사레드컨설팅,61472,광주 동구 금남로 181,66192,투자 자문업 및 투자 일임업,42248,42248,2,2,계속,계속,4558100209,45581002090,66192,투자 자문업 및 투자 일임업
1259729,0,주식회사피제이홀딩스,61479,광주광역시 동구 구성로148번길 10-2,68221,부동산 중개 및 대리업,44652,44652,1,1,계속,계속,4558602352,45586023520,68221,부동산 중개 및 대리업
1259862,0,주식회사 서경엘리베이터,61433,광주광역시 동구 필문대로206번길 12-6,29162,승강기 제조업,44105,44105,22,22,계속,계속,4558701990,45587019900,29162,승강기 제조업
1259863,0,주식회사 서경엘리베이터,61433,광주 동구 필문대로206번길 12-6,42203,승강설비 설치 공사업,45217,45217,2,2,일괄유기,일괄유기,4558701990,45587019906,42203,승강설비 설치 공사업
1260018,0,(유)로다소프트,61473,광주 동구 구성로194번길 11,58222,응용 소프트웨어 개발 및 공급업,44621,44621,1,1,계속,계속,4558802453,45588024530,58222,응용 소프트웨어 개발 및 공급업
1260134,0,메디칼이송단,61504,광주 동구 화산로351번길 4,86901,앰뷸런스 서비스업,42552,42552,2,2,계속,계속,4559600241,45596002410,86901,앰뷸런스 서비스업
1260419,0,일담 충장직영점,61483,광주광역시 동구 서석로 41,56122,일식 음식점업,45757,45757,1,1,계속,계속,4561003306,45610033060,56122,일식 음식점업
1260528,0,땀샘,61463,광주 동구 남문로 686,91132,체력단련시설 운영업,42492,42492,1,1,계속,계속,4561600179,45616001790,91132,체력단련시설 운영업
1260559,0,세화,61434,광주 동구 동계천로 129-3,56111,한식 일반 음식점업,45017,45017,1,1,계속,계속,4561702188,45617021880,56111,한식 일반 음식점업
1260779,0,피엘라벤 광주점,61493,광주 동구 증심사길30번길 19,47419,기타 의복 소매업,43952,43952,1,1,계속,계속,4563200733,45632007330,47419,기타 의복 소매업
1260783,0,이마트24광주소태대아점,61501,광주 동구 지원로 35,47122,체인화 편의점,45144,45144,2,2,계속,계속,4563201237,45632012370,47122,체인화 편의점
1260874,0,반반(BANBAN),61483,광주 동구 중앙로160번길 27-1,47419,기타 의복 소매업,44379,44379,4,4,계속,계속,4564100773,45641007730,47419,기타 의복 소매업
1261061,0,더미인나라,61479,광주 동구 구성로152번길 20,96113,피부 미용업,43497,43497,2,2,계속,계속,4566800066,45668000660,96113,피부 미용업
1262325,0,법무사홍영태사무소,61445,광주 동구 동명로 110,71103,법무사업,42786,42786,1,1,계속,계속,4571900474,45719004740,71103,법무사업
1262546,0,와온치과,61404,광주 동구 필문대로 70,86202,치과 의원,44838,44838,3,3,계속,계속,4573501134,45735011340,86202,치과 의원
1262807,0,킹스꼬마김밥NC충장점,61480,광주 동구 중앙로 163,56191,김밥 및 기타 간이 음식점업,44348,44348,1,1,계속,계속,4577100360,45771003600,56191,김밥 및 기타 간이 음식점업
1263502,0,(주)탑트래버스,61478,광주 동구 천변우로 339,72121,건물 및 토목 엔지니어링 서비스업,44013,44013,5,5,계속,계속,4578801687,45788016870,72121,건물 및 토목 엔지니어링 서비스업
1264263,0,지오텔레콤,61402,광주 동구 필문대로 6,47312,통신기기 소매업,45943,45943,4,4,계속,계속,4583300866,45833008660,47312,통신기기 소매업
1265232,0,주식회사부커스,61475,광주광역시 동구 금남로 245,46453,"서적, 잡지 및 기타 인쇄물 도매업",44039,44039,10,10,계속,계속,4588801884,45888018840,46453,"서적, 잡지 및 기타 인쇄물 도매업"
1265328,0,생각아이놀이,61417,광주 동구 산수길 15,47611,"서적, 신문 및 잡지류 소매업",45108,45108,1,1,계속,계속,4589200882,45892008820,47611,"서적, 신문 및 잡지류 소매업"
1265349,0,만축산,61433,광주 동구 필문대로 190,47212,육류 소매업,45047,45047,1,1,계속,계속,4589401599,45894015990,47212,육류 소매업
1265496,0,증심사지구 공영주차장,61493,광주 동구 운림동 ,52915,주차장 운영업,45566,45566,2,2,계속,계속,4590402950,45904029500,52915,주차장 운영업
1265506,0,아이엔아이,61433,광주 동구 필문대로 214-1,72121,건물 및 토목 엔지니어링 서비스업,44200,44200,1,1,계속,계속,4590501147,45905011470,72121,건물 및 토목 엔지니어링 서비스업
1265700,0,법무사 김성현 사무소,61444,광주 동구 준법로 4,71103,법무사업,43206,43206,1,1,계속,계속,4591400719,45914007190,71103,법무사업
1265812,0,현유정보,61417,광주 동구 무등로 398-10,46510,"컴퓨터 및 주변장치, 소프트웨어 도매업",45414,45414,1,1,계속,계속,4592101394,45921013940,46510,"컴퓨터 및 주변장치, 소프트웨어 도매업"
1266562,0,제이타워빌딩,61426,광주 동구 독립로 286,74211,건축물 일반 청소업,44774,44774,1,1,계속,계속,4598502094,45985020940,74211,건축물 일반 청소업
1266586,0,(주)제이케이대부중개,61473,광주 동구 구성로204번길 2,66199,그 외 기타 금융지원 서비스업,42370,42370,2,2,계속,계속,4598600211,45986002110,66199,그 외 기타 금융지원 서비스업
1267203,0,형제푸드시스템,61448,광주광역시 동구  지호로 22-7,46324,낙농품 및 동식물성 유지 도매업,42760,42760,1,1,계속,계속,4600300616,46003006160,46324,낙농품 및 동식물성 유지 도매업
1267328,0,어울림통신,61487,광주 동구 백서로125번길 34-2,46522,"통신, 방송장비 및 부품 도매업",45292,45292,1,1,계속,계속,4600702515,46007025150,46522,"통신, 방송장비 및 부품 도매업"
1267405,0,변호사김성연법률사무소,61441,광주 동구 지산로 74-8,71101,변호사업,42791,42791,3,3,계속,계속,4601100659,46011006590,71101,변호사업
1267865,0,유진건업,61478,광주 동구 독립로226번길 6,41999,건설업본사,44835,44835,1,1,계속,계속,4604300719,46043007190,41999,건설업본사
1267988,0,건축사사무소테라,61458,광주 동구 남문로701번길 21,72111,건축설계 및 관련 서비스업,44138,44138,0,0,계속,계속,4605900345,46059003450,72111,건축설계 및 관련 서비스업
1268837,0,변호사장기영법률사무소,61445,광주 동구 동명로 110,71101,변호사업,44562,44562,1,1,계속,계속,4609001236,46090012360,71101,변호사업
1268907,0,재성한방병원,61401,광주 동구 중앙로 339,86104,한방 병원,44956,44956,3,3,계속,계속,4609801488,46098014880,86104,한방 병원
1269116,0,세븐일레븐 광주산수그린점,61407,광주 동구 필문대로145번길 2,47122,체인화 편의점,44652,44652,2,2,계속,계속,4610902225,46109022250,47122,체인화 편의점
1269205,0,전문약국,61489,광주 동구 제봉로 27,47811,의약품 및 의료용품 소매업,43206,43206,2,2,계속,계속,4611400819,46114008190,47811,의약품 및 의료용품 소매업
1270131,0,주식회사 트윈플러스,61475,광주광역시 동구 금남로 245,58113,일반 서적 출판업,44287,44287,2,2,계속,계속,4618601926,46186019260,58113,일반 서적 출판업
1270519,0,주식회사 이노바메디,61452,광주광역시 동구 조선대1길 17,27199,그 외 기타 의료용 기기 제조업,45778,45778,1,1,계속,계속,4618803286,46188032860,27199,그 외 기타 의료용 기기 제조업
1270746,0,라이더스그룹(바로Go),61400,광주 동구 서암대로 304-1,49402,늘찬 배달업,44540,44540,2,2,계속,계속,4620601572,46206015720,49402,늘찬 배달업
1270957,0,슬러핀 커피,61444,광주 동구 준법로 14,10891,커피 가공업,43990,43990,1,1,계속,계속,4621800784,46218007840,10891,커피 가공업
1271471,0,더 프레야,61434,광주 동구 동명로20번길 5,76292,의류 임대업,45444,45444,1,1,계속,계속,4626900578,46269005780,76292,의류 임대업
1271489,0,라벨르의원,61469,광주광역시 동구  제봉로 8,86201,일반 의원,42095,42095,7,8,계속,계속,4627400010,46274000100,86201,일반 의원
1271791,0,주식회사포메딕,61402,광주 동구 중앙로 358,46107,그 외 기타 특정 상품 중개업,42856,42856,3,3,계속,계속,4628600541,46286005410,46107,그 외 기타 특정 상품 중개업
1271854,0,주식회사챕터투홀딩스,61484,광주광역시 동구 중앙로160번길 16-7,71531,경영 컨설팅업,44621,44621,1,1,계속,계속,4628601763,46286017630,71531,경영 컨설팅업
1272710,0,다이닝카페by엔제리너스,61493,광주 동구 증심사길 25,56221,커피 전문점,44743,44743,1,2,계속,계속,4631600463,46316004630,56221,커피 전문점
1272775,0,이마트24 조선대체대점(이일형),61452,광주 동구 조선대2길 11,47122,체인화 편의점,45017,45017,1,1,계속,계속,4631901842,46319018420,47122,체인화 편의점
1272923,0,블루웨일,61434,광주광역시 동구 동계천로 169-3,56221,커피 전문점,43886,43886,0,0,계속,계속,4632900838,46329008380,56221,커피 전문점
1273386,0,주식회사 이영시스템,61432,광주 동구 동명로 63-49,16101,일반 제재업,43466,43466,1,1,계속,계속,4638101214,46381012140,16101,일반 제재업
1273540,0,코코넛사일로주식회사,61487,광주 동구 백서로125번길 34-2,58222,응용 소프트웨어 개발 및 공급업,45117,45117,4,4,계속,계속,4638502185,46385021850,58222,응용 소프트웨어 개발 및 공급업
1274098,0,미지하우스,61443,광주 동구 밤실로4번길 15-4,42412,"도배, 실내장식 및 내장 목공사업",44363,44363,1,1,일괄유기,일괄유기,4640101272,46401012726,42412,"도배, 실내장식 및 내장 목공사업"
1274293,0,오꼬다꼬,61436,광주 동구 제봉로 126,56122,일식 음식점업,44745,44745,3,3,계속,계속,4640901657,46409016570,56122,일식 음식점업
1274321,0,스타일골드,61479,광주 동구 천변우로 363-23,47912,전자상거래 소매업,42856,42856,1,1,계속,계속,4641100234,46411002340,47912,전자상거래 소매업
1274745,0,세븐일레븐광주학동하늘점,61462,광주 동구 의재로 60,47122,체인화 편의점,42996,42996,1,1,계속,계속,4644000215,46440002150,47122,체인화 편의점
1274826,2,화신창호,61400,광주 동구 무등로307번길 3,41999,건설업본사,,43983,0,1,,계속,4644900329,46449003290,41999,건설업본사
1274827,1,화신창호,61400,광주 동구 무등로307번길 3,,,43983,,1,0,일괄유기,,4644900329,46449003296,,
1275384,0,(주)제이아이홀딩스,61478,광주광역시 동구 천변우로 339,41999,건설업본사,42261,42261,9,9,계속,계속,4648700146,46487001460,41999,건설업본사
1276366,0,미샤광주조선대점,61448,광주 동구 필문대로273번길 15,47813,"화장품, 비누 및 방향제 소매업",42768,42768,0,0,계속,계속,4653400288,46534002880,47813,"화장품, 비누 및 방향제 소매업"
1276418,0,법무사박정수사무소,61445,광주 동구 동명로 110,71103,법무사업,44348,44348,2,2,계속,계속,4653800893,46538008930,71103,법무사업
1276917,0,법무법인태림(광주분사무소),61445,광주 동구 지산로63번길 2,71101,변호사업,44927,44927,2,2,계속,계속,4658502196,46585021960,71101,변호사업
1277002,0,(주)코랩,61452,광주 동구 조선대4길 2,70113,의학 및 약학 연구개발업,44228,44228,13,13,계속,계속,4658601665,46586016650,70113,의학 및 약학 연구개발업
1280125,0,(주)원플러스원건업,61480,광주 동구 충장로46번길 7-1,41999,건설업본사,42697,42697,1,1,계속,계속,4678100482,46781004820,41999,건설업본사
1280126,0,(주)원플러스원건업,61480,광주 동구 충장로46번길 7-1,42209,기타 건물 관련설비 설치 공사업,43010,43010,1,1,일괄유기,일괄유기,4678100482,46781004826,42209,기타 건물 관련설비 설치 공사업
1281312,0,버블랙컴퍼니,61475,광주광역시 동구 금남로 245,59112,애니메이션 영화 및 비디오물 제작업,45468,45468,1,1,계속,계속,4682201833,46822018330,59112,애니메이션 영화 및 비디오물 제작업
1282814,0,파트너스(CIRC),61436,광주광역시 동구 동계천로 150,85701,교육관련 자문 및 평가업,45017,45017,2,2,계속,계속,4691102178,46911021780,85701,교육관련 자문 및 평가업
1282863,0,광주방탈출카페마스터키,61483,광주 동구 중앙로160번길 15-2,91229,기타 오락장 운영업,43792,43792,3,3,계속,계속,4691400981,46914009810,91229,기타 오락장 운영업
1283439,0,법무사임종남사무소,61441,광주 동구 준법로 31,71103,법무사업,42278,42278,1,1,계속,계속,4697700045,46977000450,71103,법무사업
1283593,0,유한회사 서브이호점,61484,광주 동구 천변우로 405-13,56111,한식 일반 음식점업,45231,45231,3,3,계속,계속,4698102341,46981023410,56111,한식 일반 음식점업
1283683,0,(주)베스트인광주지사,61474,광주광역시 동구  예술길 31-15,75110,고용 알선업,43467,43467,9,9,계속,계속,4698500768,46985007680,75110,고용 알선업
1283747,0,유한회사명현,61417,광주광역시 동구 경양로 347-6,68112,비주거용 건물 임대업,43436,43436,1,1,계속,계속,4698600746,46986007460,68112,비주거용 건물 임대업
1284561,0,고래캠,61475,광주광역시 동구 충장동(금남로1가),58221,시스템 소프트웨어 개발 및 공급업,43626,43626,1,1,계속,계속,4701400827,47014008270,58221,시스템 소프트웨어 개발 및 공급업
1284594,0,수약국,61469,광주광역시 동구 제봉로 8,47811,의약품 및 의료용품 소매업,46015,46015,1,1,계속,계속,4701502818,47015028180,47811,의약품 및 의료용품 소매업
1284970,1,삼화건업,61475,광주 동구 예술길 20-12,,,43723,,1,0,일괄유기,,4704200567,47042005676,,
1285091,0,와이광주충장로2,61483,광주 동구 충장로 76-1,46415,속옷 및 잠옷 도매업,45352,45352,2,2,계속,계속,4705900814,47059008140,46415,속옷 및 잠옷 도매업
1285183,0,업앤다운(Up&Down) PC,61449,광주광역시 동구 지산로 9,91222,컴퓨터 게임방 운영업,45651,45651,1,1,계속,계속,4707600499,47076004990,91222,컴퓨터 게임방 운영업
1285286,0,주식회사더베스트컴퍼니,61484,광주 동구 서석로 13-1,96994,결혼 상담 및 준비 서비스업,43678,43678,45,45,계속,계속,4708101492,47081014920,96994,결혼 상담 및 준비 서비스업
1285287,0,주식회사더베스트컴퍼니,61484,광주광역시 동구 서석로 13-1,41121,사무상업용 및 공공기관용 건물 건설업,45562,45562,1,1,일괄유기,일괄유기,4708101492,47081014926,41121,사무상업용 및 공공기관용 건물 건설업
1285475,0,주식회사 근파,61407,광주광역시 동구 필문대로123번길 13-3,47812,의료용 기구 소매업,43556,43556,1,1,계속,계속,4708601444,47086014440,47812,의료용 기구 소매업
1285672,0,주식회사디자인바람,61494,광주 동구 의재로136번길 2-11,41999,건설업본사,44986,44986,1,1,계속,계속,4708702493,47087024930,41999,건설업본사
1285673,0,(주)디자인바람,61494,광주 동구 의재로136번길 2-11,42412,"도배, 실내장식 및 내장 목공사업",44651,44651,3,3,일괄유기,일괄유기,4708702493,47087024936,42412,"도배, 실내장식 및 내장 목공사업"
1285728,0,주식회사디오오피,61474,광주 동구 중앙로 218,68129,기타 부동산 개발 및 공급업,42339,42339,4,4,계속,계속,4708800212,47088002120,68129,기타 부동산 개발 및 공급업
1285734,0,(주)중흥약품,61421,광주 동구 독립로 338,46441,의약품 도매업,42644,42644,1,1,계속,계속,4708800449,47088004490,46441,의약품 도매업
1285824,0,주식회사 에스유엠,61471,광주 동구 금남로  161-42,46699,그 외 기타 건축자재 도매업,45475,45475,3,3,계속,계속,4708802660,47088026600,46699,그 외 기타 건축자재 도매업
1285852,0,에스엠푸드,61494,광주 동구 의재로 138,47121,슈퍼마켓,43922,43922,1,1,계속,계속,4709001330,47090013300,47121,슈퍼마켓
1285920,0,마디튼튼통증의학과재활의학과의원,61417,광주 동구 경양로 349,86201,일반 의원,44987,44987,16,16,계속,계속,4709701436,47097014360,86201,일반 의원
1285999,0,동명온누리약국,61435,광주 동구 동명로70번길 5,47811,의약품 및 의료용품 소매업,44927,44927,1,1,계속,계속,4710302157,47103021570,47811,의약품 및 의료용품 소매업
1286213,0,법무사박봉희사무소,61445,광주 동구 동명로 110,71103,법무사업,44501,44501,3,3,계속,계속,4711201785,47112017850,71103,법무사업
1286331,0,린도바이엘엠비스킨케어,61514,광주광역시 동구 남문로 377,96113,피부 미용업,45962,45962,3,3,계속,계속,4711901047,47119010470,96113,피부 미용업
1286434,0,무질서,61477,광주 동구 충장로 28-1,56221,커피 전문점,44378,44378,1,1,계속,계속,4712600968,47126009680,56221,커피 전문점
1288190,0,칠분통닭 두암점,61408,광주광역시 동구 밤실로 147,56162,치킨 전문점,45689,45689,1,1,계속,계속,4722801775,47228017750,56162,치킨 전문점
1288276,0,비에스(BS)컴퍼니,61487,광주광역시 동구 백서로125번길 34-2,71310,광고 대행업,45817,45817,1,1,계속,계속,4723501225,47235012250,71310,광고 대행업
1288662,0,경도산업(주),61479,광주광역시 동구 천변우로 361-21,41999,건설업본사,43433,43433,4,14,계속,계속,4728101130,47281011300,41999,건설업본사
1288663,0,경도산업(주),61479,광주 동구 천변우로  361-21,41121,사무상업용 및 공공기관용 건물 건설업,43616,43616,14,8,일괄유기,일괄유기,4728101130,47281011306,41121,사무상업용 및 공공기관용 건물 건설업
1288697,0,토지건설(주),61437,광주광역시 동구  필문대로 189-1,41999,건설업본사,44246,44246,2,2,계속,계속,4728101974,47281019740,41999,건설업본사
1288698,0,토지건설(주),61437,광주 동구 필문대로 189-1,42121,토공사업,44272,44272,1,1,일괄유기,일괄유기,4728101974,47281019746,42121,토공사업
1288792,0,사단법인전남의대내과연구장학회,61469,광주 동구 제봉로 42,94990,그 외 기타 협회 및 단체,44824,44824,3,3,계속,계속,4728200439,47282004390,94990,그 외 기타 협회 및 단체
1289373,0,코코로나인,61466,광주 동구 장동로 36,56150,제과점업,44564,44564,2,2,계속,계속,4730101000,47301010000,56150,제과점업
1289784,0,복있는약국,61473,광주 동구 제봉로 187,47811,의약품 및 의료용품 소매업,43521,43521,1,1,계속,계속,4731900777,47319007770,47811,의약품 및 의료용품 소매업
1290815,0,지오컴퍼니주식회사,61430,광주 동구 동명로 23-1,47129,기타 음ㆍ식료품 위주 종합 소매업,44995,44995,3,3,계속,계속,4738702357,47387023570,47129,기타 음ㆍ식료품 위주 종합 소매업
1290881,0,주식회사백운약품,61504,광주 동구 화산로 354,47811,의약품 및 의료용품 소매업,43265,43265,2,2,계속,계속,4738801020,47388010200,47811,의약품 및 의료용품 소매업
1291284,0,방축마을,61436,광주 동구 장동로 23-49,56111,한식 일반 음식점업,45840,45840,3,3,계속,계속,4740703018,47407030180,56111,한식 일반 음식점업
1291578,0,변호사정미라법률사무소,61445,광주 동구 동명로 110,71101,변호사업,42576,42576,1,1,계속,계속,4742600249,47426002490,71101,변호사업
1291793,0,서이스튜디오,61438,광주광역시 동구 밤실로 56-3,90132,비공연 예술가,45548,45548,1,1,계속,계속,4744700943,47447009430,90132,비공연 예술가
1292246,0,(유)정의유통엔씨충장점,61480,광주 동구 중앙로 163,47419,기타 의복 소매업,44838,44838,2,2,계속,계속,4748502244,47485022440,47419,기타 의복 소매업
1293007,0,판타지만화,61401,광주 동구 서암대로 328,91299,그 외 기타 분류 안된 오락관련 서비스업,45355,45355,1,1,계속,계속,4750800739,47508007390,91299,그 외 기타 분류 안된 오락관련 서비스업
1293409,0,무빙이미지서비스(MovingImageService),61509,광주 동구 화산로350번길 18,59114,방송 프로그램 제작업,43070,43070,0,0,계속,계속,4753400330,47534003300,59114,방송 프로그램 제작업
1293410,0,어컬,61435,광주 동구 필문대로 252,41999,건설업본사,44622,44622,1,1,계속,계속,4753400572,47534005720,41999,건설업본사
1294548,0,금메달마트,61408,광주광역시 동구 밤실로 147,47121,슈퍼마켓,45474,45474,1,1,계속,계속,4760303277,47603032770,47121,슈퍼마켓
1294947,0,디지털3D미디어컨텐츠공방,61400,광주 동구 독립로 388,59113,광고 영화 및 비디오물 제작업,44175,44175,1,1,계속,계속,4762401051,47624010510,59113,광고 영화 및 비디오물 제작업
1295732,0,주식회사 플러스엠,61480,광주 동구 충장로46번길 7-1,52993,"화물 포장, 검수 및 계량 서비스업",44562,44562,13,13,계속,계속,4768602515,47686025150,52993,"화물 포장, 검수 및 계량 서비스업"
1295804,0,주식회사 제이와이에스프로덕션,61434,광주 동구 동명로14번길 29-3,58112,만화 출판업,43586,43586,9,9,계속,계속,4768700514,47687005140,58112,만화 출판업
1295818,0,글로벌워커스(주),61401,광주광역시 동구 무등로 339,85650,직원훈련기관,44214,44214,2,2,계속,계속,4768700931,47687009310,85650,직원훈련기관
1295904,0,주식회사다원식자재계림,61402,광주광역시 동구 중앙로 358,47119,기타 대형 종합 소매업,44896,44896,11,11,계속,계속,4768702429,47687024290,47119,기타 대형 종합 소매업
1296124,0,빛고을 한의원,61454,광주광역시 동구 남문로 746-1,86203,한의원,45901,45901,3,3,계속,계속,4769301926,47693019260,86203,한의원
1296457,0,도화,61434,광주 동구 동명로20번길 3-2,56111,한식 일반 음식점업,45717,45717,1,1,계속,계속,4771202195,47712021950,56111,한식 일반 음식점업
1296780,0,이디야무등산점,61493,광주광역시 동구 증심사길30번길 5,56221,커피 전문점,43221,43221,3,3,계속,계속,4773200365,47732003650,56221,커피 전문점
1297016,0,미리아드(Myriade),61434,광주 동구 동계천로 135,56221,커피 전문점,44880,44880,1,1,계속,계속,4776100536,47761005360,56221,커피 전문점
1297110,0,광주 하나금융 공동직장어린이집,61481,광주 동구 금남로 190,87210,보육시설 운영업,43628,43628,9,9,계속,계속,4778001292,47780012920,87210,보육시설 운영업
1298249,0,밝은약국,61417,광주 동구 무등로 386,47811,의약품 및 의료용품 소매업,43586,43586,1,1,계속,계속,4781601033,47816010330,47811,의약품 및 의료용품 소매업
1298331,0,부곡정,61493,광주 동구 증심사길30번길 31,56111,한식 일반 음식점업,45017,45017,5,5,계속,계속,4782001796,47820017960,56111,한식 일반 음식점업
1299470,0,에스이쥐컴퍼니주식회사,61501,광주 동구 학소로76번길 14,71531,경영 컨설팅업,45323,45323,1,1,계속,계속,4788802719,47888027190,71531,경영 컨설팅업
1299506,0,이앤이치과기공소,61452,광주광역시 동구  필문대로 303,27192,치과기공물 제조업,41334,41334,2,2,계속,계속,4789200023,47892000230,27192,치과기공물 제조업
1299593,0,굿트,61434,광주 동구 동계천로 137-5,56219,기타 주점업,44391,44391,1,1,계속,계속,4790102332,47901023320,56219,기타 주점업
1300034,0,봉명동내커피 동구점,61475,광주광역시 동구 금남로 241-7,56221,커피 전문점,45475,45475,1,1,계속,계속,4792201420,47922014200,56221,커피 전문점
1300298,0,참진능이버섯백숙,61419,광주 동구 무등로 326,56111,한식 일반 음식점업,45026,45026,4,4,계속,계속,4794400855,47944008550,56111,한식 일반 음식점업
1300656,0,주식회사 디플랜트,61434,광주 동구 동명로20번길 5,73301,인물사진 및 행사용 영상 촬영업,44536,44536,1,1,계속,계속,4798102479,47981024790,73301,인물사진 및 행사용 영상 촬영업
1300713,0,주식회사 유경씨엔씨,61433,광주 동구 경양로  384-1,74211,건축물 일반 청소업,45778,45778,4,4,일괄계속,계속,4798103745,47981037450,74211,건축물 일반 청소업
1300975,0,주식회사 청년하이,61433,광주 동구 경양로  372-4,41226,조경 건설업,42900,42900,1,1,일괄유기,일괄유기,4798700153,47987001536,41226,조경 건설업
1301019,0,(주)에듀플러스,61492,광주 동구 의재로 151,85501,일반 교과 학원,44013,44013,1,1,계속,계속,4798701507,47987015070,85501,일반 교과 학원
1301111,0,법무법인 형제,61440,광주 동구 동명로 107,71101,변호사업,42115,42115,15,15,계속,계속,4798800034,47988000340,71101,변호사업
1301384,0,알에이엔,61488,광주 동구 백서로 125,59120,"영화, 비디오물 및 방송프로그램 제작 관련 서비스업",45093,45093,1,1,계속,계속,4800102948,48001029480,59120,"영화, 비디오물 및 방송프로그램 제작 관련 서비스업"
1301554,0,아프로,61472,광주광역시 동구 금남로 193-11,45219,기타 자동차 신품 부품 및 내장품 판매업,45667,45667,1,1,계속,계속,4800800221,48008002210,45219,기타 자동차 신품 부품 및 내장품 판매업
1301739,0,동명식빵,61434,광주 동구 동계천로 157-1,56150,제과점업,43834,43834,5,5,계속,계속,4801701237,48017012370,56150,제과점업
1301821,0,시몽,61483,광주 동구 중앙로160번길 29,47419,기타 의복 소매업,45082,45082,1,1,계속,계속,4802300622,48023006220,47419,기타 의복 소매업
1302686,0,주식회사 다온라온(에브르 인 테라스),61465,광주광역시 동구 제봉로110번길 1,56150,제과점업,45775,45775,8,8,계속,계속,4808603395,48086033950,56150,제과점업
1303043,0,도담소아청소년과의원,61405,광주 동구 무등로 405,86201,일반 의원,44470,44470,3,3,계속,계속,4809201383,48092013830,86201,일반 의원
1303237,0,선데이즈 가든,61430,광주광역시 동구 동명로25번길 7-2,56111,한식 일반 음식점업,45536,45536,8,3,계속,계속,4810503079,48105030790,56111,한식 일반 음식점업
1303304,0,햇들마루,61409,광주광역시 동구 갈마로 52,56111,한식 일반 음식점업,45748,45748,1,1,계속,계속,4810803084,48108030840,56111,한식 일반 음식점업
1303946,0,감성커피조선대점,61453,광주 동구 필문대로 331,56221,커피 전문점,43539,43539,2,2,계속,계속,4815300321,48153003210,56221,커피 전문점
1304280,0,사단법인 창업지원네트워크,61468,광주광역시 동구  서남로 14,85699,그 외 기타 분류 안된 교육기관,42865,42865,4,4,계속,계속,4818200068,48182000680,85699,그 외 기타 분류 안된 교육기관
1305473,0,김청경브라이드,61488,광주 동구 서석로10번길 6,96113,피부 미용업,45089,45089,1,1,계속,계속,4822900348,48229003480,96113,피부 미용업
1305606,0,감성의원,61417,광주 동구 경양로 349,86201,일반 의원,44858,44858,2,2,계속,계속,4823901142,48239011420,86201,일반 의원
1305822,0,왕손피자,61433,광주 동구 경양로 360-1,56161,"피자, 햄버거, 샌드위치 및 유사 음식점업",44378,44378,1,1,계속,계속,4827100478,48271004780,56161,"피자, 햄버거, 샌드위치 및 유사 음식점업"
1306126,0,오티티프라이빗 광주충장로점,61483,광주광역시 동구 중앙로160번길 15-26,91299,그 외 기타 분류 안된 오락관련 서비스업,45536,45536,1,1,계속,계속,4828502721,48285027210,91299,그 외 기타 분류 안된 오락관련 서비스업
1308114,0,주식회사혜윰컴퍼니,61478,광주 동구 천변우로  339,47912,전자상거래 소매업,44319,44319,1,2,계속,계속,4838701980,48387019800,47912,전자상거래 소매업
1308575,0,24시노아동물메디컬센터,61426,광주 동구 독립로 292,73100,수의업,44287,44287,63,62,계속,계속,4840701768,48407017680,73100,수의업
1308632,0,송경솥밥,61434,광주광역시 동구 동명로14번길 19-8,56111,한식 일반 음식점업,45444,45444,7,7,계속,계속,4841002729,48410027290,56111,한식 일반 음식점업
1308705,0,정광석항아리보쌈계림점,61422,광주 동구 중흥로 238-1,56111,한식 일반 음식점업,44929,44929,5,5,계속,계속,4841501098,48415010980,56111,한식 일반 음식점업
1308865,0,쌍리,61436,광주 동구 장동로 23-57,56122,일식 음식점업,44593,44593,1,1,계속,계속,4842401329,48424013290,56122,일식 음식점업
1309088,0,광주공원포차,61479,광주광역시 동구 천변우로 363-7,56111,한식 일반 음식점업,45413,45413,1,1,계속,계속,4844301112,48443011120,56111,한식 일반 음식점업
1309487,0,"주식회사드림투게더(DREAMTOGETHERco.,LTD)",61405,광주 동구 무등로 405,56123,서양식 음식점업,45108,45108,7,7,계속,계속,4848103145,48481031450,56123,서양식 음식점업
1309857,0,주식회사 엔에스에이치,61483,광주 동구 중앙로160번길 35,68222,부동산 투자자문업,44351,44351,3,3,계속,계속,4848702338,48487023380,68222,부동산 투자자문업
1309978,0,주식회사 비에스유통산업,61475,광주 동구 중앙로 198,68112,비주거용 건물 임대업,43556,43556,1,1,계속,계속,4848801205,48488012050,68112,비주거용 건물 임대업
1310412,0,박서연임대,61482,광주 동구 충장로 81-1,68112,비주거용 건물 임대업,42461,42461,1,1,계속,계속,4851100250,48511002500,68112,비주거용 건물 임대업
1310797,0,청담동마녀김밥(충장로),61482,광주 동구 중앙로 182,56111,한식 일반 음식점업,44197,44197,3,1,계속,계속,4853400832,48534008320,56111,한식 일반 음식점업
1310836,0,광주계림미술관,61423,광주 동구 경양로277번길 3-1,90221,박물관 운영업,44197,44197,1,1,계속,계속,4853900730,48539007300,90221,박물관 운영업
1310947,0,사이공(420),61484,광주 동구 중앙로160번길 24-2,47412,여자용 겉옷 소매업,44896,44896,1,1,계속,계속,4855300755,48553007550,47412,여자용 겉옷 소매업
1311289,0,유한회사 화신기업,61468,광주광역시 동구 제봉로 70,75121,임시 및 일용 인력 공급업,45422,45422,12,12,계속,계속,4858103740,48581037400,75121,임시 및 일용 인력 공급업
1311354,0,유한회사에스티컴퍼니대의동지점,61474,광주 동구 서석로 85,47419,기타 의복 소매업,44197,44197,3,4,계속,계속,4858500945,48585009450,47419,기타 의복 소매업
1311855,0,디자인스카이(sky)미술학원,61475,광주 동구 중앙로196번길 15-18,85622,미술학원,44927,44927,3,3,계속,계속,4859700045,48597000450,85622,미술학원
1311881,0,해피케어,61478,광주광역시 동구 천변우로 339,75110,고용 알선업,45407,45407,1,1,계속,계속,4859901451,48599014510,75110,고용 알선업
1312059,0,컬럼비아무등산점,61493,광주 동구 증심사길30번길 13,47419,기타 의복 소매업,42339,42339,1,1,계속,계속,4860800248,48608002480,47419,기타 의복 소매업
1312351,0,비비큐(BBQ) 광주계림센트럴점,61424,광주 동구 경양로  234,56162,치킨 전문점,45962,45962,5,5,계속,계속,4862202510,48622025100,56162,치킨 전문점
1312458,0,연희로 강지인 법률사무소,61440,광주광역시 동구 동명로 109,71101,변호사업,45901,45901,1,1,계속,계속,4863101681,48631016810,71101,변호사업
1313778,1,행복건설,61404,광주 동구 필문대로 70,,,44471,,1,0,일괄유기,,4871000171,48710001716,,
1314277,0,단청 헤어스튜디오,61400,광주광역시 동구  무등로 301,96112,두발 미용업,44317,44317,1,1,계속,계속,4874600414,48746004140,96112,두발 미용업
1314482,0,광주동구아이돌봄지원센터,61468,광주 동구 서남로 14,87299,그 외 기타 비거주 복지 서비스업,44562,44562,94,93,계속,계속,4878002319,48780023190,87299,그 외 기타 비거주 복지 서비스업
1315305,0,법무사문충현사무소,61445,광주 동구 동명로 110,71103,법무사업,43549,43549,2,2,계속,계속,4880401401,48804014010,71103,법무사업
1315513,0,요미우돈교자 광주충장로점,61483,광주광역시 동구 충장로 102-3,56122,일식 음식점업,45417,45417,3,3,계속,계속,4881302417,48813024170,56122,일식 음식점업
1315646,0,대한수산물회판매장,61428,광주 동구 구성로 230-2,56114,한식 해산물요리 전문점,43633,43633,1,1,계속,계속,4882100807,48821008070,56114,한식 해산물요리 전문점
1315824,0,카페파스쿠치전남대병원점,61489,광주광역시 동구 제봉로 27,56221,커피 전문점,45292,45292,1,1,계속,계속,4883301487,48833014870,56221,커피 전문점
1316067,0,컬러드헤어디자인,61436,광주 동구 동명로 4,96112,두발 미용업,45542,45542,4,4,계속,계속,4886900420,48869004200,96112,두발 미용업
1316287,0,사단법인청년문화허브,61475,광주 동구 예술길 24,90191,공연 기획업,42736,42736,3,3,계속,계속,4888200166,48882001660,90191,공연 기획업
1316604,0,케이컬쳐(주),61476,광주 동구 충장로 3,85709,기타 교육지원 서비스업,44375,44375,3,3,계속,계속,4888702010,48887020100,85709,기타 교육지원 서비스업
1316611,0,세컨찬스주식회사,61472,광주 동구 금남로 193-22,58222,응용 소프트웨어 개발 및 공급업,44440,44440,2,2,계속,계속,4888702188,48887021880,58222,응용 소프트웨어 개발 및 공급업
1317424,0,이니스프리두암타운점,61409,광주 동구 갈마로 46,47813,"화장품, 비누 및 방향제 소매업",44075,44075,1,1,계속,계속,4893000457,48930004570,47813,"화장품, 비누 및 방향제 소매업"
1318219,0,농업회사법인 주식회사 에이치비푸드,61441,광주광역시 동구 준법로 7-12,56130,기관 구내식당업,45658,45658,18,18,계속,계속,4898603752,48986037520,56130,기관 구내식당업
1318734,0,세븐일레븐 광주뉴대인센터점,61473,광주 동구 구성로194번길  15-10,47122,체인화 편의점,45507,45507,1,1,계속,계속,4900602498,49006024980,47122,체인화 편의점
1318997,0,다나베 비스포크,61484,광주 동구 천변우로 409,46413,남녀용 겉옷 및 셔츠 도매업,45200,45200,1,1,계속,계속,4902000292,49020002920,46413,남녀용 겉옷 및 셔츠 도매업
1319058,0,마켓컬러,61416,광주광역시 동구 동계로 38,47912,전자상거래 소매업,45675,45675,1,1,계속,계속,4902301536,49023015360,47912,전자상거래 소매업
1319610,0,주식회사 인디제이,61481,광주 동구 금남로 198,58221,시스템 소프트웨어 개발 및 공급업,43525,43525,18,18,계속,계속,4908101351,49081013510,58221,시스템 소프트웨어 개발 및 공급업
1319830,0,(편한마음한의원)통증없는세상편한마음의료소비자생활협동조합,61474,광주 동구 예술길15번길 2,86203,한의원,42362,42362,6,6,계속,계속,4908600338,49086003380,86203,한의원
1320435,0,경주김씨청계공파휘항경종회,61450,광주 동구 지산로 48,68119,기타 부동산 임대업,44564,44564,1,1,계속,계속,4910401294,49104012940,68119,기타 부동산 임대업
1320689,0,사보르커피,61449,광주 동구 지산로 9,56221,커피 전문점,43556,43556,1,1,계속,계속,4911700918,49117009180,56221,커피 전문점
1320859,0,프라임(prime) 누가약국,61468,광주광역시 동구 백서로 145,47811,의약품 및 의료용품 소매업,45627,45627,15,15,계속,계속,4912801835,49128018350,47811,의약품 및 의료용품 소매업
1320978,0,대학약국,61489,광주 동구 제봉로 27,47811,의약품 및 의료용품 소매업,45208,45208,5,5,계속,계속,4913801299,49138012990,47811,의약품 및 의료용품 소매업
1321217,0,메트로,61454,광주 동구 제봉로 1,56221,커피 전문점,44974,44974,1,1,계속,계속,4917400468,49174004680,56221,커피 전문점
1321867,0,예술유통협동조합,61420,광주광역시 동구 중흥로 239,47841,예술품 및 골동품 소매업,44593,44593,14,12,계속,계속,4918802013,49188020130,47841,예술품 및 골동품 소매업
1321972,0,올래청과,61455,광주광역시 동구 남문로753번길 20,47215,"채소, 과실 및 뿌리작물 소매업",45231,45231,1,1,계속,계속,4919201893,49192018930,47215,"채소, 과실 및 뿌리작물 소매업"
1322309,0,푸르니에,61455,광주광역시 동구 남문로753번길 20,56150,제과점업,42949,42949,2,2,계속,계속,4921300664,49213006640,56150,제과점업
1322491,0,바른카페계림점,61414,광주광역시 동구 계림로30번길 15,56221,커피 전문점,45882,45882,4,4,계속,계속,4922400753,49224007530,56221,커피 전문점
1322494,0,정연돈카츠,61452,광주광역시 동구  필문대로 309,56123,서양식 음식점업,43621,43621,1,1,계속,계속,4922400826,49224008260,56123,서양식 음식점업
1322688,0,꼬지사께 산수점,61437,광주 동구 무등로 494,56111,한식 일반 음식점업,45455,45455,1,1,계속,계속,4923901339,49239013390,56111,한식 일반 음식점업
1323121,0,주식회사 제네라,61475,광주광역시 동구 금남로 245,47222,건강보조식품 소매업,45901,45901,4,4,계속,계속,4928103525,49281035250,47222,건강보조식품 소매업
1323212,0,남해글로벌 주식회사,61487,광주 동구 서석로 42,68129,기타 부동산 개발 및 공급업,42753,42753,4,4,계속,계속,4928600616,49286006160,68129,기타 부동산 개발 및 공급업
1323943,0,법무사조지훈사무소,61445,광주 동구 동명로 102-1,71103,법무사업,44061,44061,2,2,계속,계속,4931001480,49310014800,71103,법무사업
1324069,0,남도보쌈짚(산수점),61437,광주 동구 필문대로191번길 15-3,56111,한식 일반 음식점업,45809,45809,1,1,계속,계속,4931602443,49316024430,56111,한식 일반 음식점업
1324141,0,나이스전람,61437,광주 동구 필문대로191번길 5-14,75992,"전시, 컨벤션 및 행사 대행업",44757,44757,1,1,계속,계속,4932001121,49320011210,75992,"전시, 컨벤션 및 행사 대행업"
1324770,0,주식회사남우종합개발,61405,광주 동구 무등로415번길 19,68129,기타 부동산 개발 및 공급업,44743,44743,1,1,계속,계속,4938101762,49381017620,68129,기타 부동산 개발 및 공급업
1325323,0,신환종합건설 주식회사,61484,광주광역시 동구 천변우로 381,41999,건설업본사,45736,45736,5,5,계속,계속,4938802872,49388028720,41999,건설업본사
1325324,0,신환종합건설 주식회사,61484,광주 동구 천변우로 381,41121,사무상업용 및 공공기관용 건물 건설업,45794,45794,5,5,일괄유기,일괄유기,4938802872,49388028726,41121,사무상업용 및 공공기관용 건물 건설업
1325738,0,와썸디자인스튜디오,61417,광주 동구 무등로 416,90199,그 외 기타 창작 및 예술관련 서비스업,45139,45139,2,1,계속,계속,4941600865,49416008650,90199,그 외 기타 창작 및 예술관련 서비스업
1326035,0,득량만횟집,61490,광주 동구 양림로 124-1,56111,한식 일반 음식점업,43617,43617,2,2,계속,계속,4943700405,49437004050,56111,한식 일반 음식점업
1326386,0,지디개발주식회사,61426,광주 동구 제봉로222번길 13,68121,주거용 건물 개발 및 공급업,42751,42751,4,4,계속,계속,4948100674,49481006740,68121,주거용 건물 개발 및 공급업
1326835,0,주식회사 하운드호텔,61488,광주 동구 문화전당로35번길 33,55101,호텔업,44336,44336,8,8,계속,계속,4948702164,49487021640,55101,호텔업
1327603,0,라화쿵부광주충장로점,61483,광주 동구 충장로안길  16,56121,중식 음식점업,44182,44182,1,1,계속,계속,4952101366,49521013660,56121,중식 음식점업
1327781,0,본투비버거,61432,광주광역시 동구 동명로 37-1,56161,"피자, 햄버거, 샌드위치 및 유사 음식점업",45749,45749,4,4,계속,계속,4953601472,49536014720,56161,"피자, 햄버거, 샌드위치 및 유사 음식점업"
1327889,0,팀 다다,61475,광주광역시 동구 금남로 245,58222,응용 소프트웨어 개발 및 공급업,45778,45778,2,2,계속,계속,4954901021,49549010210,58222,응용 소프트웨어 개발 및 공급업
1328498,0,주식회사 빛그림,61468,광주광역시 동구  서남로 14,59112,애니메이션 영화 및 비디오물 제작업,43185,43185,2,2,계속,계속,4958700892,49587008920,59112,애니메이션 영화 및 비디오물 제작업
1328732,0,주식회사 보나드스토리,61452,광주광역시 동구 조선대1길 17,59111,일반 영화 및 비디오물 제작업,45321,45321,1,1,계속,계속,4958802558,49588025580,59111,일반 영화 및 비디오물 제작업
1328989,0,맨포트 예술의거리점,61474,광주 동구 제봉로  155-1,96112,두발 미용업,45658,45658,2,2,계속,계속,4960603189,49606031890,96112,두발 미용업
1329160,0,한우리 평생교육원,61421,광주 동구 독립로 338,85503,온라인 교육 학원,45397,45397,3,1,계속,계속,4961302247,49613022470,85503,온라인 교육 학원
1329450,0,예드림메딕스,61487,광주 동구 문화전당로 3,46593,정밀기기 및 과학기기 도매업,42074,42074,1,1,계속,계속,4963100020,49631000200,46593,정밀기기 및 과학기기 도매업
1329565,0,지에스(GS)25광주지산점,61451,광주 동구 지호로 64,47122,체인화 편의점,45261,45261,3,3,계속,계속,4964301022,49643010220,47122,체인화 편의점
1330205,0,디머티리얼(주),61419,광주 동구 독립로 350,46699,그 외 기타 건축자재 도매업,45908,45908,4,4,계속,계속,4968603444,49686034440,46699,그 외 기타 건축자재 도매업
1330307,0,유한회사 이끌림호텔수원점,61484,광주 동구 천변우로 405-7,68111,주거용 건물 임대업,44384,44384,2,2,계속,계속,4968702082,49687020820,68111,주거용 건물 임대업
1330997,0,온오프(onoff),61487,광주 동구 서석로 38,47412,여자용 겉옷 소매업,44721,44721,1,1,계속,계속,4971801023,49718010230,47412,여자용 겉옷 소매업
1331417,0,맘스터치(충장점),61483,광주 동구 충장로 80-7,56161,"피자, 햄버거, 샌드위치 및 유사 음식점업",43922,43922,8,8,계속,계속,4976100374,49761003740,56161,"피자, 햄버거, 샌드위치 및 유사 음식점업"
1332085,0,유한회사생각바다,61466,광주 동구 장동로 34,90199,그 외 기타 창작 및 예술관련 서비스업,44805,44805,1,1,계속,계속,4978801521,49788015210,90199,그 외 기타 창작 및 예술관련 서비스업
1332329,0,육층집,61487,광주 동구 문화전당로35번길 16-4,56111,한식 일반 음식점업,43832,43832,11,11,계속,계속,4980601421,49806014210,56111,한식 일반 음식점업
1332851,0,더벤티광주조선대점,61449,광주 동구 필문대로273번길 18,56221,커피 전문점,44013,44013,1,1,계속,계속,4984000407,49840004070,56221,커피 전문점
1333262,0,주식회사 정안,61438,광주 동구 무등로 528,41999,건설업본사,45474,45474,1,1,계속,계속,4988103237,49881032370,41999,건설업본사
1333423,0,유한회사근화씨엔비,61406,광주 동구 필문대로 134-1,41999,건설업본사,44119,44119,3,3,계속,계속,4988601743,49886017430,41999,건설업본사
1333424,1,유한회사 근화씨엔비,61406,광주 동구 필문대로 134-1,,,44089,,2,0,일괄유기,,4988601743,49886017436,,
1334441,0,이디야커피 전남대의대점,61469,광주광역시 동구 백서로 160,56221,커피 전문점,43526,43526,2,2,계속,계속,4993400597,49934005970,56221,커피 전문점
1334783,0,하이퍼 협동조합,61436,광주 동구 장동로 23-59,71531,경영 컨설팅업,42290,42290,16,16,계속,계속,4998100155,49981001550,71531,경영 컨설팅업
1335035,0,주식회사 호영엑스알,61473,광주 동구 제봉로 197,73202,제품 디자인업,44092,44092,1,1,계속,계속,4998601479,49986014790,73202,제품 디자인업
1335910,0,보암커피 운림본점,61494,광주 동구 동산길 34,56221,커피 전문점,44682,44682,1,1,계속,계속,5010377643,50103776430,56221,커피 전문점
1335930,0,정관장홍삼남문로점,61464,광주 동구 남문로 687,47222,건강보조식품 소매업,43321,43321,1,1,계속,계속,5010399050,50103990500,47222,건강보조식품 소매업
1335953,0,소망제책,61488,광주 동구 천변우로 441,18122,제책업,44215,44215,1,1,계속,계속,5010429890,50104298900,18122,제책업
1336528,0,육식사관학교 광주동구점,61429,광주광역시 동구 동계천로85번길 12,56113,한식 육류요리 전문점,45748,45748,2,2,계속,계속,5010778922,50107789220,56113,한식 육류요리 전문점
1337146,0,법무사 장현승,61445,광주 동구 동명로 110,71103,법무사업,44896,44896,4,4,계속,계속,5011425457,50114254570,71103,법무사업
1338987,0,예술공간집,61431,광주광역시 동구 제봉로158번길 11-5,90221,박물관 운영업,45356,45356,1,1,계속,계속,5014288794,50142887940,90221,박물관 운영업
1340418,0,법무법인히포크라테스(광주분사무소),61445,광주 동구 동명로110번길 6,71101,변호사업,43657,43657,1,1,계속,계속,5018517675,50185176750,71101,변호사업
1341021,0,우병원,61422,광주광역시 동구 구성로 271,86102,일반 병원,45875,45875,27,27,계속,계속,5019520150,50195201500,86102,일반 병원
1347003,0,은혜재가복지센터,61514,광주광역시 동구 남계길 48-5,87293,방문 복지서비스 제공업,44986,44986,16,8,계속,계속,5028025168,50280251680,87293,방문 복지서비스 제공업
1349357,0,보네따스협동조합,61436,광주 동구 장동로 23-22,10891,커피 가공업,44652,44652,1,1,계속,계속,5028222864,50282228640,10891,커피 가공업
1351408,0,법무법인민주로,61440,광주 동구 동명로 107,71103,법무사업,42578,42578,5,5,계속,계속,5028700507,50287005070,71103,법무사업
1351461,0,주식회사 고을부동산매매법인,61476,광주 동구 금남로 148,68221,부동산 중개 및 대리업,44075,44075,1,1,계속,계속,5028701767,50287017670,68221,부동산 중개 및 대리업
1351535,0,주식회사 리따궁전제과,61514,광주광역시 동구 남문로 347,56150,제과점업,45717,45717,20,20,계속,계속,5028703372,50287033720,56150,제과점업
1358025,0,쌍광상회,61465,광주 동구 제봉로110번길 7,56121,중식 음식점업,44082,44082,1,1,계속,계속,5033451041,50334510410,56121,중식 음식점업
1359356,0,스튜디오보노,61419,광주 동구 무등로304번길 22,41999,건설업본사,44866,44866,1,1,계속,계속,5035567233,50355672330,41999,건설업본사
1362845,0,금남지하도상가상인회,61485,광주 동구 서석로 56,74212,"산업설비, 운송장비 및 공공장소 청소업",43444,43444,0,0,계속,계속,5038277080,50382770800,74212,"산업설비, 운송장비 및 공공장소 청소업"
1363217,0,유한회사삼익지우(공초밥동명점),61436,광주 동구 제봉로110번길 17,56122,일식 음식점업,44228,44228,1,1,계속,계속,5038533778,50385337780,56122,일식 음식점업
1364182,0,유한회사 예인하우징,61493,광주 동구 성촌길5번길 4,42491,"미장, 타일 및 방수 공사업",45047,45047,1,1,일괄유기,일괄유기,5038702677,50387026776,42491,"미장, 타일 및 방수 공사업"
1365293,0,광주계림센터유니팝미술학원,61417,광주 동구 무등로 388-3,85622,미술학원,44847,44847,1,1,계속,계속,5039710142,50397101420,85622,미술학원
1372426,0,변호사조영희법률사무소,61445,광주 동구 동명로 110,71101,변호사업,42893,42893,1,1,계속,계속,5043665260,50436652600,71101,변호사업
1376203,0,동구센트럴키즈어린이집,61424,광주광역시 동구 경양로 234,87210,보육시설 운영업,44119,44119,22,21,계속,계속,5048285093,50482850930,87210,보육시설 운영업
1376217,0,"충장로1,2,3가상인회",61482,광주 동구 충장로 77-6,94990,그 외 기타 협회 및 단체,45078,45078,1,1,계속,계속,5048286831,50482868310,94990,그 외 기타 협회 및 단체
1376239,0,조국혁신당광주광역시당,61487,광주광역시 동구 문화전당로35번길 5-9,94920,정치 단체,45659,45659,2,2,계속,계속,5048290387,50482903870,94920,정치 단체
1376549,0,국제직업전문학교,61468,광주 동구 백서로175번길 8,85669,기타 기술 및 직업훈련학원,43100,43100,26,26,계속,계속,5048543395,50485433950,85669,기타 기술 및 직업훈련학원
1381262,0,청해식당,61473,광주 동구 구성로204번길 26-1,56111,한식 일반 음식점업,43040,43040,1,1,계속,계속,5052119218,50521192180,56111,한식 일반 음식점업
1381408,0,가온비스포크,61434,광주 동구 동명로20번길 4,46413,남녀용 겉옷 및 셔츠 도매업,44506,44506,1,1,계속,계속,5052262518,50522625180,46413,남녀용 겉옷 및 셔츠 도매업
1381585,0,정진,61508,광주 동구 용산3길  17,25111,"금속 문, 창, 셔터 및 관련제품 제조업",45566,45566,1,1,계속,계속,5052901543,50529015430,25111,"금속 문, 창, 셔터 및 관련제품 제조업"
1382045,0,드로잉카페 헨젤,61484,광주 동구 중앙로160번길 14,91229,기타 오락장 운영업,44197,44197,5,4,계속,계속,5055900482,50559004820,91229,기타 오락장 운영업
1385535,0,동구국민체육센터,61439,광주 동구 필문대로205번길 17,91131,종합 스포츠시설 운영업,43819,43819,19,19,계속,계속,5058211968,50582119680,91131,종합 스포츠시설 운영업
1385789,0,광주무등야구전문스포츠클럽,61500,광주 동구 지원로5번길 12,85612,기타 스포츠 교육기관,44621,44621,2,2,계속,계속,5058282255,50582822550,85612,기타 스포츠 교육기관
1387157,0,학동편한내과의원,61464,광주 동구 남문로 669,86201,일반 의원,45835,45835,4,4,계속,계속,5059606614,50596066140,86201,일반 의원
1390118,1,대영S&C-건설일괄,61446,광주 동구 무등로557번길 5-11,,,43658,,1,0,일괄유기,,5062324800,50623248006,,
1390120,0,더논다,61487,광주 동구 백서로125번길 48,56211,일반 유흥주점업,42887,42887,10,10,계속,계속,5062325022,50623250220,56211,일반 유흥주점업
1390180,0,리리커피로스터리,61434,광주광역시 동구 동계천로 169-3,56221,커피 전문점,45931,45931,4,4,계속,계속,5062394704,50623947040,56221,커피 전문점
1391488,0,나드리어린이집,61512,광주 동구 주남길 20-10,87210,보육시설 운영업,44166,44166,7,7,계속,계속,5068035770,50680357700,87210,보육시설 운영업
1394738,0,(사)베어스테일,61430,광주 동구 동명로 25,90199,그 외 기타 창작 및 예술관련 서비스업,43425,43425,0,0,계속,계속,5068220344,50682203440,90199,그 외 기타 창작 및 예술관련 서비스업
1394938,0,광주동구시니어클럽 동구택배,61489,광주광역시 동구  양림로 105-6,52999,그 외 기타 분류 안된 운송 관련 서비스업,43101,43284,11,11,계속,계속,5068277944,50682779440,52999,그 외 기타 분류 안된 운송 관련 서비스업
1395823,0,(유)바른터개발,61422,광주 동구 경양로  241,41999,건설업본사,44498,44498,1,1,계속,계속,5068802159,50688021590,41999,건설업본사
1397296,0,디자인소담,61502,광주 동구 지원로 18,71310,광고 대행업,44850,44850,2,2,계속,계속,5070652020,50706520200,71310,광고 대행업
1397431,0,원스톱에이전시서비스,61445,광주 동구 동명로 110,75911,문서작성 및 복사업,44539,44539,1,1,계속,계속,5070792882,50707928820,75911,문서작성 및 복사업
1397927,0,거인의어깨,61472,광주 동구 금남로 193-22,58221,시스템 소프트웨어 개발 및 공급업,44760,44760,1,1,계속,계속,5072901291,50729012910,58221,시스템 소프트웨어 개발 및 공급업
1398015,0,예쁜보석공방,61480,광주광역시 동구 구성로 162-1,47830,시계 및 귀금속 소매업,45628,45628,1,1,계속,계속,5073300606,50733006060,47830,시계 및 귀금속 소매업
1398125,0,아스펙트(Aspect),61470,광주광역시 동구 제봉로 217,56221,커피 전문점,45870,45870,4,4,계속,계속,5074301069,50743010690,56221,커피 전문점
1398264,0,미니스톱산수무등점,61411,광주 동구 무등로 485,47122,체인화 편의점,42950,42950,0,0,계속,계속,5076199951,50761999510,47122,체인화 편의점
1398336,0,씨앤씨애드,61487,광주 동구 문화전당로 19-1,41229,기타 토목시설물 건설업,44222,44222,1,1,일괄유기,일괄유기,5077243318,50772433186,41229,기타 토목시설물 건설업
1399320,0,광주광역시아토피천식교육정보센터,61469,광주광역시 동구  제봉로 42,87299,그 외 기타 비거주 복지 서비스업,42644,42644,4,4,계속,계속,5078267304,50782673040,87299,그 외 기타 비거주 복지 서비스업
1399730,0,(주)하이퍼,61482,광주 동구 금남로 220,46452,"문구용품, 회화용품, 사무용품 도매업",45401,45401,4,4,계속,계속,5078603399,50786033990,46452,"문구용품, 회화용품, 사무용품 도매업"
1400116,0,삼진식육,61427,광주 동구 동계천로 68,47212,육류 소매업,44277,44277,1,1,계속,계속,5079100284,50791002840,47212,육류 소매업
1401766,0,군함맥주 동명점,61436,광주광역시 동구 동명로 12,56111,한식 일반 음식점업,45505,45505,1,1,계속,계속,5080972995,50809729950,56111,한식 일반 음식점업
1401856,0,타잔TA-JAN,61494,광주 동구 의재로136번길 32-1,56221,커피 전문점,44652,44652,1,1,계속,계속,5081145017,50811450170,56221,커피 전문점
1402092,0,미연수산,61419,광주 동구 중흥로213번길 18-4,10219,기타 수산동물 가공 및 저장 처리업,43252,43252,1,1,계속,계속,5081390869,50813908690,10219,기타 수산동물 가공 및 저장 처리업
1402634,0,산수옥면가,61436,광주 동구 장동로 23-20,56112,한식 면요리 전문점,43508,43508,1,1,계속,계속,5082092583,50820925830,56112,한식 면요리 전문점
1402767,0,을찌로가맥 구시청점,61488,광주 동구 백서로125번길 37,56111,한식 일반 음식점업,45352,45352,1,1,계속,계속,5082226976,50822269760,56111,한식 일반 음식점업
1402982,0,로힐 광주중앙로점,61484,광주 동구 중앙로160번길 22,85699,그 외 기타 분류 안된 교육기관,43961,43961,4,4,계속,계속,5082522840,50825228400,85699,그 외 기타 분류 안된 교육기관
1403458,0,무등소갈비 광주용산점,61508,광주광역시 동구 화산로 261,56111,한식 일반 음식점업,45905,45905,5,5,계속,계속,5086300697,50863006970,56111,한식 일반 음식점업
1403551,0,샐러바웃 동명점,61436,광주광역시 동구 장동로 45,56123,서양식 음식점업,45604,45604,2,2,계속,계속,5087561135,50875611350,56123,서양식 음식점업
1403552,0,체질건강약국,61419,광주 동구 무등로 314,47811,의약품 및 의료용품 소매업,42370,42370,1,1,계속,계속,5087600038,50876000380,47811,의약품 및 의료용품 소매업
1407040,0,주식회사케이엔타워,61482,광주 동구 금남로 220,68112,비주거용 건물 임대업,45200,45200,4,4,계속,계속,5088802024,50888020240,68112,비주거용 건물 임대업
1408326,0,참참미트,61419,광주 동구 중흥로209번길 20,10122,육류 포장육 및 냉동육 가공업 (가금류 제외),44872,44872,3,3,계속,계속,5090714790,50907147900,10122,육류 포장육 및 냉동육 가공업 (가금류 제외)
1409081,0,산책가들,61433,광주 동구 필문대로192번길 16-2,75992,"전시, 컨벤션 및 행사 대행업",43647,43647,0,0,계속,계속,5092993652,50929936520,75992,"전시, 컨벤션 및 행사 대행업"
1409480,0,봉쥬르도그베이크샵,61484,광주 동구 서석로7번길 12-25,56123,서양식 음식점업,45020,45020,1,1,계속,계속,5097600477,50976004770,56123,서양식 음식점업
1409486,0,법무사 공승정 사무소,61444,광주광역시 동구 준법로 6,71103,법무사업,45821,45821,2,2,계속,계속,5097700493,50977004930,71103,법무사업
1409985,0,계림1동주민자치회,61422,광주 동구 경양로247번길 26,94990,그 외 기타 협회 및 단체,44866,44866,1,1,계속,계속,5098269782,50982697820,94990,그 외 기타 협회 및 단체
1410195,0,주식회사정우에스엠피,61421,광주광역시 동구 경양로 225,46699,그 외 기타 건축자재 도매업,44440,44440,2,2,계속,계속,5098601795,50986017950,46699,그 외 기타 건축자재 도매업
1410274,0,주식회사 두나미스에이아이,61436,광주 동구 동계천로  150,58222,응용 소프트웨어 개발 및 공급업,45809,45809,2,2,계속,계속,5098603304,50986033040,58222,응용 소프트웨어 개발 및 공급업
1410634,0,포시즌스요양병원,61514,광주 동구 남계길 28,86105,요양 병원,42724,42724,59,59,계속,계속,5099064313,50990643130,86105,요양 병원
1412215,0,오유(ou),61484,광주 동구 서석로7번길 6-37,47412,여자용 겉옷 소매업,44106,44106,1,1,계속,계속,5101260890,51012608900,47412,여자용 겉옷 소매업
1412453,0,인포레,61512,광주 동구 선교로 45,56221,커피 전문점,45236,45236,2,2,계속,계속,5101523896,51015238960,56221,커피 전문점
1412685,0,오로지국수,61481,광주 동구 금남로 188-1,56112,한식 면요리 전문점,45111,45111,1,1,계속,계속,5101797806,51017978060,56112,한식 면요리 전문점
1413077,0,NovaLink(노바링크),61436,광주광역시 동구 동계천로 150,62010,컴퓨터 프로그래밍 서비스업,45078,45078,2,2,계속,계속,5102264560,51022645600,62010,컴퓨터 프로그래밍 서비스업
1415258,0,인트플로우 주식회사,61472,광주 동구 금남로 193-12,26299,그 외 기타 전자부품 제조업,43678,43678,25,23,계속,계속,5108136396,51081363960,26299,그 외 기타 전자부품 제조업
1415979,0,주식회사 원방아르떼 호남지사,61415,광주 동구 계림로 6,16221,목재문 및 관련제품 제조업,44578,44578,1,1,계속,계속,5108602208,51086022080,16221,목재문 및 관련제품 제조업
1416109,0,(주)디노랩스,61472,광주 동구 금남로 193-12,58221,시스템 소프트웨어 개발 및 공급업,44120,44120,3,3,계속,계속,5108701865,51087018650,58221,시스템 소프트웨어 개발 및 공급업
1416124,0,주식회사신한종합건설,61458,광주 동구 남문로701번길 21,41999,건설업본사,44256,44256,1,1,계속,계속,5108702113,51087021130,41999,건설업본사
1416323,0,주식회사 양,61476,광주 동구 구성로 171,95213,자동차 세차업,45663,45663,1,1,계속,계속,5108803138,51088031380,95213,자동차 세차업
1416491,0,노벨플러스내과의원,61426,광주 동구 제봉로222번길 13,86201,일반 의원,44197,44197,23,23,계속,계속,5109060302,51090603020,86201,일반 의원
1417699,0,네이비소셜클럽,61432,광주광역시 동구 동계로10번길 6,56221,커피 전문점,45748,45748,4,4,계속,계속,5110993787,51109937870,56221,커피 전문점
1418611,0,동명로맨스,61434,광주 동구 동계천로 143-34,56111,한식 일반 음식점업,43619,43619,1,1,계속,계속,5113300774,51133007740,56111,한식 일반 음식점업
1420381,0,동구문화센터(동구문화관광재단),61498,광주 동구 남문로 646,85699,그 외 기타 분류 안된 교육기관,42795,42795,23,21,계속,계속,5118207265,51182072650,85699,그 외 기타 분류 안된 교육기관
1420977,0,(주)소울소프트,61472,광주 동구 금남로 193-12,58221,시스템 소프트웨어 개발 및 공급업,43318,43318,4,3,계속,계속,5118700914,51187009140,58221,시스템 소프트웨어 개발 및 공급업
1421523,0,광주의원,61489,광주광역시 동구 양림로119번길 20,86201,일반 의원,44075,44075,4,4,계속,계속,5119218553,51192185530,86201,일반 의원
1422762,0,7번가피자 충장로점,61483,광주 동구 충장로안길 12,56161,"피자, 햄버거, 샌드위치 및 유사 음식점업",43739,43739,6,6,계속,계속,5120895665,51208956650,56161,"피자, 햄버거, 샌드위치 및 유사 음식점업"
1422898,0,도도환경시스템,61411,광주 동구 밤실로 111,74211,건축물 일반 청소업,42543,43922,8,8,계속,계속,5121028247,51210282470,74211,건축물 일반 청소업
1422905,0,법무사윤동호,61440,광주 동구 필문대로 213-1,71103,법무사업,44958,44958,3,3,계속,계속,5121030160,51210301600,71103,법무사업
1423029,0,롯데광주플리츠플리즈,61470,광주 동구 독립로 268,47412,여자용 겉옷 소매업,43770,43770,0,0,계속,계속,5121163732,51211637320,47412,여자용 겉옷 소매업
1423178,0,고기궁전산수점,61411,광주 동구 필문대로159번길 15-29,56111,한식 일반 음식점업,44228,44228,2,2,계속,계속,5121392492,51213924920,56111,한식 일반 음식점업
1423331,0,카모,61468,광주 동구 백서로 169,56111,한식 일반 음식점업,42217,42217,1,1,계속,계속,5121805177,51218051770,56111,한식 일반 음식점업
1423336,0,유디치과의원,61463,광주 동구 남문로 694-10,86103,치과 병원,42731,42731,23,23,계속,계속,5121805653,51218056530,86103,치과 병원
1423563,0,충장통신,61483,광주 동구 충장로 106-1,47312,통신기기 소매업,42461,42461,1,1,계속,계속,5123000077,51230000770,47312,통신기기 소매업
1426229,0,유한회사더존컴퍼니,61475,광주 동구 서석로 69,74220,"소독, 구충 및 방제 서비스업",44078,44078,2,2,계속,계속,5128702012,51287020120,74220,"소독, 구충 및 방제 서비스업"
1426368,0,주식회사행복한동행,61475,광주광역시 동구  금남로 245,58113,일반 서적 출판업,44105,44105,1,1,계속,계속,5128801193,51288011930,58113,일반 서적 출판업
1430755,0,무등산민속촌,61446,광주 동구 무등로 590,56111,한식 일반 음식점업,44470,44470,2,2,계속,계속,5133700778,51337007780,56111,한식 일반 음식점업
1434917,0,대한불교조계종관음사,61480,광주 동구 충장로46번길 7,94911,불교 단체,43485,43485,1,1,계속,계속,5138275774,51382757740,94911,불교 단체
1441496,0,오리엔스(oriens),61434,광주 동구 동계천로 151-5,56229,기타 비알코올 음료점업,44501,44501,3,3,계속,계속,5143766244,51437662440,56229,기타 비알코올 음료점업
1441628,0,카페파스쿠찌광주황금점,61483,광주 동구 중앙로160번길 15-3,56221,커피 전문점,44357,44357,1,1,계속,계속,5145100646,51451006460,56221,커피 전문점
1444834,0,(주)사이공장,61436,광주 동구 장동로 15-2,56129,기타 외국식 음식점업,42936,42936,6,6,계속,계속,5148199302,51481993020,56129,기타 외국식 음식점업
1445514,0,5.18민중항쟁기념행사위원회,61475,광주 동구 금남로 245,75992,"전시, 컨벤션 및 행사 대행업",44197,44197,4,4,계속,계속,5148291710,51482917100,75992,"전시, 컨벤션 및 행사 대행업"
1449257,0,롤링파스타광주충장로점,61483,광주 동구 충장로안길 18,56123,서양식 음식점업,44385,44385,16,16,계속,계속,5150904665,51509046650,56123,서양식 음식점업
1449538,0,컴포즈커피광주조선대점,61449,광주 동구 필문대로287번길 15-22,56221,커피 전문점,45261,45261,7,7,계속,계속,5151321341,51513213410,56221,커피 전문점
1449595,0,카페점보,61482,광주 동구 충장로 63,56229,기타 비알코올 음료점업,43014,43014,1,1,계속,계속,5151460899,51514608990,56229,기타 비알코올 음료점업
1449704,0,3H 광주학동센터,61463,광주 동구 남문로 672,47812,의료용 기구 소매업,45335,45335,1,1,계속,계속,5151663207,51516632070,47812,의료용 기구 소매업
1449979,0,영풍축산,61424,광주 동구 경양로 234,47212,육류 소매업,44112,44112,1,1,계속,계속,5152501066,51525010660,47212,육류 소매업
1453052,0,사회복지법인밀알복지재단전남광주지부,61474,광주광역시 동구 제봉로 145,87299,그 외 기타 비거주 복지 서비스업,44986,44986,2,2,계속,계속,5158211096,51582110960,87299,그 외 기타 비거주 복지 서비스업
1453492,0,샐러디 광주충장로점,61483,광주 동구 충장로 102-1,56111,한식 일반 음식점업,45390,45390,8,8,계속,계속,5158517126,51585171260,56111,한식 일반 음식점업
1454496,0,로엠,61483,광주 동구 충장로 96,47412,여자용 겉옷 소매업,44166,44166,1,1,계속,계속,5160101781,51601017810,47412,여자용 겉옷 소매업
1455185,0,진식당,61471,광주 동구 금남로 161-36,56111,한식 일반 음식점업,45017,45017,1,1,계속,계속,5164101244,51641012440,56111,한식 일반 음식점업
1455359,0,법무사이석사무소,61441,광주 동구 지산로78번길 11,71103,법무사업,42552,42552,1,1,계속,계속,5166800015,51668000150,71103,법무사업
1456062,0,주식회사 소보,61504,광주광역시 동구 남문로 555,47430,신발 소매업,45413,45413,5,5,계속,계속,5168802966,51688029660,47430,신발 소매업
1456161,0,땅끝일번가전복,61490,광주 동구 제봉로17번길  21,46315,"신선, 냉동 및 기타 수산물 도매업",45659,45659,1,1,계속,계속,5169701580,51697015800,46315,"신선, 냉동 및 기타 수산물 도매업"
1456741,0,자담치킨 광주계림점,61424,광주광역시 동구 경양로 234,56162,치킨 전문점,45848,45848,1,1,계속,계속,5172602068,51726020680,56162,치킨 전문점
1457316,0,주식회사 태고테크놀로지,61452,광주광역시 동구 조선대1길 17,46599,그 외 기타 기계 및 장비 도매업,45047,45047,1,1,계속,계속,5178103106,51781031060,46599,그 외 기타 기계 및 장비 도매업
1457602,0,주식회사제이에이치미트,61483,광주 동구 충장로안길 16,46313,육류 도매업,43497,43497,1,1,계속,계속,5178700867,51787008670,46313,육류 도매업
1457977,0,마루,61452,광주 동구 조선대길 185,56221,커피 전문점,45352,45352,4,4,계속,계속,5180103112,51801031120,56221,커피 전문점
1458220,0,파트.2(PART.2),61484,광주광역시 동구 중앙로160번길 24,47419,기타 의복 소매업,45297,45297,1,1,계속,계속,5181202730,51812027300,47419,기타 의복 소매업
1458713,0,청춘뚝배기아시아문화전당점,61475,광주광역시 동구 중앙로196번길 31-15,56111,한식 일반 음식점업,45292,45292,2,2,계속,계속,5185500592,51855005920,56111,한식 일반 음식점업
1459091,0,주식회사원준,61433,광주 동구 필문대로 190,47121,슈퍼마켓,42537,42537,12,12,계속,계속,5188600408,51886004080,47121,슈퍼마켓
1459370,0,유한회사 승안,61484,광주광역시 동구 천변우로 393-10,75122,상용 인력 공급 및 인사관리 서비스업,45597,45597,1,1,계속,계속,5188703682,51887036820,75122,상용 인력 공급 및 인사관리 서비스업
1459442,0,비케이산업개발주식회사,61437,광주 동구 필문대로191번길 31,96922,"화장터 운영, 묘지 분양 및 관리업",44166,44166,1,1,계속,계속,5188801639,51888016390,96922,"화장터 운영, 묘지 분양 및 관리업"
1459774,0,배달삼겹돼지되지,61449,광주 동구 필문대로287번길 15-13,56111,한식 일반 음식점업,44197,44197,1,1,계속,계속,5190701007,51907010070,56111,한식 일반 음식점업
1459786,0,김밥천국,61411,광주광역시 동구 필문대로 175,56111,한식 일반 음식점업,45629,45629,1,1,계속,계속,5190702952,51907029520,56111,한식 일반 음식점업
1460096,0,아르하 광주점,61488,광주광역시 동구 서석로10번길 6,76292,의류 임대업,45985,45985,4,4,계속,계속,5192202071,51922020710,76292,의류 임대업
1460445,0,발빠른공인중개사사무소,61466,광주 동구 백서로 199,68221,부동산 중개 및 대리업,44317,44317,1,1,계속,계속,5195900045,51959000450,68221,부동산 중개 및 대리업
1460448,0,다모기업,61413,광주광역시 동구 중앙로290번길 16,46591,사무용 가구 및 기기 도매업,45323,45323,1,1,계속,계속,5195900803,51959008030,46591,사무용 가구 및 기기 도매업
1461154,0,주식회사플렉스코아,61472,광주 동구 금남로  193-22,62010,컴퓨터 프로그래밍 서비스업,42430,42430,3,3,계속,계속,5198800012,51988000120,62010,컴퓨터 프로그래밍 서비스업
1461582,0,프로이스,61436,광주 동구 동계천로 150,26299,그 외 기타 전자부품 제조업,44513,44513,1,1,계속,계속,5201001161,52010011610,26299,그 외 기타 전자부품 제조업
1462045,0,지에스(GS)25조대공대점,61453,광주 동구 필문대로 343,47122,체인화 편의점,43560,43560,2,1,계속,계속,5204200407,52042004070,47122,체인화 편의점
1463321,0,이티비티샵광주충장로점,61483,광주 동구 중앙로160번길 25-1,47612,문구용품 및 회화용품 소매업,44936,44936,6,6,계속,계속,5211201848,52112018480,47612,문구용품 및 회화용품 소매업
1463782,0,원조나주곰탕,61417,광주 동구 산수길35번길 30-2,56111,한식 일반 음식점업,45901,45901,4,4,계속,계속,5214501152,52145011520,56111,한식 일반 음식점업
1463856,0,물대포,61431,광주 동구 동명로  9-4,56111,한식 일반 음식점업,45904,45904,4,4,계속,계속,5215300954,52153009540,56111,한식 일반 음식점업
1463875,0,미네 by oboeru,61434,광주 동구 동명로26번길 3,56111,한식 일반 음식점업,45292,45292,1,1,계속,계속,5215700802,52157008020,56111,한식 일반 음식점업
1463984,0,예향노인복지센터,61498,광주광역시 동구 남문로622번길 7-11,87299,그 외 기타 비거주 복지 서비스업,43713,43713,86,56,계속,계속,5218001420,52180014200,87299,그 외 기타 비거주 복지 서비스업
1464049,0,유한회사남광주식자재,61490,광주 동구 양림로 110,47121,슈퍼마켓,43101,43101,12,12,계속,계속,5218100976,52181009760,47121,슈퍼마켓
1464587,0,주식회사비투케이에이아이텍,61478,광주 동구 천변우로 339,66192,투자 자문업 및 투자 일임업,43435,43435,1,1,계속,계속,5218801241,52188012410,66192,투자 자문업 및 투자 일임업
1464892,0,열도지,61465,광주광역시 동구 제봉로82번길 17,56121,중식 음식점업,45456,45456,10,7,계속,계속,5220303115,52203031150,56121,중식 음식점업
1464936,0,우와마케팅,61433,광주 동구 필문대로192번길 34,71310,광고 대행업,45985,45985,4,4,계속,계속,5220503098,52205030980,71310,광고 대행업
1465202,0,맘스터치조선대점,61449,광주 동구 필문대로273번길 32,56162,치킨 전문점,43344,43344,0,0,계속,계속,5222000283,52220002830,56162,치킨 전문점
1465746,0,진주재가노인복지센타,61402,광주 동구 중앙로 358,87293,방문 복지서비스 제공업,43812,43812,2,2,계속,계속,5228001796,52280017960,87293,방문 복지서비스 제공업
1465932,0,제3생애지원협동조합,61407,광주광역시 동구 필문대로 141-1,75919,기타 사무지원 서비스업,42387,42387,3,3,계속,계속,5228200054,52282000540,75919,기타 사무지원 서비스업
1465969,0,(유)동원도정산업 탑캐슬호텔,61484,광주 동구 서석로7번길 16-14,55102,여관업,43040,43040,2,2,계속,계속,5228500676,52285006760,55102,여관업
1466177,0,주식회사호남포스트,61472,광주 동구 금남로 195,58121,신문 발행업,42874,42874,3,3,계속,계속,5228700122,52287001220,58121,신문 발행업
1466276,0,주식회사부연전력,61510,광주 동구 화산로238번길 25,41999,건설업본사,44987,44987,2,2,계속,계속,5228702815,52287028150,41999,건설업본사
1466277,0,주식회사부연전력,61510,광주 동구 화산로238번길 25,42311,일반전기 공사업,45042,45042,4,4,일괄유기,일괄유기,5228702815,52287028156,42311,일반전기 공사업
1466516,0,베테랑입시미술학원,61482,광주 동구 서석로 49,85622,미술학원,45762,45762,2,2,계속,계속,5229501806,52295018060,85622,미술학원
1466566,0,향루,61468,광주 동구 백서로 170,56121,중식 음식점업,44470,44470,1,1,계속,계속,5230102283,52301022830,56121,중식 음식점업
1466783,0,종합법률사무소정문,61441,광주 동구 준법로 25,71101,변호사업,44200,44200,5,4,계속,계속,5231001758,52310017580,71101,변호사업
1468016,0,주식회사 달구,61500,광주광역시 동구 남문로 600,58222,응용 소프트웨어 개발 및 공급업,45566,45566,2,2,계속,계속,5238703568,52387035680,58222,응용 소프트웨어 개발 및 공급업
1470023,0,효소먹은돼지,61484,광주 동구 중앙로160번길 14-7,56111,한식 일반 음식점업,43435,43435,2,2,계속,계속,5250500969,52505009690,56111,한식 일반 음식점업
1470652,0,미림화방(김현우),61474,광주 동구 예술길 17,47612,문구용품 및 회화용품 소매업,44562,44562,1,1,계속,계속,5254800777,52548007770,47612,문구용품 및 회화용품 소매업
1471820,0,세븐인치,61436,광주 동구 동계천로 166,96112,두발 미용업,42917,42917,1,1,계속,계속,5260700592,52607005920,96112,두발 미용업
1471950,0,엘림,61401,광주 동구 무등로307번길 6-19,47213,건어물 및 젓갈류 소매업,45078,45078,1,1,계속,계속,5261301739,52613017390,47213,건어물 및 젓갈류 소매업
1472419,0,다욧디저트,61431,광주광역시 동구 제봉로140번길 8,46323,"빵류, 과자류, 당류, 초콜릿 도매업",45718,45718,2,1,계속,계속,5264601057,52646010570,46323,"빵류, 과자류, 당류, 초콜릿 도매업"
1472894,0,(주)근화이앤씨,61493,광주광역시 동구  성촌길 17,41999,건설업본사,42836,42836,3,3,계속,계속,5268600582,52686005820,41999,건설업본사
1473277,0,(주)전인교육,61479,광주 동구 천변우로 361-15,47320,가전제품 소매업,44645,44645,1,1,계속,계속,5268802342,52688023420,47320,가전제품 소매업
1473490,0,시간건축디자인,61443,광주 동구 밤실로20번길 7-1,41999,건설업본사,44873,44873,1,1,계속,계속,5270302974,52703029740,41999,건설업본사
1473491,0,시간건축디자인,61443,광주 동구 밤실로20번길 7-1,42412,"도배, 실내장식 및 내장 목공사업",44875,44875,2,2,일괄유기,일괄유기,5270302974,52703029746,42412,"도배, 실내장식 및 내장 목공사업"
1474418,0,주식회사아이엠씨,61473,광주 동구 구성로204번길 2,47312,통신기기 소매업,42100,42100,1,1,계속,계속,5278100052,52781000520,47312,통신기기 소매업
1474534,0,주식회사오아시스스튜디오,61472,광주 동구 금남로  193-22,59113,광고 영화 및 비디오물 제작업,44697,44697,65,63,계속,계속,5278102593,52781025930,59113,광고 영화 및 비디오물 제작업
1474597,0,주식회사유오워크금남점,61472,광주 동구 금남로 193-22,71531,경영 컨설팅업,43087,43087,1,1,계속,계속,5278500443,52785004430,71531,경영 컨설팅업
1474695,0,주식회사 무들산업,61504,광주광역시 동구 화산로 355,68121,주거용 건물 개발 및 공급업,43952,43952,2,2,계속,계속,5278601342,52786013420,68121,주거용 건물 개발 및 공급업
1474885,0,주식회사메디컬랜드,61481,광주 동구 금남로 202,68111,주거용 건물 임대업,44928,44928,1,1,계속,계속,5278702163,52787021630,68111,주거용 건물 임대업
1474985,0,(주)금성주택개발,61511,광주 동구 칠전길 57-2,68121,주거용 건물 개발 및 공급업,43497,43497,1,1,계속,계속,5278801235,52788012350,68121,주거용 건물 개발 및 공급업
1476079,0,세븐일레븐 광주남광주시장점,61489,광주 동구 제봉로 19,47122,체인화 편의점,42887,42887,1,1,계속,계속,5287900111,52879001110,47122,체인화 편의점
1476130,0,주식회사경동이엔지,61400,광주광역시 동구  서암대로 308,29133,"탭, 밸브 및 유사장치 제조업",42264,42264,3,3,계속,계속,5288100225,52881002250,29133,"탭, 밸브 및 유사장치 제조업"
1476131,0,주식회사 경동이엔지,61400,광주 동구 서암대로 308,42201,배관 및 냉ㆍ난방 공사업,45184,45184,1,1,일괄유기,일괄유기,5288100225,52881002256,42201,배관 및 냉ㆍ난방 공사업
1477178,0,이마트24광주학동점,61464,광주 동구 남문로 663,47122,체인화 편의점,44287,44287,5,5,계속,계속,5291601724,52916017240,47122,체인화 편의점
1477433,0,청둥오리명가,61511,광주광역시 동구 화산로350번길 71,56111,한식 일반 음식점업,45473,45473,2,2,계속,계속,5293501007,52935010070,56111,한식 일반 음식점업
1477962,0,샘물직업재활센터,61502,광주 동구 학소로 32,28123,배전반 및 전기 자동제어반 제조업,45216,45216,12,12,계속,계속,5298200642,52982006420,28123,배전반 및 전기 자동제어반 제조업
1478253,0,주식회사본디건축연구소,61459,광주 동구 의재로 33,72111,건축설계 및 관련 서비스업,44256,44256,1,1,계속,계속,5298702233,52987022330,72111,건축설계 및 관련 서비스업
1478628,0,맛찬반찬카페,61509,광주 동구 화산로 328-6,47223,조리 반찬류 소매업,43344,43344,2,0,계속,계속,5300400547,53004005470,47223,조리 반찬류 소매업
1478950,0,메가엠지씨커피광주교대점,61404,광주 동구 필문대로 48,56221,커피 전문점,44652,44652,1,1,계속,계속,5302101484,53021014840,56221,커피 전문점
1479054,0,법무사허영진사무소,61444,광주 동구 준법로 4,71103,법무사업,43678,43678,4,4,계속,계속,5302800617,53028006170,71103,법무사업
1479057,0,광주방탈출카페브레인,61483,광주 동구 중앙로160번길 15-2,91229,기타 오락장 운영업,44136,44136,1,1,계속,계속,5302801071,53028010710,91229,기타 오락장 운영업
1479679,0,주식회사 하다 광주지사,61513,광주광역시 동구 남계길 60-1,73203,시각 디자인업,45951,45951,4,4,계속,계속,5308503387,53085033870,73203,시각 디자인업
1479997,0,한국아동인권센터협동조합,61504,광주광역시 동구  화산로 354,91229,기타 오락장 운영업,42675,42675,2,2,계속,계속,5308800310,53088003100,91229,기타 오락장 운영업
1480218,0,KD건설,61439,광주 동구 필문대로205번길 11-24,41999,건설업본사,43748,43748,1,1,계속,계속,5310100893,53101008930,41999,건설업본사
1480662,0,쥬드주얼리 광주점,61484,광주광역시 동구 서석로 17,47830,시계 및 귀금속 소매업,45778,45778,1,1,계속,계속,5312402041,53124020410,47830,시계 및 귀금속 소매업
1481116,0,밤산책가,61475,광주 동구 금남로 245,47611,"서적, 신문 및 잡지류 소매업",45382,45382,1,1,계속,계속,5317500502,53175005020,47611,"서적, 신문 및 잡지류 소매업"
1481168,0,동구지산어린이집,61433,광주 동구 동명로69번길 20,87210,보육시설 운영업,44621,44621,11,11,계속,계속,5318002085,53180020850,87210,보육시설 운영업
1481181,0,우리재가복지센터,61449,광주광역시 동구 필문대로289번길 8,87299,그 외 기타 비거주 복지 서비스업,45748,45748,35,35,계속,계속,5318003032,53180030320,87299,그 외 기타 비거주 복지 서비스업
1481269,0,㈜케이아이컨설팅,61428,광주 동구 동계천로 45-6,46699,그 외 기타 건축자재 도매업,44319,44319,1,1,계속,계속,5318101991,53181019910,46699,그 외 기타 건축자재 도매업
1481459,0,주식회사 위드엠,61458,광주광역시 동구  남문로693번길 12-10,68122,비주거용 건물 개발 및 공급업,43739,43739,1,1,계속,계속,5318601040,53186010400,68122,비주거용 건물 개발 및 공급업
1481642,0,유한회사터와맥,61440,광주 동구 지산로85번길 11-9,71531,경영 컨설팅업,44253,44253,3,3,계속,계속,5318701770,53187017700,71531,경영 컨설팅업
1481666,0,지산1구역재개발정비사업조합,61445,광주 동구 필문대로 235,68121,주거용 건물 개발 및 공급업,44348,44348,1,1,계속,계속,5318702255,53187022550,68121,주거용 건물 개발 및 공급업
1482531,1,한양산업개발,61481,광주 동구 충장로  45-2,,,45484,,1,0,일괄유기,,5323301237,53233012376,,
1483702,0,세븐일레븐 광주소태골드점,61499,광주 동구 남문로 589,47122,체인화 편의점,45519,45519,3,3,계속,계속,5330203592,53302035920,47122,체인화 편의점
1483839,0,바이브컷,61434,광주광역시 동구  동계천로 137-9,91229,기타 오락장 운영업,45314,45314,1,1,계속,계속,5330802580,53308025800,91229,기타 오락장 운영업
1484591,0,휴노인복지센터,61498,광주 동구 남문로634번길 16,87111,노인 요양 복지시설 운영업,43587,43587,30,24,계속,계속,5338001345,53380013450,87111,노인 요양 복지시설 운영업
1485116,0,주식회사 지원하우징,61471,광주 동구 독립로 256-7,68224,부동산 분양 대행업,45292,45292,1,1,계속,계속,5338702168,53387021680,68224,부동산 분양 대행업
1485553,0,정일기업,61513,광주 동구 육판서길 142,47519,"페인트, 창호 및 기타 건설자재 소매업",45444,45444,15,15,계속,계속,5340603007,53406030070,47519,"페인트, 창호 및 기타 건설자재 소매업"
1485804,0,누리메디,61421,광주광역시 동구 독립로 338,46592,의료기기 도매업,45778,45778,1,1,계속,계속,5341802210,53418022100,46592,의료기기 도매업
1486008,0,프랭크커핀바광주동명점,61434,광주 동구 동명로14번길 15,56221,커피 전문점,44743,44743,7,7,계속,계속,5343201099,53432010990,56221,커피 전문점
1486607,0,(주)광주그린섬지점-디자인은그린섬 미술학원,61436,광주 동구 동명로 6,85622,미술학원,43746,43746,11,11,계속,계속,5348501095,53485010950,85622,미술학원
1486697,0,주식회사어반레시피,61494,광주 동구 의재로136번길 10,56123,서양식 음식점업,43466,43466,16,16,계속,계속,5348601393,53486013930,56123,서양식 음식점업
1486902,0,주식회사온리고,61483,광주 동구 충장로안길 16,56123,서양식 음식점업,44682,44682,2,2,계속,계속,5348702671,53487026710,56123,서양식 음식점업
1487164,0,용산아이멘토학원,61508,광주광역시 동구 용산1로 4,85501,일반 교과 학원,45505,45505,2,2,계속,계속,5349400860,53494008600,85501,일반 교과 학원
1487449,0,세븐일레븐광주하늘마당점,61474,광주광역시 동구 서석로85번길 1,47122,체인화 편의점,44075,44075,2,2,계속,계속,5351201420,53512014200,47122,체인화 편의점
1487531,0,캐주얼리스페이스,61436,광주 동구 장동로 23-28,47419,기타 의복 소매업,44613,44613,1,1,계속,계속,5351601087,53516010870,47419,기타 의복 소매업
1487586,0,애니웨이 (ANIWAY),61475,광주 동구 금남로 245,46324,낙농품 및 동식물성 유지 도매업,44781,44781,1,1,계속,계속,5351801252,53518012520,46324,낙농품 및 동식물성 유지 도매업
1488861,0,주식회사 파인즈홀딩스,61452,광주 동구 조선대1길  17,41999,건설업본사,45658,45658,1,1,계속,계속,5358802889,53588028890,41999,건설업본사
1489255,0,소담정,61433,광주 동구 동명로69번길 6,56111,한식 일반 음식점업,45012,45012,2,2,계속,계속,5361102070,53611020700,56111,한식 일반 음식점업
1489676,0,우리정보통신,61489,광주 동구 백서로 122,47312,통신기기 소매업,44136,44136,0,0,계속,계속,5364200682,53642006820,47312,통신기기 소매업
1489837,0,고기집중,61482,광주 동구 충장로 101-23,56111,한식 일반 음식점업,44470,44470,6,6,계속,계속,5366500323,53665003230,56111,한식 일반 음식점업
1489944,0,민들레재가복지센터,61433,광주광역시 동구 경양로 364-1,87293,방문 복지서비스 제공업,45839,45839,4,4,계속,계속,5368003167,53680031670,87293,방문 복지서비스 제공업
1490249,0,주식회사제이앤에이-투썸플레이스광주계림그랜드센트럴,61426,광주 동구 동계천로 26,56229,기타 비알코올 음료점업,44287,44287,11,10,계속,계속,5368601782,53686017820,56229,기타 비알코올 음료점업
1490622,0,열두달그리다주식회사,61494,광주 동구 동산길7번길 12-2,75992,"전시, 컨벤션 및 행사 대행업",45200,45200,20,20,계속,계속,5368802825,53688028250,75992,"전시, 컨벤션 및 행사 대행업"
1490948,0,동해반점,61501,광주 동구 지원로 31,56121,중식 음식점업,44108,44108,1,1,계속,계속,5371001591,53710015910,56121,중식 음식점업
1491785,0,주식회사연이프,61488,광주광역시 동구 서석로 14,47912,전자상거래 소매업,45139,45139,2,2,계속,계속,5378103153,53781031530,47912,전자상거래 소매업
1492393,0,해요미(HEYOME)영어수학학원,61464,광주 동구 남문로 667,85501,일반 교과 학원,44621,44621,2,2,계속,계속,5379801599,53798015990,85501,일반 교과 학원
1493159,0,본죽&비빔밥광주충장점,61482,광주 동구 충장로 77-5,56111,한식 일반 음식점업,43901,43901,1,1,계속,계속,5385200412,53852004120,56111,한식 일반 음식점업
1493273,0,돈나맛있네,61417,광주 동구 산수길27번길 19-29,56111,한식 일반 음식점업,44081,44081,1,1,계속,계속,5387400428,53874004280,56111,한식 일반 음식점업
1493515,0,푸마 광주 충장로점,61483,광주 동구 충장로 86,47419,기타 의복 소매업,44533,44533,2,2,계속,계속,5388501802,53885018020,47419,기타 의복 소매업
1493534,0,정원,61514,광주광역시 동구 남계길 49,56221,커피 전문점,45741,45741,2,2,계속,계속,5388502719,53885027190,56221,커피 전문점
1494320,0,여행전문가,61472,광주 동구 구성로  180,75210,여행사업,45603,45603,2,2,계속,계속,5391202760,53912027600,75210,여행사업
1494430,0,오월의동명동,61434,광주광역시 동구 동명로 40,56229,기타 비알코올 음료점업,45474,45474,1,1,계속,계속,5391801915,53918019150,56229,기타 비알코올 음료점업
1494580,0,고스트베이프,61487,광주 동구 서석로 26,47320,가전제품 소매업,45139,45139,1,1,계속,계속,5392901022,53929010220,47320,가전제품 소매업
1494689,0,파리바게뜨광주소태점,61496,광주 동구 의재로 84,56150,제과점업,43556,43556,1,1,계속,계속,5393800608,53938006080,56150,제과점업
1494761,0,씨유용산행복점,61508,광주광역시 동구  용산2로 20,47122,체인화 편의점,43679,43679,1,1,계속,계속,5394500493,53945004930,47122,체인화 편의점
1494853,0,일신축산,61417,광주 동구 경양로 349,47212,육류 소매업,45352,45352,1,1,계속,계속,5396000744,53960007440,47212,육류 소매업
1494985,0,주식회사꿈이있는사람들,61421,광주광역시 동구  독립로 338,46109,상품종합 중개업,42647,42647,6,6,계속,계속,5398100448,53981004480,46109,상품종합 중개업
1495756,0,에스엘기획,61424,광주 동구 경양로 234,71392,"광고물 문안, 도안, 설계 등 작성업",45297,45297,1,1,계속,계속,5400202359,54002023590,71392,"광고물 문안, 도안, 설계 등 작성업"
1495926,0,제이제이컴퍼니,61483,광주광역시 동구 충장로 102-1,47312,통신기기 소매업,45627,45627,1,1,계속,계속,5400902775,54009027750,47312,통신기기 소매업
1496426,0,세무사 서석진,61474,광주광역시 동구 중앙로 210,71202,세무사업,45352,45352,1,1,계속,계속,5404301106,54043011060,71202,세무사업
1496666,0,리채사랑어린이집,61514,광주 동구 육판서길 16,87210,보육시설 운영업,45415,45415,7,7,계속,계속,5408003415,54080034150,87210,보육시설 운영업
1496863,0,법무법인제승광주사무소,61445,광주 동구 지산로63번길 2,71101,변호사업,43709,43709,7,7,계속,계속,5408500989,54085009890,71101,변호사업
1497024,0,(주) 더펀플레이스,61483,광주광역시 동구 중앙로160번길 3,71531,경영 컨설팅업,45352,45352,1,1,계속,계속,5408603324,54086033240,71531,경영 컨설팅업
1497065,0,호승산업 주식회사,61405,광주 동구 무등로 411,52992,"화물운송 중개, 대리 및 관련 서비스업",43647,43647,2,2,계속,계속,5408700678,54087006780,52992,"화물운송 중개, 대리 및 관련 서비스업"
1497954,0,핏미톤미 헤어,61482,광주 동구 충장로 105,96112,두발 미용업,45992,45992,4,4,계속,계속,5412602019,54126020190,96112,두발 미용업
1498075,0,라 롱드 꺄레,61494,광주 동구 의재로136번길 35,56123,서양식 음식점업,43698,43698,1,1,계속,계속,5413800620,54138006200,56123,서양식 음식점업
1498151,0,에스앤제이(S&J),61445,광주 동구 필문대로 241,33910,간판 및 광고물 제조업,43892,43892,1,1,계속,계속,5414700243,54147002430,33910,간판 및 광고물 제조업
1498190,1,지에스(GS)25 용산지구점,61508,광주광역시 동구 용산1로 4,,,45327,,1,0,계속,,5415100861,54151008610,,
1498211,0,기본,61434,광주 동구 동계천로 121,41999,건설업본사,44927,44927,1,1,계속,계속,5415500194,54155001940,41999,건설업본사
1498369,0,유한회사 더블유유통,61417,광주 동구 경양로 349,47121,슈퍼마켓,42901,42901,5,5,계속,계속,5418100645,54181006450,47121,슈퍼마켓
1498899,0,어감,61410,광주 동구 밤실로136번길 8-15,59113,광고 영화 및 비디오물 제작업,44809,44809,1,1,계속,계속,5418801022,54188010220,59113,광고 영화 및 비디오물 제작업
1499497,0,아이올래드(IOLED),61452,광주광역시 동구 필문대로 309,26299,그 외 기타 전자부품 제조업,43327,43327,1,1,계속,계속,5422100644,54221006440,26299,그 외 기타 전자부품 제조업
1499576,0,미앤미교육컨설팅,61452,광주광역시 동구 조선대1길 17,85699,그 외 기타 분류 안된 교육기관,45030,45030,1,1,계속,계속,5422600692,54226006920,85699,그 외 기타 분류 안된 교육기관
1499939,0,지은초밥,61436,광주 동구 장동로 47,56122,일식 음식점업,44562,44562,3,3,계속,계속,5427200404,54272004040,56122,일식 음식점업
1500135,0,유한회사거석,61401,광주 동구 계림동,68119,기타 부동산 임대업,45139,45139,1,1,계속,계속,5428102985,54281029850,68119,기타 부동산 임대업
1500407,0,법무법인 평율,61441,광주광역시 동구 준법로25번길 16,71101,변호사업,45740,45740,3,3,계속,계속,5428603446,54286034460,71101,변호사업
1500414,0,(주)풍경채,61478,광주광역시 동구 천변우로 339,41999,건설업본사,42261,42261,4,4,계속,계속,5428700238,54287002380,41999,건설업본사
1500537,0,주식회사 영진컴퍼니,61430,광주광역시 동구 동명로 15,56111,한식 일반 음식점업,45647,45647,1,1,계속,계속,5428703123,54287031230,56111,한식 일반 음식점업
1500800,0,세양수산학동점,61460,광주 동구 의재로 65,46315,"신선, 냉동 및 기타 수산물 도매업",44440,44440,1,1,계속,계속,5429901114,54299011140,46315,"신선, 냉동 및 기타 수산물 도매업"
1502064,0,메디컨설팅주식회사(MEDIConsulting),61493,광주 동구 의재로 221,47811,의약품 및 의료용품 소매업,43983,43983,0,0,계속,계속,5438601626,54386016260,47811,의약품 및 의료용품 소매업
1502184,0,주식회사더에듀,61475,광주 동구 금남로 225,85701,교육관련 자문 및 평가업,42737,42737,3,3,계속,계속,5438700551,54387005510,85701,교육관련 자문 및 평가업
1502187,0,주식회사에스시아이,61474,광주 동구 중앙로 218,68224,부동산 분양 대행업,43126,43126,9,9,계속,계속,5438700639,54387006390,68224,부동산 분양 대행업
1502377,0,주식회사한국시과학연구소,61452,광주 동구 조선대1길 17,72919,"기타 기술 시험, 검사 및 분석업",44013,44013,1,1,계속,계속,5438801557,54388015570,72919,"기타 기술 시험, 검사 및 분석업"
1502619,0,컴포즈커피광주롯데점,61470,광주 동구 제봉로213번길 10-9,56221,커피 전문점,44531,44531,8,8,계속,계속,5440302135,54403021350,56221,커피 전문점
1502671,0,맨포트,61465,광주 동구 제봉로98번길 11-11,96111,이용업,45292,45292,1,1,계속,계속,5440503045,54405030450,96111,이용업
1503217,0,라이트베이프,61483,광주 동구 중앙로160번길 25-1,47232,담배 소매업,45049,45049,1,1,계속,계속,5444300884,54443008840,47232,담배 소매업
1503275,1,걸작떡볶이 조선대점,61449,광주 동구 필문대로287번길 15-27,,,45170,,1,0,계속,,5445000733,54450007330,,
1503444,0,(가칭)THE50센트럴금동지역주택조합,61487,광주 동구 백서로125번길  26,68121,주거용 건물 개발 및 공급업,44450,44450,1,1,계속,계속,5448001097,54480010970,68121,주거용 건물 개발 및 공급업
1504123,0,(주)온비즈,61437,광주광역시 동구 필문대로 185,71310,광고 대행업,45404,45404,11,11,계속,계속,5448803029,54488030290,71310,광고 대행업
1504125,0,리안소프트 주식회사,61436,광주광역시 동구 동계천로 150,58222,응용 소프트웨어 개발 및 공급업,45413,45413,4,4,계속,계속,5448803053,54488030530,58222,응용 소프트웨어 개발 및 공급업
1504351,0,케이원FnC,61493,광주 동구 증심사길30번길 49,47631,운동 및 경기용품 소매업,43141,43141,2,2,계속,계속,5450500866,54505008660,47631,운동 및 경기용품 소매업
1504511,0,모아플라이태닝스튜디오,61484,광주 동구 서석로7번길 6-11,96129,체형 등 기타 신체관리 서비스업,43952,43952,1,1,계속,계속,5451201053,54512010530,96129,체형 등 기타 신체관리 서비스업
1504639,0,동양토털,61417,광주광역시 동구 산수길39번길 34-2,42499,그 외 기타 건축 마무리 공사업,45580,45580,3,3,일괄유기,일괄유기,5451902366,54519023666,42499,그 외 기타 건축 마무리 공사업
1504827,0,보우주얼리,61484,광주광역시 동구 서석로 11,47830,시계 및 귀금속 소매업,44978,44978,1,1,계속,계속,5453101199,54531011990,47830,시계 및 귀금속 소매업
1504845,0,플라츠법률사무소,61445,광주 동구 동명로 96,71101,변호사업,44624,44624,3,3,계속,계속,5453300802,54533008020,71101,변호사업
1504940,0,맨케이브바버샵,61484,광주광역시 동구 천변우로 405-3,96111,이용업,45536,45536,1,1,계속,계속,5454300378,54543003780,96111,이용업
1505361,0,주식회사여송설희,61480,광주 동구 중앙로 163,56191,김밥 및 기타 간이 음식점업,43800,43800,1,1,계속,계속,5458501358,54585013580,56191,김밥 및 기타 간이 음식점업
1505403,1,(주)남선알미늄 광주사무소,61482,광주 동구 금남로 238,,,45817,,3,0,계속,,5458503297,54585032970,,
1505558,0,주식회사 뉴로랩,61481,광주광역시 동구 금남로 202,72129,기타 엔지니어링 서비스업,45880,45880,2,2,계속,계속,5458603519,54586035190,72129,기타 엔지니어링 서비스업
1506112,0,장어촌,61433,광주 동구 경양로 384-1,56111,한식 일반 음식점업,42856,42856,1,1,계속,계속,5460600527,54606005270,56111,한식 일반 음식점업
1506459,0,thus(더스),61484,광주광역시 동구 서석로7번길 6-23,46413,남녀용 겉옷 및 셔츠 도매업,45606,45606,1,1,계속,계속,5462400628,54624006280,46413,남녀용 겉옷 및 셔츠 도매업
1507176,0,유한회사미건스타,61503,광주 동구 소태길3번길  43-13,46699,그 외 기타 건축자재 도매업,44197,44197,1,1,계속,계속,5468600548,54686005480,46699,그 외 기타 건축자재 도매업
1507268,0,주식회사밀리하우스,61436,광주 동구 동계천로 150,47911,전자상거래 소매 중개업,44907,44907,4,4,계속,계속,5468602639,54686026390,47911,전자상거래 소매 중개업
1507581,0,(유)디스캣,61475,광주 동구 금남로 245,58221,시스템 소프트웨어 개발 및 공급업,45108,45108,1,1,계속,계속,5468802521,54688025210,58221,시스템 소프트웨어 개발 및 공급업
1508243,0,법률사무소중평,61445,광주 동구 지산로63번길 2,71101,변호사업,44257,44257,3,2,계속,계속,5472800992,54728009920,71101,변호사업
1508372,0,김가네 용산점,61508,광주 동구 용산1로 12,56111,한식 일반 음식점업,44972,44972,1,1,계속,계속,5473901148,54739011480,56111,한식 일반 음식점업
1509358,0,마블,61417,광주 동구 무등로 392,47212,육류 소매업,44197,44197,1,1,계속,계속,5479000704,54790007040,47212,육류 소매업
1509711,0,한빛나노의료기,61462,광주광역시 동구  의재로 58,47812,의료용 기구 소매업,43393,43393,1,1,계속,계속,5481300273,54813002730,47812,의료용 기구 소매업
1509764,0,플랜가드5.5,61476,광주 동구 충장로 15,47912,전자상거래 소매업,44628,44628,1,1,계속,계속,5481501766,54815017660,47912,전자상거래 소매업
1510188,0,변호사고운오법률사무소,61444,광주 동구 준법로 4,71101,변호사업,43276,43276,3,3,계속,계속,5485000389,54850003890,71101,변호사업
1510531,0,유한회사 수옥,61414,광주 동구 동계로 61,74211,건축물 일반 청소업,45748,45748,1,1,계속,계속,5488103740,54881037400,74211,건축물 일반 청소업
1512325,0,법무법인정행인광주분사무소,61444,광주 동구 준법로 28,71101,변호사업,45108,45108,1,1,계속,계속,5498502382,54985023820,71101,변호사업
1512405,0,㈜ 한경민,61449,광주광역시 동구 필문대로287번길 15-22,56161,"피자, 햄버거, 샌드위치 및 유사 음식점업",43425,43425,15,14,계속,계속,5498601323,54986013230,56161,"피자, 햄버거, 샌드위치 및 유사 음식점업"
1512474,0,주식회사정우이앤티(ENT),61473,광주 동구 구성로194번길 9,59111,일반 영화 및 비디오물 제작업,44564,44564,1,1,계속,계속,5498602754,54986027540,59111,일반 영화 및 비디오물 제작업
1513047,0,케이(K)-피콕컬러,61480,광주광역시 동구 충장로 54-3,85709,기타 교육지원 서비스업,45318,45318,1,1,계속,계속,5500502769,55005027690,85709,기타 교육지원 서비스업
1513177,0,미도테크,61476,광주 동구 충장로 15,13223,커튼 및 유사제품 제조업,44595,44595,2,2,계속,계속,5501101460,55011014600,13223,커튼 및 유사제품 제조업
1514128,0,피카디리건축사사무소(주),61479,광주광역시 동구  천변우로 351,72111,건축설계 및 관련 서비스업,43006,43006,2,2,계속,계속,5508600931,55086009310,72111,건축설계 및 관련 서비스업
1515758,0,세무법인 무등 광주지점,61480,광주 동구 구성로152번길 1,71202,세무사업,42217,42217,3,3,계속,계속,5518500072,55185000720,71202,세무사업
1516380,0,BA컴퍼니,61484,광주 동구 서석로7번길 16-8,73301,인물사진 및 행사용 영상 촬영업,44197,44197,1,1,계속,계속,5520200844,55202008440,73301,인물사진 및 행사용 영상 촬영업
1516568,0,푸어샵,61484,광주 동구 서석로7번길 6-14,47912,전자상거래 소매업,45005,45005,1,1,계속,계속,5520900178,55209001780,47912,전자상거래 소매업
1516693,0,빵두,61448,광주 동구 지산로 33,56150,제과점업,44445,44445,2,2,계속,계속,5521401642,55214016420,56150,제과점업
1516874,0,호남온누리약국,61487,광주 동구 백서로137번길 1,47811,의약품 및 의료용품 소매업,43647,43647,3,3,계속,계속,5522501099,55225010990,47811,의약품 및 의료용품 소매업
1517037,0,포인트라인플레인(PointLinePlane),61484,광주 동구 서석로7번길 6-3,46413,남녀용 겉옷 및 셔츠 도매업,44410,44410,1,1,계속,계속,5524000676,55240006760,46413,남녀용 겉옷 및 셔츠 도매업
1517199,0,크림(Krim),61426,광주 동구 동계천로6번길  11,56211,일반 유흥주점업,45376,45376,3,3,계속,계속,5526100778,55261007780,56211,일반 유흥주점업
1517554,0,법무법인대한중앙,61441,광주 동구 준법로 1,71101,변호사업,43850,43850,19,19,계속,계속,5528501263,55285012630,71101,변호사업
1517629,0,주식회사빛고을추모공원,61406,광주 동구 무등로449번길 4,41999,건설업본사,45116,45116,3,3,계속,계속,5528601090,55286010900,41999,건설업본사
1518412,0,드림,61475,광주 동구 예술길 20-9,47813,"화장품, 비누 및 방향제 소매업",44109,44109,1,1,계속,계속,5531401252,55314012520,47813,"화장품, 비누 및 방향제 소매업"
1518815,0,라파,61473,광주 동구 제봉로 187,56229,기타 비알코올 음료점업,43521,43521,1,1,계속,계속,5534400454,55344004540,56229,기타 비알코올 음료점업
1519260,0,주식회사바로크충장로지점,61482,광주 동구 충장로 77-1,68119,기타 부동산 임대업,44199,44199,1,1,계속,계속,5538501363,55385013630,68119,기타 부동산 임대업
1519387,0,(주)부경의약품,61421,광주 동구 독립로 338,46441,의약품 도매업,44260,44260,5,5,계속,계속,5538602262,55386022620,46441,의약품 도매업
1520052,0,와우기업,61490,광주광역시 동구 제봉로17번길 9-5,46699,그 외 기타 건축자재 도매업,45488,45488,1,1,계속,계속,5540802796,55408027960,46699,그 외 기타 건축자재 도매업
1520150,0,춘자네 소금구이,61405,광주광역시 동구 참판로 8,56111,한식 일반 음식점업,45546,45546,1,1,계속,계속,5541402574,55414025740,56111,한식 일반 음식점업
1520328,0,아이디에이 (IDA),61405,광주 동구 무등로415번길 15,71310,광고 대행업,45962,45962,4,4,계속,계속,5542401593,55424015930,71310,광고 대행업
1521663,0,뉴글라스충장점,61483,광주 동구 중앙로160번길 31-8,47822,안경 및 렌즈 소매업,44384,44384,3,3,계속,계속,5550302095,55503020950,47822,안경 및 렌즈 소매업
1521762,0,프랭크버거조선대점,61449,광주 동구 필문대로273번길 26,56161,"피자, 햄버거, 샌드위치 및 유사 음식점업",44835,44835,8,8,계속,계속,5550702394,55507023940,56161,"피자, 햄버거, 샌드위치 및 유사 음식점업"
1521767,0,법률사무소 광산,61445,광주 동구 지산로63번길  2,71101,변호사업,45627,45627,3,3,계속,계속,5550703001,55507030010,71101,변호사업
1522196,0,남동식당,61488,광주 동구 백서로125번길 27,56111,한식 일반 음식점업,43739,43739,3,3,계속,계속,5553400766,55534007660,56111,한식 일반 음식점업
1522393,0,말리화,61465,광주 동구 제봉로82번길 13-5,56121,중식 음식점업,45597,45597,17,13,계속,계속,5555700902,55557009020,56121,중식 음식점업
1522639,0,(주)뉴액터스,61473,광주광역시 동구  중앙로 207-7,75110,고용 알선업,44410,44410,2,2,계속,계속,5558102166,55581021660,75110,고용 알선업
1523175,0,유한회사 성안산업,61453,광주광역시 동구 필문대로 341-5,75121,임시 및 일용 인력 공급업,45597,45597,1,1,계속,계속,5558803301,55588033010,75121,임시 및 일용 인력 공급업
1523603,0,제이주니헤어,61508,광주 동구 용산2로 3,96112,두발 미용업,43989,43989,1,1,계속,계속,5561501296,55615012960,96112,두발 미용업
1523616,0,퍼니트리,61483,광주 동구 충장로  68,56123,서양식 음식점업,45444,45444,1,1,계속,계속,5561502470,55615024700,56123,서양식 음식점업
1523924,0,티월드모바일,61482,광주 동구 충장로 93-4,47312,통신기기 소매업,43132,43132,1,1,계속,계속,5564000440,55640004400,47312,통신기기 소매업
1524450,0,주식회사볼트앤써브,61483,광주 동구 중앙로160번길 31-18,56161,"피자, 햄버거, 샌드위치 및 유사 음식점업",42948,42948,15,15,계속,계속,5568600787,55686007870,56161,"피자, 햄버거, 샌드위치 및 유사 음식점업"
1524814,0,수기건설 주식회사,61478,광주 동구 독립로 218,68121,주거용 건물 개발 및 공급업,44256,44256,4,4,계속,계속,5568801780,55688017800,68121,주거용 건물 개발 및 공급업
1524995,0,법률사무소시원,61441,광주 동구 지산로 70,71101,변호사업,42491,42491,6,6,계속,계속,5570200382,55702003820,71101,변호사업
1525024,0,더한우사랑,61463,광주 동구 학소로 137,56111,한식 일반 음식점업,42796,42796,2,2,계속,계속,5570300512,55703005120,56111,한식 일반 음식점업
1525122,0,아구찜 참 잘하는집 광주 계림점,61426,광주광역시 동구 독립로 282-12,56111,한식 일반 음식점업,45432,45432,1,1,계속,계속,5570603107,55706031070,56111,한식 일반 음식점업
1525278,1,워너비,61483,광주 동구 서석로 37-1,,,43101,,1,0,계속,,5571300525,55713005250,,
1525446,0,광주명문치과의원,61454,광주 동구 남문로 780,86202,치과 의원,45203,45203,8,8,계속,계속,5572101927,55721019270,86202,치과 의원
1525608,1,신성종합건축,61423,광주 동구 경양로277번길 34-1,,,44319,,1,0,일괄유기,,5573400627,55734006276,,
1525710,0,레코더즈광주동명동점,61434,광주 동구 동계천로 143-17,73301,인물사진 및 행사용 영상 촬영업,44198,44198,1,1,계속,계속,5574700350,55747003500,73301,인물사진 및 행사용 영상 촬영업
1525771,0,달곰식당,61436,광주 동구 장동로43번길 9,56122,일식 음식점업,42917,42917,1,1,계속,계속,5575500281,55755002810,56122,일식 음식점업
1526244,0,"(주)이에스에프에프앤비(ESFF＆BCo.,Ltd)",61436,광주 동구 동계천로  150,71531,경영 컨설팅업,44652,44652,3,3,계속,계속,5578602487,55786024870,71531,경영 컨설팅업
1526751,0,도피(DOFFEE),61436,광주 동구 백서로 238,56221,커피 전문점,44289,44289,9,3,계속,계속,5580201948,55802019480,56221,커피 전문점
1526903,0,시안사진관 광주 충장로점,61483,광주광역시 동구 중앙로160번길 31-2,73301,인물사진 및 행사용 영상 촬영업,45839,45839,5,5,계속,계속,5580803195,55808031950,73301,인물사진 및 행사용 영상 촬영업
1527150,0,디자인 날마다,61487,광주 동구 백서로125번길 6,73203,시각 디자인업,44013,44013,1,1,계속,계속,5582300639,55823006390,73203,시각 디자인업
1527231,0,나카모리아키나,61434,광주 동구 동계천로 143-17,56111,한식 일반 음식점업,44333,44333,2,1,계속,계속,5582801180,55828011800,56111,한식 일반 음식점업
1527351,0,미소리서치,61419,광주 동구 독립로 352,71400,시장조사 및 여론조사업,44866,44866,1,1,계속,계속,5583800351,55838003510,71400,시장조사 및 여론조사업
1527727,0,주식회사힘,61452,광주광역시 동구 필문대로 309,47219,기타 신선식품 및 단순 가공식품 소매업,44013,44013,1,1,계속,계속,5588101716,55881017160,47219,기타 신선식품 및 단순 가공식품 소매업
1528267,0,(주)비티에프테크,61472,광주광역시 동구  금남로 193-12,58221,시스템 소프트웨어 개발 및 공급업,44044,44228,4,3,계속,계속,5588701789,55887017890,58221,시스템 소프트웨어 개발 및 공급업
1528583,0,김앤김치과의원,61402,광주광역시 동구 중앙로 358,86202,치과 의원,45292,45292,7,7,계속,계속,5589801543,55898015430,86202,치과 의원
1528643,0,모두가,61448,광주광역시 동구 필문대로273번길 13,56111,한식 일반 음식점업,45597,45597,1,1,계속,계속,5590203497,55902034970,56111,한식 일반 음식점업
1529331,0,금관꽃돼지,61465,광주광역시 동구 제봉로110번길 5,56111,한식 일반 음식점업,45605,45605,4,4,계속,계속,5595200646,55952006460,56111,한식 일반 음식점업
1529722,0,주식회사 바이포엠 툰스튜디오,61474,광주 동구 예술길 31-15,90199,그 외 기타 창작 및 예술관련 서비스업,44440,44440,22,22,계속,계속,5598502040,55985020400,90199,그 외 기타 창작 및 예술관련 서비스업
1530441,0,성진ENG,61406,광주광역시 동구  무등로415번길 8,41999,건설업본사,43252,43252,1,1,계속,계속,5600500415,56005004150,41999,건설업본사
1530709,0,싱푸미엔관,61432,광주광역시 동구 동명로 49,56129,기타 외국식 음식점업,45611,45611,6,6,계속,계속,5601702492,56017024920,56129,기타 외국식 음식점업
1531868,0,주식회사베리컴퍼니,61475,광주 동구 금남로 239,47912,전자상거래 소매업,42755,42755,8,8,계속,계속,5608800529,56088005290,47912,전자상거래 소매업
1531891,0,법무법인에스앤파트너스,61445,광주 동구 동명로 102,71101,변호사업,43405,43405,10,10,계속,계속,5608801095,56088010950,71101,변호사업
1531992,0,초록나무상담심리센터,61415,광주 동구 계림로20번길 6,86909,그 외 기타 보건업,42559,42559,2,2,계속,계속,5609000110,56090001100,86909,그 외 기타 보건업
1532537,0,도시락형제,61427,광주광역시 동구 제봉로178번길 11,56199,간이음식 포장 판매 전문점,45444,45444,7,7,계속,계속,5612201340,56122013400,56199,간이음식 포장 판매 전문점
1532626,0,언맨드시스템,61467,광주광역시 동구 필문대로 309,31312,무인 항공기 및 무인 비행장치 제조업,45474,45474,1,1,계속,계속,5612901150,56129011500,31312,무인 항공기 및 무인 비행장치 제조업
1533192,0,사단법인 해양환경보전국민연합,61462,광주 동구 의재로 58,94931,환경운동 단체,43629,43629,1,1,계속,계속,5618200364,56182003640,94931,환경운동 단체
1533357,0,"현대이앤씨주식회사(HyundaeENCCo.,Ltd.)",61483,광주 동구 충장로안길 38,41999,건설업본사,44704,44704,2,2,계속,계속,5618602282,56186022820,41999,건설업본사
1533358,0,현대이앤씨 주식회사,61483,광주 동구 충장로안길 38 (황금동),42412,"도배, 실내장식 및 내장 목공사업",44879,44879,2,2,일괄유기,일괄유기,5618602282,56186022826,42412,"도배, 실내장식 및 내장 목공사업"
1534012,0,울엄니축산,61433,광주 동구 필문대로 192,46313,육류 도매업,44179,44179,1,1,계속,계속,5620901780,56209017800,46313,육류 도매업
1534097,0,이스트(EAST),61494,광주 동구 의재로136번길 32-5,56221,커피 전문점,44440,44440,1,1,계속,계속,5621301899,56213018990,56221,커피 전문점
1534785,0,청라국제금융단지주식회사,61474,광주광역시 동구 서석로85번길 8-12,68122,비주거용 건물 개발 및 공급업,42430,42430,3,3,계속,계속,5628100259,56281002590,68122,비주거용 건물 개발 및 공급업
1535239,0,법무법인 일이삼(123),61441,광주 동구 지산로 74-8,71101,변호사업,44166,44166,8,8,계속,계속,5628701959,56287019590,71101,변호사업
1536122,0,현대토건,61457,광주 동구 남문로 708-1,41999,건설업본사,44207,44207,1,1,계속,계속,5633101106,56331011060,41999,건설업본사
1537076,0,주식회사 에이아이캠퍼스,61475,광주광역시 동구 중앙로 196,58221,시스템 소프트웨어 개발 및 공급업,43278,43278,41,40,계속,계속,5638800950,56388009500,58221,시스템 소프트웨어 개발 및 공급업
1537557,0,장흥종합유통,61421,광주 동구 중흥로 220-1,47129,기타 음ㆍ식료품 위주 종합 소매업,44562,44562,1,1,계속,계속,5641202112,56412021120,47129,기타 음ㆍ식료품 위주 종합 소매업
1538402,0,광주광역시5·18민주화운동기록관(대표관리번호),61475,광주광역시 동구 금남로221,90211,도서관 및 기록보존소 운영업,42130,42130,29,31,일괄계속,계속,5648300017,56483000170,90211,도서관 및 기록보존소 운영업
1538672,0,주식회사 관원,61424,광주 동구 경양로 234,47121,슈퍼마켓,44111,44111,12,12,계속,계속,5648701713,56487017130,47121,슈퍼마켓
1539003,0,모든안전건설,61400,광주광역시 동구 독립로 366,47859,그 외 기타 분류 안된 상품 전문 소매업,45870,45870,4,4,계속,계속,5650203677,56502036770,47859,그 외 기타 분류 안된 상품 전문 소매업
1539078,0,호텔리베로,61487,광주 동구 문화전당로35번길 3-10,55102,여관업,45076,45076,3,3,계속,계속,5650502835,56505028350,55102,여관업
1539298,0,스튜디오제닉,61468,광주광역시 동구 백서로 173,91299,그 외 기타 분류 안된 오락관련 서비스업,45630,45630,2,2,계속,계속,5651501780,56515017800,91299,그 외 기타 분류 안된 오락관련 서비스업
1539873,0,갤러리카페커피니,61475,광주 동구 예술길 24-1,56221,커피 전문점,43892,43892,1,1,계속,계속,5657200260,56572002600,56221,커피 전문점
1540045,0,(주)이인조경,61459,광주 동구 의재로 33,41999,건설업본사,44723,44723,2,2,계속,계속,5658102498,56581024980,41999,건설업본사
1540046,0,주식회사 이인조경,61459,광주 동구 의재로 33,41226,조경 건설업,44982,44982,13,10,일괄유기,일괄유기,5658102498,56581024986,41226,조경 건설업
1540051,0,메타테라퓨틱스주식회사,61472,광주 동구 금남로 193-22,58222,응용 소프트웨어 개발 및 공급업,44774,44774,1,1,계속,계속,5658102580,56581025800,58222,응용 소프트웨어 개발 및 공급업
1540149,0,(주)명지조경,61465,광주 동구 제봉로98번길 11-11,41999,건설업본사,42164,42164,1,1,계속,계속,5658600082,56586000820,41999,건설업본사
1540150,0,주식회사명지조경,61465,광주 동구 제봉로98번길 11-11,41226,조경 건설업,42346,42346,1,1,일괄유기,일괄유기,5658600082,56586000826,41226,조경 건설업
1540290,0,호재소사,61432,광주광역시 동구 동명로67번길 22-49,56221,커피 전문점,45839,45839,2,2,계속,계속,5658603376,56586033760,56221,커피 전문점
1540387,0,(유)피카딜리산업개발,61479,광주 동구 천변우로 351,68129,기타 부동산 개발 및 공급업,44599,44599,1,1,계속,계속,5658702132,56587021320,68129,기타 부동산 개발 및 공급업
1540621,0,파머스영어3관더조은수학과학학원,61414,광주광역시 동구 동계로 61,85501,일반 교과 학원,45870,45870,4,4,계속,계속,5659301736,56593017360,85501,일반 교과 학원
1541117,0,CU광주두산위브점,61414,광주광역시 동구 계림로30번길 15,47122,체인화 편의점,43344,43344,8,7,계속,계속,5662500857,56625008570,47122,체인화 편의점
1541436,0,리메디얼필라테스용산점,61508,광주 동구 용산1로 4,85612,기타 스포츠 교육기관,44378,44378,2,2,계속,계속,5666200416,56662004160,85612,기타 스포츠 교육기관
1541625,0,스마트플러스대부 주식회사,61445,광주 동구 동명로 110,75993,신용 조사 및 추심 대행업,44927,44927,1,1,계속,계속,5668101702,56681017020,75993,신용 조사 및 추심 대행업
1541742,0,주식회사반지엘피지지원점,61511,광주 동구 남문로 397,47713,운송장비용 기타 가스 충전업,43922,43922,8,8,계속,계속,5668501296,56685012960,47713,운송장비용 기타 가스 충전업
1542111,0,(주)어나더해피,61482,광주광역시 동구  금남로 242-1,71519,기타 산업 회사 본부,42856,42856,1,1,계속,계속,5668800435,56688004350,71519,기타 산업 회사 본부
1542583,0,케이엠제이,61449,광주 동구 필문대로287번길 15-22,74211,건축물 일반 청소업,42919,42919,2,2,계속,계속,5671200087,56712000870,74211,건축물 일반 청소업
1542651,0,드론평야,61452,광주광역시 동구 조선대1길 17,58222,응용 소프트웨어 개발 및 공급업,45139,45139,2,2,계속,계속,5671502183,56715021830,58222,응용 소프트웨어 개발 및 공급업
1542702,0,니뽕내뽕(충장로점),61482,광주 동구 충장로 77-1,56121,중식 음식점업,43066,43066,8,8,계속,계속,5671800721,56718007210,56121,중식 음식점업
1543106,1,국제계기,61512,광주광역시 동구 남문로 202-1,,,45889,,3,0,일괄유기,,5675100204,56751002046,,
1543186,0,쉐어링,61499,광주광역시 동구 남문로 589,56221,커피 전문점,45341,45341,1,1,계속,계속,5676400688,56764006880,56221,커피 전문점
1543197,0,아이세이버안경소태점,61499,광주 동구 남문로 613,47822,안경 및 렌즈 소매업,44968,44968,1,1,계속,계속,5676600362,56766003620,47822,안경 및 렌즈 소매업
1544337,0,자연을빚다,61422,광주 동구 중흥로 242,47841,예술품 및 골동품 소매업,44743,44743,1,1,계속,계속,5681301427,56813014270,47841,예술품 및 골동품 소매업
1544357,0,퍼드커피,61430,광주 동구 동계로15번길 7,56221,커피 전문점,45200,45200,1,1,계속,계속,5681401711,56814017110,56221,커피 전문점
1544387,0,땡큐당구클럽,61468,광주 동구 백서로 173,91135,당구장 운영업,44378,44378,1,1,계속,계속,5681601035,56816010350,91135,당구장 운영업
1544537,0,힐리빌리(HillyBilly),61483,광주 동구 서석로 39,56161,"피자, 햄버거, 샌드위치 및 유사 음식점업",45292,45292,2,2,계속,계속,5682501610,56825016100,56161,"피자, 햄버거, 샌드위치 및 유사 음식점업"
1544764,0,더플러스 참치,61426,광주광역시 동구 제봉로222번길 2,56111,한식 일반 음식점업,45505,45505,1,1,계속,계속,5684601143,56846011430,56111,한식 일반 음식점업
1544793,0,아뜰리에 순수,61484,광주 동구 천변우로 395,76292,의류 임대업,45665,45665,1,1,계속,계속,5685000836,56850008360,76292,의류 임대업
1545269,0,(주)동산디에스개발,61490,광주광역시 동구 양림로 124,68129,기타 부동산 개발 및 공급업,43435,43435,1,1,계속,계속,5688601080,56886010800,68129,기타 부동산 개발 및 공급업
1545436,0,한아름주택 주식회사,61444,광주 동구 밤실로 13,41999,건설업본사,44713,44713,1,1,계속,계속,5688701317,56887013170,41999,건설업본사
1546138,0,더무거버거,61449,광주광역시 동구 필문대로273번길 18,56161,"피자, 햄버거, 샌드위치 및 유사 음식점업",44934,44934,1,1,계속,계속,5691801288,56918012880,56161,"피자, 햄버거, 샌드위치 및 유사 음식점업"
1546312,0,대현정보통신,61503,광주 동구 남문로 552,47312,통신기기 소매업,44936,44936,1,1,계속,계속,5692900271,56929002710,47312,통신기기 소매업
1546385,0,배스킨라빈스 광주계림두산위브점,61414,광주광역시 동구 동계로 61,56191,김밥 및 기타 간이 음식점업,45901,45901,4,4,계속,계속,5693301694,56933016940,56191,김밥 및 기타 간이 음식점업
1547410,0,주식회사 백동,61477,광주 동구 독립로226번길 27,41999,건설업본사,44368,44368,2,2,계속,계속,5698802015,56988020150,41999,건설업본사
1548011,0,설빙 광주조선대점,61449,광주 동구 필문대로287번길 23-4,56229,기타 비알코올 음료점업,43617,43617,2,2,계속,계속,5702300788,57023007880,56229,기타 비알코올 음료점업
1548370,0,디자인쏙,61468,광주 동구 백서로176번길 2-1,71310,광고 대행업,43534,43534,3,3,계속,계속,5706300111,57063001110,71310,광고 대행업
1548576,0,신대산산업주식회사,61477,광주 동구 독립로226번길 11,41999,건설업본사,44029,44029,3,3,계속,계속,5708102068,57081020680,41999,건설업본사
1548577,0,신대산산업(주),61477,광주 동구 독립로226번길 11,42110,건물 및 구축물 해체 공사업,44223,44223,1,1,일괄유기,일괄유기,5708102068,57081020686,42110,건물 및 구축물 해체 공사업
1548629,0,주식회사 라인리스써클,61475,광주광역시 동구 금남로 245,58212,모바일 게임 소프트웨어 개발 및 공급업,45362,45362,4,4,계속,계속,5708103183,57081031830,58212,모바일 게임 소프트웨어 개발 및 공급업
1548675,0,동구청소년수련관,61460,광주 동구 의재로43번길 27-3,85614,청소년 수련시설 운영업,43132,43132,9,8,계속,계속,5708200219,57082002190,85614,청소년 수련시설 운영업
1549283,0,더큰도시락 조선대점,61452,광주 동구 조선대길 184,56199,간이음식 포장 판매 전문점,43688,43688,2,2,계속,계속,5710101357,57101013570,56199,간이음식 포장 판매 전문점
1549366,0,좋은공간,61437,광주 동구 필문대로191번길 5-14,71531,경영 컨설팅업,43739,43739,1,1,계속,계속,5710400311,57104003110,71531,경영 컨설팅업
1550412,0,국립아시아문화전당(대표관리번호),61485,광주 동구 문화전당로 38,90191,공연 기획업,42552,42552,363,376,일괄계속,계속,5718300015,57183000150,90191,공연 기획업
1550461,0,주식회사타파웨어나누리,61406,광주 동구 필문대로 130,46433,생활용 유리ㆍ요업ㆍ목재ㆍ금속 제품 및 날붙이 도매업,42675,42675,1,1,계속,계속,5718600471,57186004710,46433,생활용 유리ㆍ요업ㆍ목재ㆍ금속 제품 및 날붙이 도매업
1550516,0,주식회사 네오세라,61488,광주 동구 서석로 12,68121,주거용 건물 개발 및 공급업,44348,44348,6,6,계속,계속,5718601790,57186017900,68121,주거용 건물 개발 및 공급업
1550517,0,주식회사네오세라,61488,광주 동구 서석로 12,42412,"도배, 실내장식 및 내장 목공사업",45059,45059,1,1,일괄유기,일괄유기,5718601790,57186017906,42412,"도배, 실내장식 및 내장 목공사업"
1550816,0,주식회사 에드업,61475,광주광역시 동구 금남로 245,58212,모바일 게임 소프트웨어 개발 및 공급업,43458,43458,16,16,계속,계속,5718801208,57188012080,58212,모바일 게임 소프트웨어 개발 및 공급업
1551839,0,조진우치과,61476,광주 동구 금남로 162-1,86202,치과 의원,36708,36069,3,3,계속,계속,5726900031,57269000310,86202,치과 의원
1552533,0,다공에스앤티 주식회사,61436,광주 동구 동계천로 150,58222,응용 소프트웨어 개발 및 공급업,43755,43755,23,23,계속,계속,5728801481,57288014810,58222,응용 소프트웨어 개발 및 공급업
1552626,0,해미르푸드,61503,광주 동구 소태길 23-2,46315,"신선, 냉동 및 기타 수산물 도매업",43405,43405,1,1,계속,계속,5729000578,57290005780,46315,"신선, 냉동 및 기타 수산물 도매업"
1552645,0,존스커피바리스타학원,61488,광주광역시 동구 백서로 115-1,85669,기타 기술 및 직업훈련학원,45664,45664,1,1,계속,계속,5729102175,57291021750,85669,기타 기술 및 직업훈련학원
1552748,0,세종헤어 충장점,61482,광주 동구 충장로 101-15,96112,두발 미용업,43221,43221,2,2,계속,계속,5730201118,57302011180,96112,두발 미용업
1552940,0,명루관,61433,광주 동구 필문대로192번길 21,56121,중식 음식점업,43252,43252,8,8,계속,계속,5731000865,57310008650,56121,중식 음식점업
1553868,0,엘티디씨유한회사,61434,광주광역시 동구 동명로14번길 13,56229,기타 비알코올 음료점업,43556,43556,1,1,계속,계속,5738500903,57385009030,56229,기타 비알코올 음료점업
1553943,0,주식회사블랙스튜디오,61475,광주광역시 동구 금남로 245,90199,그 외 기타 창작 및 예술관련 서비스업,43245,43245,3,3,계속,계속,5738600991,57386009910,90199,그 외 기타 창작 및 예술관련 서비스업
1554135,0,(유)소석,61401,광주 동구 중앙로 339,68212,비주거용 부동산 관리업,45047,45047,2,2,계속,계속,5738701890,57387018900,68212,비주거용 부동산 관리업
1554525,0,세븐일레븐광주롯데점,61471,광주 동구 금남로 161-42,47122,체인화 편의점,45153,45153,3,3,계속,계속,5740502538,57405025380,47122,체인화 편의점
1554659,0,더벤티 무등산아이파크점,61455,광주 동구 남문로753번길 20,56221,커피 전문점,44827,44827,1,1,계속,계속,5741102257,57411022570,56221,커피 전문점
1555049,0,판토스(한승철),61514,광주 동구 남문로 307,49301,일반 화물자동차 운송업,43642,43642,1,0,계속,계속,5744200442,57442004420,49301,일반 화물자동차 운송업
1555512,0,메가MGC커피광주충장중앙점,61479,광주 동구 중앙로 157,56221,커피 전문점,44076,44076,22,22,계속,계속,5748501619,57485016190,56221,커피 전문점
1555857,0,주식회사 한울기획,61426,광주광역시 동구  동계천로6번길 11-11,71310,광고 대행업,43070,43070,1,1,계속,계속,5748800396,57488003960,71310,광고 대행업
1556071,0,장보고청과,61417,광주 동구 경양로 349,46312,"채소류, 서류 및 향신작물류 도매업",44501,44501,1,1,계속,계속,5749701330,57497013300,46312,"채소류, 서류 및 향신작물류 도매업"
1556168,0,하쯔,61434,광주 동구 동명로 20,56213,생맥주 전문점,43578,43578,1,1,계속,계속,5750401030,57504010300,56213,생맥주 전문점
1557025,0,농업회사법인(주)금치,61512,광주 동구 선교로 91-5,10302,과실 및 그 외 채소 절임식품 제조업,42480,42480,12,12,계속,계속,5758100293,57581002930,10302,과실 및 그 외 채소 절임식품 제조업
1557301,0,주식회사대신수산유통,61427,광주 동구 제봉로194번길 14,47214,"신선, 냉동 및 기타 수산물 소매업",44136,44136,1,1,계속,계속,5758601865,57586018650,47214,"신선, 냉동 및 기타 수산물 소매업"
1557766,0,법률사무소소통,61440,광주 동구 동명로 101-1,71101,변호사업,42317,42317,1,1,계속,계속,5760100289,57601002890,71101,변호사업
1557854,0,디얼코지,61483,광주광역시 동구 충장로안길 3,47912,전자상거래 소매업,45993,45993,4,4,계속,계속,5760403216,57604032160,47912,전자상거래 소매업
1557866,0,스포티즘82(SPTZ82),61498,광주 동구 남문로644번길 14-3,75999,그 외 기타 분류 안된 사업지원 서비스업,44474,44474,1,1,계속,계속,5760501777,57605017770,75999,그 외 기타 분류 안된 사업지원 서비스업
1558022,0,한식경,61430,광주 동구 동명로25번길 6-1,56111,한식 일반 음식점업,43104,43104,3,3,계속,계속,5761200631,57612006310,56111,한식 일반 음식점업
1558188,0,아우라파스토(AuraFasto),61436,광주 동구 동명로 12,56123,서양식 음식점업,44445,44445,1,1,계속,계속,5762101438,57621014380,56123,서양식 음식점업
1558314,0,갱소년,61475,광주광역시 동구 중앙로196번길 31-10,10603,과자류 및 코코아 제품 제조업,43581,43581,2,2,계속,계속,5762900546,57629005460,10603,과자류 및 코코아 제품 제조업
1558362,0,산등무,61434,광주 동구 동명로 24,56111,한식 일반 음식점업,45197,45197,5,5,계속,계속,5763201486,57632014860,56111,한식 일반 음식점업
1558367,0,뜰건축사사무소,61464,광주 동구 남문로693번길 11,72111,건축설계 및 관련 서비스업,44573,44573,1,1,계속,계속,5763300387,57633003870,72111,건축설계 및 관련 서비스업
1558391,0,커버,61481,광주 동구 금남로 202,47912,전자상거래 소매업,45162,45162,2,2,계속,계속,5763501191,57635011910,47912,전자상거래 소매업
1558650,0,한가족복지센터,61413,광주 동구 계림로 5-1,96993,개인 간병 및 유사 서비스업,42461,42461,47,39,계속,계속,5768000173,57680001730,96993,개인 간병 및 유사 서비스업
1559477,0,몸이야필라테스계림점평생교육원,61414,광주 동구 동계로 61,85612,기타 스포츠 교육기관,44866,44866,1,1,계속,계속,5769601402,57696014020,85612,기타 스포츠 교육기관
1559559,0,진하회관(구)길,61427,광주 동구 제봉로194번길 3,56114,한식 해산물요리 전문점,42644,42644,1,1,계속,계속,5770300156,57703001560,56114,한식 해산물요리 전문점
1559909,0,소굴,61463,광주 동구 남문로 694-26,56213,생맥주 전문점,44068,44068,2,2,계속,계속,5771801111,57718011110,56213,생맥주 전문점
1559918,0,종합법률사무소 해움,61445,광주광역시 동구 동명로 110,71101,변호사업,42331,42331,2,2,계속,계속,5771900142,57719001420,71101,변호사업
1559981,0,오버롤즈,61474,광주 동구 제봉로  157,47912,전자상거래 소매업,45261,45261,1,1,계속,계속,5772300682,57723006820,47912,전자상거래 소매업
1560754,0,(주)포시즌,61514,광주 동구 남계길 28,68119,기타 부동산 임대업,44835,44835,1,1,계속,계속,5778601181,57786011810,68119,기타 부동산 임대업
1560967,0,와이즈힐 주식회사,61478,광주광역시 동구 천변우로 339,70119,기타 자연과학 연구개발업,45103,45103,3,3,계속,계속,5778702815,57787028150,70119,기타 자연과학 연구개발업
1562172,0,현대옥 광주충장로점,61481,광주 동구 중앙로 181,56111,한식 일반 음식점업,43832,43832,8,8,계속,계속,5787800287,57878002870,56111,한식 일반 음식점업
1562454,0,법무법인 에스앤파트너스 지산분사무소,61444,광주광역시 동구 준법로 12,71101,변호사업,45784,45784,1,1,계속,계속,5788502911,57885029110,71101,변호사업
1562557,0,(주)알엔피건축사사무소,61432,광주 동구 동명로 63,72111,건축설계 및 관련 서비스업,44562,44562,5,5,계속,계속,5788602470,57886024700,72111,건축설계 및 관련 서비스업
1562730,0,주식회사 경동전력,61482,광주광역시 동구 금남로 232-11,41999,건설업본사,44967,44967,1,2,계속,계속,5788702588,57887025880,41999,건설업본사
1562731,0,주식회사 경동전력,61482,광주 동구 금남로  232-11,42311,일반전기 공사업,45028,45028,3,1,일괄유기,일괄유기,5788702588,57887025886,42311,일반전기 공사업
1563031,0,친니친니 크리에이터 랩,61419,광주 동구 무등로304번길 8,59120,"영화, 비디오물 및 방송프로그램 제작 관련 서비스업",43831,43831,1,1,계속,계속,5790201872,57902018720,59120,"영화, 비디오물 및 방송프로그램 제작 관련 서비스업"
1563163,0,괍(GUAP),61436,광주 동구 장동로 7,56111,한식 일반 음식점업,44774,44774,1,1,계속,계속,5790702328,57907023280,56111,한식 일반 음식점업
1563179,0,성부전기,61402,광주광역시 동구 중앙로 358,47591,전기용품 및 조명장치 소매업,45035,45035,2,2,계속,계속,5790801141,57908011410,47591,전기용품 및 조명장치 소매업
1563180,0,성부전기,61402,광주 동구 중앙로 358,42311,일반전기 공사업,45278,45278,1,1,일괄유기,일괄유기,5790801141,57908011416,42311,일반전기 공사업
1563311,0,일일수작광주구시청점,61487,광주 동구 백서로125번길 38,56111,한식 일반 음식점업,45078,45078,2,2,계속,계속,5791402078,57914020780,56111,한식 일반 음식점업
1563332,0,포르피노열번째이야기,61464,광주 동구 남문로 663,56221,커피 전문점,45164,45164,1,1,계속,계속,5791502212,57915022120,56221,커피 전문점
1563354,0,일하는사람들,61429,광주 동구 중앙로  248,42499,그 외 기타 건축 마무리 공사업,43815,43815,1,1,일괄유기,일괄유기,5791701255,57917012556,42499,그 외 기타 건축 마무리 공사업
1564047,0,주식회사 스튜디오브리즈,61475,광주 동구 금남로  245,58212,모바일 게임 소프트웨어 개발 및 공급업,45017,45017,9,9,계속,계속,5798102672,57981026720,58212,모바일 게임 소프트웨어 개발 및 공급업
1564086,0,(사)한국신장장애인협회GS25R광주4점,61422,광주광역시 동구 구성로 257,47122,체인화 편의점,43214,43214,2,2,계속,계속,5798200180,57982001800,47122,체인화 편의점
1565088,0,리팩커,61432,광주광역시 동구 동명로67번길 30-1,15129,가방 및 기타 보호용 케이스 제조업,45839,45839,1,1,계속,계속,5801801795,58018017950,15129,가방 및 기타 보호용 케이스 제조업
1565805,0,자비신행회 노인복지센터,61474,광주 동구 서석로85번길 8-12,87299,그 외 기타 비거주 복지 서비스업,43467,43467,1,1,계속,계속,5808200249,58082002490,87299,그 외 기타 비거주 복지 서비스업
1565925,0,주식회사 이디에너지,61426,광주 동구 제봉로222번길 6-21,46595,전기용 기계장비 및 관련 기자재 도매업,43892,43892,26,25,계속,계속,5808601737,58086017370,46595,전기용 기계장비 및 관련 기자재 도매업
1566046,0,주식회사앤오조,61459,광주 동구 의재로 19,27195,안경 및 안경렌즈 제조업,43472,43472,0,0,계속,계속,5808701035,58087010350,27195,안경 및 안경렌즈 제조업
1566586,0,그린파크뷰지역주택조합,61514,광주 동구 남문로 343-1,68121,주거용 건물 개발 및 공급업,45139,45139,1,1,계속,계속,5810802764,58108027640,68121,주거용 건물 개발 및 공급업
1566675,0,미르약품,61487,광주 동구 백서로137번길 8,47811,의약품 및 의료용품 소매업,45231,45231,1,1,계속,계속,5811202247,58112022470,47811,의약품 및 의료용품 소매업
1566960,0,법무사 전정기사무소,61439,광주광역시 동구 필문대로205번길 19-15,71103,법무사업,45852,45852,4,4,계속,계속,5813001581,58130015810,71103,법무사업
1566997,0,메타,61483,광주 동구 중앙로160번길 31-14,47419,기타 의복 소매업,44287,44287,1,1,계속,계속,5813300735,58133007350,47419,기타 의복 소매업
1567323,0,뼈대있는집 충장점,61482,광주 동구 충장로 97-2,56111,한식 일반 음식점업,43983,43983,1,1,계속,계속,5817900257,58179002570,56111,한식 일반 음식점업
1567606,0,(주)해준식품,61488,광주 동구 백서로117번길 16-1,58221,시스템 소프트웨어 개발 및 공급업,42556,42556,4,4,계속,계속,5818600594,58186005940,58221,시스템 소프트웨어 개발 및 공급업
1568225,0,카루식당,61436,광주 동구 장동로 11,56111,한식 일반 음식점업,43222,43222,2,2,계속,계속,5820300842,58203008420,56111,한식 일반 음식점업
1568615,0,대진휀스,61512,광주 동구 남문로 272,47519,"페인트, 창호 및 기타 건설자재 소매업",44212,44212,1,1,계속,계속,5822300933,58223009330,47519,"페인트, 창호 및 기타 건설자재 소매업"
1568728,0,오늘은만두,61502,광주 동구 지원로 4,56191,김밥 및 기타 간이 음식점업,45718,45718,1,1,계속,계속,5823101714,58231017140,56191,김밥 및 기타 간이 음식점업
1569295,0,국립아시아문화전당재단,61485,광주광역시 동구 문화전당로 38,90199,그 외 기타 창작 및 예술관련 서비스업,44578,44578,145,142,계속,계속,5828200492,58282004920,90199,그 외 기타 창작 및 예술관련 서비스업
1570009,0,롱타임노씨,61434,광주 동구 동계천로 143,56161,"피자, 햄버거, 샌드위치 및 유사 음식점업",45352,45352,1,1,계속,계속,5830402985,58304029850,56161,"피자, 햄버거, 샌드위치 및 유사 음식점업"
1570382,0,다이나핏충장로점,61483,광주광역시 동구 충장로 66,47419,기타 의복 소매업,44348,44348,1,1,계속,계속,5832300431,58323004310,47419,기타 의복 소매업
1570423,0,호시정,61434,광주 동구 동계천로 137-9,56221,커피 전문점,43783,43783,1,1,계속,계속,5832500930,58325009300,56221,커피 전문점
1571203,0,스페이스플래닝 주식회사,61472,광주 동구 금남로 193-12,63120,포털 및 기타 인터넷 정보매개 서비스업,44835,44835,2,2,계속,계속,5838602341,58386023410,63120,포털 및 기타 인터넷 정보매개 서비스업
1571270,0,비즈힐주식회사,61472,광주 동구 금남로 195-1,62090,기타 정보기술 및 컴퓨터운영 관련 서비스업,43347,43347,1,1,계속,계속,5838700980,58387009800,62090,기타 정보기술 및 컴퓨터운영 관련 서비스업
1572119,0,물결,61436,광주 동구 동명로 6,56123,서양식 음식점업,45078,45078,2,2,계속,계속,5842101730,58421017300,56123,서양식 음식점업
1572855,0,주식회사스마트라이드광주지점,61475,광주 동구 금남로 245,58221,시스템 소프트웨어 개발 및 공급업,44999,44999,3,2,계속,계속,7828602254,58485020460,58221,시스템 소프트웨어 개발 및 공급업
1573416,0,바른이비인후과의원,61464,광주 동구 남문로  667,86201,일반 의원,42982,42982,4,4,계속,계속,5849900327,58499003270,86201,일반 의원
1573517,0,세븐일레븐광주전대의대점,61468,광주 동구 백서로 153,47122,체인화 편의점,45611,45611,3,4,계속,계속,5850403113,58504031130,47122,체인화 편의점
1573683,0,석관동떡볶이조선대점,61452,광주광역시 동구 필문대로 309,56191,김밥 및 기타 간이 음식점업,43621,43621,1,1,계속,계속,5851201084,58512010840,56191,김밥 및 기타 간이 음식점업
1574039,0,인테리어원,61413,광주광역시 동구 중앙로 258,42420,유리 및 창호 공사업,43482,43484,1,1,일괄유기,일괄유기,5853700486,58537004866,42420,유리 및 창호 공사업
1574578,0,월광주조,61449,광주 동구 필문대로 279,11111,탁주 및 약주 제조업,45292,45292,1,1,계속,계속,5858502049,58585020490,11111,탁주 및 약주 제조업
1575150,0,행복담,61474,광주 동구 서석로85번길 2,56111,한식 일반 음식점업,43132,43132,3,3,계속,계속,5860100781,58601007810,56111,한식 일반 음식점업
1575271,0,소나무법률사무소,61444,광주 동구 준법로 4,71101,변호사업,45108,45108,3,3,계속,계속,5860503016,58605030160,71101,변호사업
1575941,0,에이치엠메디칼,61463,광주광역시 동구 남문로 686,46592,의료기기 도매업,44186,44186,4,4,계속,계속,5865600535,58656005350,46592,의료기기 도매업
1576301,0,(주)디와이스코프코리아,61472,광주 동구 금남로 193-22,58222,응용 소프트웨어 개발 및 공급업,45000,45000,4,4,계속,계속,5868502585,58685025850,58222,응용 소프트웨어 개발 및 공급업
1576965,0,더 정성,61508,광주 동구 용산3길 17,47911,전자상거래 소매 중개업,44105,44105,2,2,계속,계속,5870700812,58707008120,47911,전자상거래 소매 중개업
1577529,0,일품 양평해장국 계림점,61424,광주광역시 동구 경양로 234,56111,한식 일반 음식점업,45413,45413,1,1,계속,계속,5873601335,58736013350,56111,한식 일반 음식점업
1578063,0,사단법인 아가페컬처광주,61434,광주광역시 동구 동명로20번길 30,90191,공연 기획업,45901,45901,4,4,계속,계속,5878200589,58782005890,90191,공연 기획업
1578362,0,주식회사에이치디메디,61472,광주광역시 동구 금남로 193-22,62010,컴퓨터 프로그래밍 서비스업,44457,44457,7,7,계속,계속,5878702355,58787023550,62010,컴퓨터 프로그래밍 서비스업
1578867,0,넌(NONE),61483,광주 동구 중앙로 176,47422,의복 액세서리 및 모조 장신구 소매업,43617,43617,2,2,계속,계속,5881200987,58812009870,47422,의복 액세서리 및 모조 장신구 소매업
1579045,0,헤이키커피 광주법원점,61439,광주 동구 필문대로205번길 21,56221,커피 전문점,45633,45633,1,1,계속,계속,5882201952,58822019520,56221,커피 전문점
1579321,0,와야객점,61488,광주 동구 문화전당로35번길 17,56121,중식 음식점업,44539,44539,1,1,계속,계속,5884800593,58848005930,56121,중식 음식점업
1579551,0,서우하우징주식회사,61473,광주 동구 구성로194번길 19,55101,호텔업,43102,43102,1,1,계속,계속,5888100284,58881002840,55101,호텔업
1579594,0,유한회사피카딜리파트너스,61406,광주 동구 필문대로 134-1,71531,경영 컨설팅업,45170,45170,3,3,계속,계속,5888101298,58881012980,71531,경영 컨설팅업
1579671,0,(주)로브드샤,61484,광주 동구 서석로 13-1,76292,의류 임대업,44743,44743,12,12,계속,계속,5888102813,58881028130,76292,의류 임대업
1580964,0,기찻길옆 황제식당,61490,광주광역시 동구 제봉로17번길 13-32,56111,한식 일반 음식점업,45505,45505,1,1,계속,계속,5893801320,58938013200,56111,한식 일반 음식점업
1581671,0,주식회사 신선플러스,61479,광주 동구 중앙로 143,47912,전자상거래 소매업,44249,44249,1,1,계속,계속,5898701954,58987019540,47912,전자상거래 소매업
1581843,0,주식회사린벤처스,61472,광주 동구 금남로 193-12,66192,투자 자문업 및 투자 일임업,44524,44524,5,5,계속,계속,5898802270,58988022700,66192,투자 자문업 및 투자 일임업
1582122,0,씨유풍향금호점,61404,광주 동구 무등로375번길 26,47122,체인화 편의점,44697,44697,9,9,계속,계속,5900602411,59006024110,47122,체인화 편의점
1582254,0,시골집,61436,광주 동구 제봉로110번길 21,56111,한식 일반 음식점업,45120,45120,1,1,계속,계속,5901202218,59012022180,56111,한식 일반 음식점업
1582689,0,열린치과의원,61499,광주광역시 동구 남문로 589,86103,치과 병원,45293,45293,1,1,계속,계속,5905100882,59051008820,86103,치과 병원
1582872,0,(주)와이티티,61484,광주 동구 천변우로 393-3,74100,사업시설 유지관리 서비스업,43891,43891,0,0,계속,계속,5908100346,59081003460,74100,사업시설 유지관리 서비스업
1584347,0,세븐일레븐 광주일등점,61483,광주 동구 중앙로 162,47122,체인화 편의점,45954,45954,3,3,계속,계속,5915301059,59153010590,47122,체인화 편의점
1585305,0,라이드올스테이카페클럽,61429,광주 동구 중앙로252번길 15,56123,서양식 음식점업,45810,45810,1,1,계속,계속,5920103406,59201034060,56123,서양식 음식점업
1585561,0,메리앤코,61484,광주 동구 천변우로 393-3,59111,일반 영화 및 비디오물 제작업,45170,45170,1,1,계속,계속,5921202136,59212021360,59111,일반 영화 및 비디오물 제작업
1586927,0,상돈이네,61504,광주 동구 남문로 555,47212,육류 소매업,43542,43542,1,1,계속,계속,5929100870,59291008700,47212,육류 소매업
1587257,0,사거리통골뱅이,61480,광주 동구 충장로58번길 18-2,56111,한식 일반 음식점업,44470,44470,1,1,계속,계속,5931101604,59311016040,56111,한식 일반 음식점업
1587795,0,세무회계세림,61424,광주 동구 경양로  234,71202,세무사업,44682,44682,3,3,계속,계속,5935000619,59350006190,71202,세무사업
1587929,0,자크르타일,61408,광주 동구 필문대로153번길 27-1,41999,건설업본사,45293,45293,1,1,계속,계속,5937500494,59375004940,41999,건설업본사
1587930,0,자크르타일/건설일괄,61408,광주 동구 필문대로153번길  27-1,42491,"미장, 타일 및 방수 공사업",45274,45293,1,1,일괄유기,일괄유기,5937500494,59375004946,42491,"미장, 타일 및 방수 공사업"
1588383,0,주식회사디알케미스트,61409,광주 동구 갈마로 46,47813,"화장품, 비누 및 방향제 소매업",42826,42826,7,7,계속,계속,5938700615,59387006150,47813,"화장품, 비누 및 방향제 소매업"
1589261,0,백탄집,61435,광주광역시 동구 동계천로 178-1,56111,한식 일반 음식점업,45708,45708,5,5,계속,계속,5942601673,59426016730,56111,한식 일반 음식점업
1589502,0,화산고,61462,광주 동구 증심천로 53,56111,한식 일반 음식점업,42186,42186,1,1,계속,계속,5945100021,59451000210,56111,한식 일반 음식점업
1590358,0,주식회사 디디파트너스,61473,광주광역시 동구 구성로204번길 11,14192,"근무복, 작업복 및 유사의복 제조업",45748,45748,1,1,계속,계속,5948802781,59488027810,14192,"근무복, 작업복 및 유사의복 제조업"
1590895,0,카페도심,61448,광주 동구 필문대로273번길 29,56221,커피 전문점,44317,45825,2,1,계속,계속,5952101327,59521013270,56221,커피 전문점
1592094,0,우리아이소아청소년과의원,61464,광주 동구 남문로 663,86201,일반 의원,42491,42491,31,31,계속,계속,5959300155,59593001550,86201,일반 의원
1592444,0,아빠김밥,61499,광주광역시 동구 남문로 589,56111,한식 일반 음식점업,45170,45170,1,1,계속,계속,5961402054,59614020540,56111,한식 일반 음식점업
1592485,0,긴자료코 광주충장로점,61483,광주 동구 충장로 104-1,56122,일식 음식점업,45658,45658,5,5,계속,계속,5961602418,59616024180,56122,일식 음식점업
1593350,0,주식회사엔티개발,61478,광주 동구 천변우로 339,41999,건설업본사,43945,43945,2,2,계속,계속,5968601576,59686015760,41999,건설업본사
1593793,0,역전굴비,61490,광주 동구 양림로 108,47214,"신선, 냉동 및 기타 수산물 소매업",44747,44747,1,1,계속,계속,5969401493,59694014930,47214,"신선, 냉동 및 기타 수산물 소매업"
1593862,0,교촌치킨 계림점,61426,광주 동구 동계천로 12-1,56162,치킨 전문점,45988,45988,1,1,계속,계속,5970103833,59701038330,56162,치킨 전문점
1593896,0,스튜디오 sisisi,61432,광주광역시 동구 동명로 51,41999,건설업본사,45931,45931,4,4,계속,계속,5970203524,59702035240,41999,건설업본사
1594089,0,호텔야자광주충장로점,61484,광주 동구 중앙로160번길 16-21,55101,호텔업,44562,44562,1,2,계속,계속,5971201898,59712018980,55101,호텔업
1595081,0,주식회사디자인그룹마중물건축사사무소,61478,광주 동구 천변우로 339,72111,건축설계 및 관련 서비스업,45139,45139,2,2,계속,계속,5978602772,59786027720,72111,건축설계 및 관련 서비스업
1595086,0,주식회사 선아리,61440,광주 동구 필문대로 209,47190,그 외 기타 종합 소매업,45293,45293,1,1,계속,계속,5978602919,59786029190,47190,그 외 기타 종합 소매업
1595335,0,주식회사희망에이치엠,61471,광주광역시 동구  독립로264번길 16,1299,그 외 기타 축산업,43784,43784,1,1,계속,계속,5978801457,59788014570,1299,그 외 기타 축산업
1595566,0,계절따라,61467,광주 동구 서남로33번길 6-1,56111,한식 일반 음식점업,43952,43952,2,2,계속,계속,5980201757,59802017570,56111,한식 일반 음식점업
1595746,0,역전할머니맥주조선대점,61449,광주 동구 필문대로287번길 15-3,56213,생맥주 전문점,45200,45200,2,2,계속,계속,5981001126,59810011260,56213,생맥주 전문점
1595908,0,울엄니축산,61418,광주 동구 경양로 389,46313,육류 도매업,45299,45299,1,1,계속,계속,5981702269,59817022690,46313,육류 도매업
1596804,0,(주)포인트비즈랩,61451,광주광역시 동구  지호로70번길 29,71531,경영 컨설팅업,42186,42186,1,1,계속,계속,5988700060,59887000600,71531,경영 컨설팅업
1597103,0,스마트내과의원,61413,광주광역시 동구 동계로 71,86201,일반 의원,45659,45659,3,3,계속,계속,5989002302,59890023020,86201,일반 의원
1597275,0,싱푸미엔관,61432,광주광역시 동구 동명로 49,56121,중식 음식점업,45397,45397,4,4,계속,계속,5990402656,59904026560,56121,중식 음식점업
1597371,0,햅삐로니,61509,광주광역시 동구 화산로 328-6,47912,전자상거래 소매업,45839,45839,1,1,계속,계속,5990802858,59908028580,47912,전자상거래 소매업
1597393,0,우리출력,61487,광주 동구 백서로125번길 20,18119,기타 인쇄업,42278,42278,2,2,계속,계속,5991000149,59910001490,18119,기타 인쇄업
1597837,0,광진원고시원,61448,광주 동구 필문대로253번길 6-3,55901,기숙사 및 고시원 운영업,43845,43845,1,1,계속,계속,5994000618,59940006180,55901,기숙사 및 고시원 운영업
1597977,0,라스트청킹,61483,광주광역시 동구 충장로안길 5-4,56219,기타 주점업,45931,45931,4,4,계속,계속,5995500908,59955009080,56219,기타 주점업
1599402,0,나눔요양보호사교육원,61473,광주광역시 동구 구성로204번길 1-1,85669,기타 기술 및 직업훈련학원,45859,45859,2,2,계속,계속,6010611812,60106118120,85669,기타 기술 및 직업훈련학원
1599900,0,지에스(GS)25광주장동점,61436,광주 동구 장동로 23-3,47122,체인화 편의점,44240,44621,4,3,계속,계속,6011262520,60112625200,47122,체인화 편의점
1600169,0,수아비스헤어,61483,광주 동구 중앙로160번길 31-11,96112,두발 미용업,42705,42705,0,0,계속,계속,6011697124,60116971240,96112,두발 미용업
1600537,0,남양통신,61409,광주 동구 밤실로 154,47312,통신기기 소매업,44459,44459,1,1,계속,계속,6012362303,60123623030,47312,통신기기 소매업
1600981,0,김승선법률사무소,61440,광주광역시 동구 동명로 109,71101,변호사업,44215,44215,2,2,계속,계속,6013330979,60133309790,71101,변호사업
1601692,0,용산구립어린이집,61508,광주광역시 동구 용산2로 20,87210,보육시설 운영업,43699,43699,9,9,계속,계속,6018002900,60180029000,87210,보육시설 운영업
1602442,0,그린파크뷰 지역주택조합 추진위원회,61514,광주 동구 남문로 343-1,68121,주거용 건물 개발 및 공급업,45048,45048,1,1,계속,계속,6018275955,60182759550,68121,주거용 건물 개발 및 공급업
1602570,0,이마트24 조선대체대점,61452,광주광역시 동구 조선대2길 11,47122,체인화 편의점,45530,45530,1,1,계속,계속,6018517048,60185170480,47122,체인화 편의점
1602592,0,히말라야마운틴주식회사,61493,광주 동구 의재로 221,47419,기타 의복 소매업,42375,42375,2,1,계속,계속,6018600277,60186002770,47419,기타 의복 소매업
1602682,0,주식회사차고래,61472,광주 동구 금남로 193-22,63991,데이터베이스 및 온라인정보 제공업,44809,44809,1,1,계속,계속,6018602407,60186024070,63991,데이터베이스 및 온라인정보 제공업
1605364,0,세미디자인,61506,광주 동구 천변좌로640번길 8,72111,건축설계 및 관련 서비스업,44652,44652,3,3,계속,계속,6021666570,60216665700,72111,건축설계 및 관련 서비스업
1605365,0,세미디자인,61506,광주광역시 동구 천변좌로640번길 8,42499,그 외 기타 건축 마무리 공사업,43906,44530,2,1,일괄유기,일괄유기,6021666570,60216665706,42499,그 외 기타 건축 마무리 공사업
1605831,0,수유리우동집 계림점,61414,광주 동구 계림로30번길 15,56191,김밥 및 기타 간이 음식점업,43709,43709,1,1,계속,계속,6022262269,60222622690,56191,김밥 및 기타 간이 음식점업
1605903,0,방탈출카페 숨바꼭질,61484,광주 동구 중앙로160번길 16-4,91229,기타 오락장 운영업,43678,43678,1,1,계속,계속,6022361253,60223612530,91229,기타 오락장 운영업
1606591,0,식스팩토리,61418,광주광역시 동구 무등로 456,41999,건설업본사,45611,45611,4,4,계속,계속,6024265264,60242652640,41999,건설업본사
1606592,0,식스팩토리,61418,광주 동구 무등로  456,42110,건물 및 구축물 해체 공사업,45444,45444,1,0,일괄유기,일괄유기,6024265264,60242652646,42110,건물 및 구축물 해체 공사업
1606830,0,제이에이치엠디(JHMD),61508,광주광역시 동구 용산4길 22,46592,의료기기 도매업,44333,44333,1,1,계속,계속,6026500289,60265002890,46592,의료기기 도매업
1606831,0,씨유광주황금점,61483,광주 동구 중앙로160번길 15-8,47122,체인화 편의점,44652,44652,6,6,계속,계속,6026500431,60265004310,47122,체인화 편의점
1606898,0,건축학개론,61504,광주광역시 동구 화산로 354,41999,건설업본사,45962,45962,4,4,계속,계속,6027900573,60279005730,41999,건설업본사
1608916,0,가도스타디움,61496,광주 동구 의재로96번길 24,68122,비주거용 건물 개발 및 공급업,43892,43892,1,1,계속,계속,6028267365,60282673650,68122,비주거용 건물 개발 및 공급업
1609349,0,주식회사큐얼스,61452,광주 동구 조선대길 184,20499,그 외 기타 분류 안된 화학제품 제조업,42795,42795,4,4,계속,계속,6028700675,60287006750,20499,그 외 기타 분류 안된 화학제품 제조업
1612924,0,라우헤어 동명,61436,광주광역시 동구 동계천로 124,96112,두발 미용업,45831,45831,1,1,계속,계속,6031738109,60317381090,96112,두발 미용업
1612943,0,7번가피자학동점,61455,광주광역시 동구 남문로753번길 20,56161,"피자, 햄버거, 샌드위치 및 유사 음식점업",45855,45855,2,2,계속,계속,6031752945,60317529450,56161,"피자, 햄버거, 샌드위치 및 유사 음식점업"
1613403,0,한우방,61463,광주 동구 의재로26번길 6,56111,한식 일반 음식점업,44166,44166,1,1,계속,계속,6032572081,60325720810,56111,한식 일반 음식점업
1614498,0,아노프스튜디오 충장점,61487,광주 동구 문화전당로 43,73301,인물사진 및 행사용 영상 촬영업,45064,45064,1,1,계속,계속,6034161191,60341611910,73301,인물사진 및 행사용 영상 촬영업
1614653,0,조은약국,61508,광주 동구 용산3길 4,47811,의약품 및 의료용품 소매업,44287,44287,3,3,계속,계속,6034806431,60348064310,47811,의약품 및 의료용품 소매업
1614771,0,지앤씨(GNC)롯데광주점,61470,광주광역시 동구 독립로 268,47222,건강보조식품 소매업,45870,45870,4,4,계속,계속,6036100722,60361007220,47222,건강보조식품 소매업
1614993,0,두암타운유치원(직장),61408,광주 동구 밤실로 147,85110,유아 교육기관,42339,42339,3,3,계속,계속,6038012011,60380120110,85110,유아 교육기관
1617978,0,썬개발주식회사,61431,광주 동구 제봉로 166,18111,경 인쇄업,42706,42706,1,1,계속,계속,6038600647,60386006470,18111,경 인쇄업
1617979,0,주식회사오피셀,61476,광주광역시 동구  충장로 3,46499,그 외 기타 생활용품 도매업,42736,42736,4,3,계속,계속,6038600671,60386006710,46499,그 외 기타 생활용품 도매업
1619039,0,백경조경꽃농원,61512,광주 동구 남문로 486,47851,화초 및 식물 소매업,45778,45778,1,1,계속,계속,6039658468,60396584680,47851,화초 및 식물 소매업
1619410,0,아필코,61423,광주 동구 경양로 261,47912,전자상거래 소매업,45076,45076,1,1,계속,계속,6040401788,60404017880,47912,전자상거래 소매업
1619613,0,더 이롭개,61436,광주 동구 동계천로 150,47912,전자상거래 소매업,45261,45261,2,2,계속,계속,6040620737,60406207370,47912,전자상거래 소매업
1620081,0,김삿갓통닭산수점,61416,광주광역시 동구 동계로 38,56162,치킨 전문점,44597,44597,1,1,계속,계속,6041210055,60412100550,56162,치킨 전문점
1620111,0,노랑통닭동명점,61436,광주 동구 장동로 45,56162,치킨 전문점,45047,45047,1,1,계속,계속,6041254562,60412545620,56162,치킨 전문점
1620196,0,이자카야시선광주구시청점,61487,광주 동구 문화전당로35번길 16-4,56111,한식 일반 음식점업,45279,45279,1,1,계속,계속,6041352784,60413527840,56111,한식 일반 음식점업
1620775,0,시즌,61430,광주 동구 동명로 19-10,56122,일식 음식점업,45034,45034,3,3,계속,계속,6042209367,60422093670,56122,일식 음식점업
1620886,0,광주롯데 디루치아노,61470,광주 동구 독립로 268,47412,여자용 겉옷 소매업,44986,44986,1,1,계속,계속,6042393144,60423931440,47412,여자용 겉옷 소매업
1620967,0,담다,61453,광주광역시 동구 필문대로 365,56229,기타 비알코올 음료점업,43856,43856,2,2,계속,계속,6042526799,60425267990,56229,기타 비알코올 음료점업
1621125,0,비앤비,61484,광주 동구 천변우로  383,46323,"빵류, 과자류, 당류, 초콜릿 도매업",43831,43831,7,7,계속,계속,6042750798,60427507980,46323,"빵류, 과자류, 당류, 초콜릿 도매업"
1622564,0,킴앤킹스주식회사(KimNkingsInc.),61487,광주광역시 동구 백서로125번길 34-2,68121,주거용 건물 개발 및 공급업,45352,45352,1,1,계속,계속,6048144551,60481445510,68121,주거용 건물 개발 및 공급업
1622704,0,(사)한국장애인부모회광주예상지판매,61422,광주 동구 구성로 257,47611,"서적, 신문 및 잡지류 소매업",43586,43586,1,1,계속,계속,6048205502,60482055020,47611,"서적, 신문 및 잡지류 소매업"
1623164,0,(주)태성디엘티,61487,광주광역시 동구  백서로125번길 34-2,68129,기타 부동산 개발 및 공급업,43598,43598,4,4,계속,계속,6048701215,60487012150,68129,기타 부동산 개발 및 공급업
1627364,0,독특스터디카페 학동점,61499,광주광역시 동구 남문로 589,90212,독서실 운영업,45598,45598,2,2,계속,계속,6053052940,60530529400,90212,독서실 운영업
1627505,0,디자인 글로우,61481,광주광역시 동구 금남로 202,47513,"벽지, 마루덮개 및 장판류 소매업",45444,45444,1,1,계속,계속,6053313986,60533139860,47513,"벽지, 마루덮개 및 장판류 소매업"
1628302,0,지산슈퍼,61451,광주 동구 지호로86번길 7,47121,슈퍼마켓,43636,43636,1,1,계속,계속,6054886616,60548866160,47121,슈퍼마켓
1630913,0,공익변호사와함께하는동행,61478,광주광역시 동구  천변우로 339,71101,변호사업,42767,42767,3,3,계속,계속,6058280498,60582804980,71101,변호사업
1630967,0,참사랑지역아동센터,61411,광주 동구 무등로 499-1,87131,아동 및 부녀자 거주 복지시설 운영업,44378,44378,2,3,계속,계속,6058286740,60582867400,87131,아동 및 부녀자 거주 복지시설 운영업
1632537,0,"주식회사케이브랜드(K-BRANDCo.,Ltd.)",61481,광주 동구 금남로 202,85503,온라인 교육 학원,44743,44743,5,5,계속,계속,6058702293,60587022930,85503,온라인 교육 학원
1632671,0,주식회사제이에이치컴퍼레이션,61487,광주광역시 동구 서석로 34,47414,셔츠 및 블라우스 소매업,44606,44606,2,2,계속,계속,6058802096,60588020960,47414,셔츠 및 블라우스 소매업
1641391,0,해솔재가노인복지센터,61428,광주광역시 동구 동계천로43번길 19,87293,방문 복지서비스 제공업,44986,44986,41,28,계속,계속,6068020219,60680202190,87293,방문 복지서비스 제공업
1643786,0,조대장미의거리상인회,61449,광주광역시 동구  필문대로287번길 3,94990,그 외 기타 협회 및 단체,43252,43252,1,0,계속,계속,6068276721,60682767210,94990,그 외 기타 협회 및 단체
1644244,0,(주)유클리드소프트,61472,광주 동구 금남로 193-22,58221,시스템 소프트웨어 개발 및 공급업,44287,44287,1,1,계속,계속,6068550440,60685504400,58221,시스템 소프트웨어 개발 및 공급업
1646418,0,상상토건 주식회사,61484,광주광역시 동구  천변우로 381,41999,건설업본사,41629,41629,6,22,계속,계속,6068651112,60686511120,41999,건설업본사
1646419,0,상상토건(주),61484,광주 동구 천변우로 381,41121,사무상업용 및 공공기관용 건물 건설업,41810,41810,276,257,일괄유기,일괄유기,6068651112,60686511126,41121,사무상업용 및 공공기관용 건물 건설업
1647179,0,주식회사문화토리,61432,광주광역시 동구 동명로 39,58221,시스템 소프트웨어 개발 및 공급업,44402,44402,4,4,계속,계속,6068701225,60687012250,58221,시스템 소프트웨어 개발 및 공급업
1647204,0,(주)농업회사법인햇볕,61501,광주 동구 지원로 31,46319,기타 신선식품 및 단순 가공식품 도매업,45047,45047,1,1,계속,계속,6068701851,60687018510,46319,기타 신선식품 및 단순 가공식품 도매업
1647328,0,주식회사 엠에스약품,61421,광주 동구 독립로 338,46441,의약품 도매업,43580,43580,2,2,계속,계속,6068801203,60688012030,46441,의약품 도매업
1649072,0,진리서치,61492,광주 동구 운림길  68,71400,시장조사 및 여론조사업,42186,42186,1,1,계속,계속,6071034974,60710349740,71400,시장조사 및 여론조사업
1651109,0,디자인씨,61405,광주 동구 참판로20번길 14,73203,시각 디자인업,43462,43462,1,1,계속,계속,6072369075,60723690750,73203,시각 디자인업
1651140,0,하루키수필집,61475,광주 동구 예술길 10,56111,한식 일반 음식점업,43709,43709,0,0,계속,계속,6072402988,60724029880,56111,한식 일반 음식점업
1651197,0,르자민(Lejamin),61436,광주 동구 장동로 13,56123,서양식 음식점업,44473,44473,4,4,계속,계속,6072498368,60724983680,56123,서양식 음식점업
1651423,0,에이비씨광고물제작소,61417,광주 동구 무등로 408-1,33910,간판 및 광고물 제조업,43563,43563,1,1,계속,계속,6073152211,60731522110,33910,간판 및 광고물 제조업
1652714,0,앞다방,61465,광주 동구 제봉로82번길 13-2,56221,커피 전문점,43287,43287,1,1,계속,계속,6077600145,60776001450,56221,커피 전문점
1656067,0,흥원개발주식회사,61434,광주 동구 동명로20번길 17,41999,건설업본사,42552,42552,5,5,계속,계속,6078619435,60786194350,41999,건설업본사
1656194,0,유한회사 에스제이테크,61488,광주광역시 동구 서석로 12,75122,상용 인력 공급 및 인사관리 서비스업,45962,45962,4,4,계속,계속,6078622380,60786223800,75122,상용 인력 공급 및 인사관리 서비스업
1657029,0,온한의원,61413,광주 동구 중앙로290번길 2,86203,한의원,44692,44692,1,1,계속,계속,6079217762,60792177620,86203,한의원
1660883,0,시루,61477,광주 동구 충장로 10-1,85629,기타 예술학원,44987,44987,1,1,계속,계속,6083116601,60831166010,85629,기타 예술학원
1660952,0,수,61487,광주 동구 문화전당로 17-1,73203,시각 디자인업,43985,43985,0,0,계속,계속,6083254446,60832544460,73203,시각 디자인업
1672100,0,넵머이,61459,광주 동구 의재로 25-1,56129,기타 외국식 음식점업,45047,45047,1,1,계속,계속,6092553229,60925532290,56129,기타 외국식 음식점업
1672272,0,피자파는집(조선대점),61411,광주 동구 무등로 505,56161,"피자, 햄버거, 샌드위치 및 유사 음식점업",44378,44378,1,1,계속,계속,6092793002,60927930020,56161,"피자, 햄버거, 샌드위치 및 유사 음식점업"
1672575,0,이원,61452,광주광역시 동구  필문대로 309,28119,기타 전기 변환장치 제조업,42948,42948,1,1,계속,계속,6093264781,60932647810,28119,기타 전기 변환장치 제조업
1673575,0,이디야광주그랜드센트럴점,61424,광주광역시 동구  경양로 234,56221,커피 전문점,44166,44166,1,1,계속,계속,6095600575,60956005750,56221,커피 전문점
1675050,0,(주)한가람건설,61478,광주광역시 동구 천변우로 339,41999,건설업본사,37104,36951,4,7,계속,계속,6098146078,60981460780,41999,건설업본사
1675051,0,(주)한가람건설,61478,광주 동구 천변우로 339,42129,기타 기반조성 관련 전문공사업,38353,38353,50,44,일괄유기,일괄유기,6098146078,60981460786,42129,기타 기반조성 관련 전문공사업
1679101,0,주식회사와이케이코퍼레이션,61472,광주 동구 금남로 183,85669,기타 기술 및 직업훈련학원,45050,45050,1,1,계속,계속,6098627590,60986275900,85669,기타 기술 및 직업훈련학원
1679246,0,주식회사 세우,61490,광주 동구 제봉로17번길 13-6,47222,건강보조식품 소매업,44718,44718,1,1,계속,계속,6098702354,60987023540,47222,건강보조식품 소매업
1679250,0,에스지메딕주식회사,61452,광주광역시 동구 조선대1길 17,21230,동물용 의약품 제조업,45078,45078,1,1,계속,계속,6098702427,60987024270,21230,동물용 의약품 제조업
1679258,0,주식회사 산수쌈밥,61430,광주 동구 동계로 11,56111,한식 일반 음식점업,44743,44743,11,10,계속,계속,6098702669,60987026690,56111,한식 일반 음식점업
1684574,0,준초이짐,61489,광주 동구 백서로 116,91132,체력단련시설 운영업,44348,44348,1,1,계속,계속,6103885681,61038856810,91132,체력단련시설 운영업
1684703,0,안아픈세상비알엠연구소,61446,광주 동구 무등로557번길 9,47222,건강보조식품 소매업,43282,43282,1,1,계속,계속,6104086311,61040863110,47222,건강보조식품 소매업
1685059,0,비바프레소 광주금남로본점,61475,광주광역시 동구 중앙로196번길 31-13,56221,커피 전문점,45748,45748,2,2,계속,계속,6107800558,61078005580,56221,커피 전문점
1685060,0,롯데광주점로가디스,61470,광주 동구 독립로 268,47411,남자용 겉옷 소매업,44494,44494,1,1,계속,계속,6107900064,61079000640,47411,남자용 겉옷 소매업
1692236,0,타임,61483,광주광역시 동구 중앙로160번길 31-7,47419,기타 의복 소매업,45901,45901,2,2,계속,계속,6111031622,61110316220,47419,기타 의복 소매업
1692276,1,영진산업,61500,광주 동구 학소로 77-1,,,43401,,7,0,일괄유기,,6111092707,61110927076,,
1692457,0,와이(Y)모바일,61433,광주 동구 경양로 350-1,47312,통신기기 소매업,44137,44137,1,1,계속,계속,6111361433,61113614330,47312,통신기기 소매업
1693006,0,지산골온천보리밥,61447,광주 동구 지호로127번길 29,56111,한식 일반 음식점업,45152,45152,1,1,계속,계속,6116300090,61163000900,56111,한식 일반 음식점업
1695304,0,주식회사 목화베리,61492,광주 동구 의재로 149-1,13403,날염 가공업,44986,44986,1,1,계속,계속,6118702279,61187022790,13403,날염 가공업
1695713,0,블랙스완x난공불락관리형독서실,61475,광주 동구 중앙로196번길 31-10,90212,독서실 운영업,45950,45950,5,5,계속,계속,6119702093,61197020930,90212,독서실 운영업
1698355,0,신성산업개발,61410,광주 동구 밤실로 100,41999,건설업본사,43831,43831,3,3,계속,계속,6122962004,61229620040,41999,건설업본사
1698431,0,컴포즈남광주시장점,61490,광주 동구 양림로 120,56221,커피 전문점,44790,44790,7,6,계속,계속,6123207544,61232075440,56221,커피 전문점
1698595,0,황금코다리무등산점,61493,광주 동구 증심사길30번길 33-1,56111,한식 일반 음식점업,44203,44203,1,1,계속,계속,6124400563,61244005630,56111,한식 일반 음식점업
1698598,0,에스브이사운드,61487,광주 동구 문화전당로35번길 16-6,59202,녹음시설 운영업,44845,44845,1,1,계속,계속,6124400807,61244008070,59202,녹음시설 운영업
1698676,0,남양공예,61480,광주광역시 동구 구성로 162-1,47422,의복 액세서리 및 모조 장신구 소매업,45628,45628,1,1,계속,계속,6125400811,61254008110,47422,의복 액세서리 및 모조 장신구 소매업
1698690,0,남광주골프존,61490,광주 동구 양림로 120,91136,골프연습장 운영업,44256,44256,1,1,계속,계속,6125600488,61256004880,91136,골프연습장 운영업
1701092,0,광주동구시니어클럽 여로(한옥체험시설),61432,광주 동구 동계로 16-17,91299,그 외 기타 분류 안된 오락관련 서비스업,43213,43284,5,4,계속,계속,6128284416,61282844160,91299,그 외 기타 분류 안된 오락관련 서비스업
1701399,0,주식회사아찌,61470,광주 동구 독립로 268,56111,한식 일반 음식점업,44471,44471,2,2,계속,계속,6128518391,61285183910,56111,한식 일반 음식점업
1706130,1,유진건축,61433,광주광역시 동구 경양로 386,,,45726,,1,0,일괄유기,,6132721604,61327216046,,
1706259,0,SartoriaMastio(사르토리아마스티오),61484,광주 동구 서석로 17,14111,남자용 겉옷 제조업,44500,44500,2,2,계속,계속,6132950632,61329506320,14111,남자용 겉옷 제조업
1706393,0,동명샌드위치,61465,광주광역시 동구 제봉로82번길 13-14,56161,"피자, 햄버거, 샌드위치 및 유사 음식점업",45636,45636,3,3,계속,계속,6133092657,61330926570,56161,"피자, 햄버거, 샌드위치 및 유사 음식점업"
1706767,0,비즈니스호텔듀,61479,광주 동구 구성로144번길 9,55101,호텔업,44652,44652,2,2,계속,계속,6135200746,61352007460,55101,호텔업
1710779,0,한국기술능력개발원,61401,광주광역시 동구 무등로 339,85669,기타 기술 및 직업훈련학원,44531,44531,2,2,계속,계속,6138217394,61382173940,85669,기타 기술 및 직업훈련학원
1710780,0,충장45마을협동조합,61477,광주 동구 충장로22번길 2,94990,그 외 기타 협회 및 단체,45078,45078,1,1,계속,계속,6138217434,61382174340,94990,그 외 기타 협회 및 단체
1710927,0,계림동금호타운입주자대표회의,61402,광주 동구 필문대로 12-7,68211,주거용 부동산 관리업,42614,42614,3,3,계속,계속,6138277131,61382771310,68211,주거용 부동산 관리업
1712678,0,풍호양꼬치 광주홍콩점,61483,광주광역시 동구 충장로안길 5-4,56121,중식 음식점업,45932,45932,4,4,계속,계속,6140197446,61401974460,56121,중식 음식점업
1712951,0,플랫핏,61484,광주 동구 중앙로160번길 12-1,47912,전자상거래 소매업,43831,43831,1,1,계속,계속,6140466963,61404669630,47912,전자상거래 소매업
1713068,0,노랑통닭 동명점,61436,광주광역시 동구 장동로 45,56162,치킨 전문점,45658,45658,1,1,계속,계속,6140549694,61405496940,56162,치킨 전문점
1713184,0,로컬플러스피플,61417,광주 동구 산수길35번길 19-1,59113,광고 영화 및 비디오물 제작업,45474,45474,1,1,계속,계속,6140596009,61405960090,59113,광고 영화 및 비디오물 제작업
1714215,0,래빗슬라임 본점,61424,광주광역시 동구 경양로 234,85613,레크리에이션 교육기관,45374,45374,1,1,계속,계속,6147800400,61478004000,85613,레크리에이션 교육기관
1715066,0,에너비주식회사,61426,광주 동구 구성로 215,47912,전자상거래 소매업,45148,45148,1,1,계속,계속,6148702429,61487024290,47912,전자상거래 소매업
1715130,0,(유)드림메디칼,61421,광주광역시 동구  경양로223번길 16-1,46441,의약품 도매업,42856,42856,3,3,계속,계속,6148800660,61488006600,46441,의약품 도매업
1715142,0,유한회사정도에너지,61498,광주광역시 동구 남문로622번길 13,74212,"산업설비, 운송장비 및 공공장소 청소업",45031,45031,1,1,계속,계속,6148800961,61488009610,74212,"산업설비, 운송장비 및 공공장소 청소업"
1720150,0,배스킨라빈스광주황금,61484,광주 동구 중앙로160번길 18,56199,간이음식 포장 판매 전문점,44267,44267,1,1,계속,계속,6152201365,61522013650,56199,간이음식 포장 판매 전문점
1720221,0,일품자금성,61449,광주 동구 필문대로287번길 19-12,56121,중식 음식점업,42432,42432,4,4,계속,계속,6152790937,61527909370,56121,중식 음식점업
1720372,0,법률사무소 영란,61445,광주광역시 동구 지산로 73,71101,변호사업,45658,45658,1,1,계속,계속,6153801537,61538015370,71101,변호사업
1726094,0,주식회사 프레쉬,61411,광주 동구 무등로 489,73202,제품 디자인업,43586,43586,1,1,계속,계속,6158701215,61587012150,73202,제품 디자인업
1726292,0,더일러스트앤아트주식회사,61475,광주 동구 금남로 245,47841,예술품 및 골동품 소매업,44986,44986,1,1,계속,계속,6158802453,61588024530,47841,예술품 및 골동품 소매업
1732255,0,꽃분이,61431,광주 동구 제봉로140번길 4,47851,화초 및 식물 소매업,43525,43525,3,3,계속,계속,6167700210,61677002100,47851,화초 및 식물 소매업
1736768,0,벧엘공동생활가정,61409,광주광역시 동구 밤실로 150,87131,아동 및 부녀자 거주 복지시설 운영업,45748,45748,4,4,계속,계속,6168229394,61682293940,87131,아동 및 부녀자 거주 복지시설 운영업
1738711,0,주식회사플라스틱프로덕트,61484,광주 동구 서석로7번길 6-32,47912,전자상거래 소매업,44263,44263,10,10,계속,계속,6168629465,61686294650,47912,전자상거래 소매업
1744520,0,변호사 노로 법률사무소,61445,광주광역시 동구 필문대로 227,71101,변호사업,45425,45425,2,2,계속,계속,6176600629,61766006290,71101,변호사업
1748158,0,주식회사 클라우드세븐,61472,광주 동구 금남로 193-22,58211,유선 온라인 게임 소프트웨어 개발 및 공급업,41579,41579,0,0,계속,계속,6178612496,61786124960,58211,유선 온라인 게임 소프트웨어 개발 및 공급업
1748814,0,주식회사피쉬데이,61514,광주광역시 동구  남문로 349-1,46315,"신선, 냉동 및 기타 수산물 도매업",42186,42186,39,39,계속,계속,6178700094,61787000940,46315,"신선, 냉동 및 기타 수산물 도매업"
1748866,0,주식회사 탄탄정토회포교수행공동체,61489,광주 동구 양림로119번길  7,47859,그 외 기타 분류 안된 상품 전문 소매업,44927,44927,1,1,계속,계속,6178701526,61787015260,47859,그 외 기타 분류 안된 상품 전문 소매업
1750129,0,광주대항외과,61486,광주 동구 문화전당로26번길 18,86201,일반 의원,43742,43742,3,3,계속,계속,6179760859,61797608590,86201,일반 의원
1750654,0,학동우리들약국,61464,광주 동구 남문로 663,47811,의약품 및 의료용품 소매업,42492,42492,5,5,계속,계속,6180681903,61806819030,47811,의약품 및 의료용품 소매업
1752827,0,포럼 디세뇨,61434,광주 동구 동계천로 163-3,73301,인물사진 및 행사용 영상 촬영업,45426,45426,1,1,계속,계속,6188268092,61882680920,73301,인물사진 및 행사용 영상 촬영업
1753009,0,법무법인 에이프로,61441,광주 동구 지산로 74-8,71101,변호사업,42461,42461,1,1,계속,계속,6188517518,61885175180,71101,변호사업
1753875,0,하우젠,61488,광주 동구 문화전당로23번길 19-1,55102,여관업,42485,42485,2,2,계속,계속,6190176465,61901764650,55102,여관업
1753962,0,도요,61434,광주광역시 동구 동계천로 143-5,56123,서양식 음식점업,45475,45475,1,1,계속,계속,6190270717,61902707170,56123,서양식 음식점업
1754239,0,테뉴토,61479,광주 동구 구성로 144,42412,"도배, 실내장식 및 내장 목공사업",44081,44081,1,1,일괄유기,일괄유기,6190761703,61907617036,42412,"도배, 실내장식 및 내장 목공사업"
1754348,0,나이테(Naitte),61468,광주광역시 동구 백서로175번길 7,56221,커피 전문점,45659,45659,1,5,계속,계속,6190927918,61909279180,56221,커피 전문점
1754699,0,숯불돼지왕갈비,61479,광주광역시 동구 구성로152번길 26,56111,한식 일반 음식점업,44986,44986,1,1,계속,계속,6191776807,61917768070,56111,한식 일반 음식점업
1754788,0,구수향,61474,광주광역시 동구 예술길 23-6,56111,한식 일반 음식점업,45597,45597,2,2,계속,계속,6191912715,61919127150,56111,한식 일반 음식점업
1754915,0,황제플랜하우스,61445,광주 동구 지산로63번길 17,42500,시설물 유지관리 공사업,44011,44847,1,1,일괄유기,일괄유기,6192300652,61923006526,42500,시설물 유지관리 공사업
1755033,0,메이저병원,61401,광주 동구 중앙로 339,86102,일반 병원,42443,42443,4,4,계속,계속,6193200197,61932001970,86102,일반 병원
1755255,0,변호사김정현법률사무소,61441,광주광역시 동구  밤실로 19,71101,변호사업,42440,42440,2,2,계속,계속,6195700114,61957001140,71101,변호사업
1755884,0,남광주시장 문화관광형시장 육성사업단,61490,광주 동구 제봉로17번길 18-6,94990,그 외 기타 협회 및 단체,45756,45756,1,1,계속,계속,6198273619,61982736190,94990,그 외 기타 협회 및 단체
1756045,0,주식회사화월,61483,광주 동구 충장로 80-8,47312,통신기기 소매업,43984,43984,1,1,계속,계속,6198601559,61986015590,47312,통신기기 소매업
1759041,0,웍앤그릴,61470,광주 동구 독립로 268,56121,중식 음식점업,44531,44531,2,2,계속,계속,6201567508,62015675080,56121,중식 음식점업
1759321,0,"헤어작품실,여유",61417,광주 동구 무등로384번길 41-3,96112,두발 미용업,44454,44454,1,1,계속,계속,6202116602,62021166020,96112,두발 미용업
1763139,0,주식회사자람,61473,광주 동구 제봉로 187,52915,주차장 운영업,43525,43525,3,3,계속,계속,6208700765,62087007650,52915,주차장 운영업
1763289,0,주식회사 유캔자산관리운용,61426,광주 동구 제봉로 226-1,75993,신용 조사 및 추심 대행업,44166,44166,1,1,계속,계속,6208801290,62088012900,75993,신용 조사 및 추심 대행업
1768880,0,비비드,61436,광주광역시 동구 동계천로 124,56219,기타 주점업,45689,45689,2,2,계속,계속,6212401928,62124019280,56219,기타 주점업
1768906,0,백탄돈구이,61426,광주 동구 동계천로 10,56111,한식 일반 음식점업,44866,44866,1,1,계속,계속,6212601413,62126014130,56111,한식 일반 음식점업
1769011,0,카페에쏠로지,61470,광주 동구 제봉로 221,56229,기타 비알코올 음료점업,42462,42856,1,1,계속,계속,6213470254,62134702540,56229,기타 비알코올 음료점업
1769016,0,알찬김밥,61474,광주광역시 동구 예술길 31-11,56191,김밥 및 기타 간이 음식점업,45536,45536,3,3,계속,계속,6213471608,62134716080,56191,김밥 및 기타 간이 음식점업
1772939,0,광주광역시캣맘협의회,61474,광주 동구 예술길 31-3,94990,그 외 기타 협회 및 단체,44866,44866,1,1,계속,계속,6218281918,62182819180,94990,그 외 기타 협회 및 단체
1775240,0,오아시스요양병원,61514,광주광역시 동구 남계길 17,86105,요양 병원,44260,44260,35,35,계속,계속,6219514175,62195141750,86105,요양 병원
1776114,1,한미전자,61470,광주광역시 동구 제봉로213번길 12-1,,,45730,,1,0,일괄유기,,6220376067,62203760676,,
1776327,0,오프 화이트 롯데광주,61470,광주 동구 독립로 268,47419,기타 의복 소매업,44440,44440,1,1,계속,계속,6220620211,62206202110,47419,기타 의복 소매업
1776431,0,란도리,61432,광주 동구 동명로 45-1,56122,일식 음식점업,44167,44167,12,12,계속,계속,6220813432,62208134320,56122,일식 음식점업
1776442,0,밀탑조선대점,61448,광주 동구 필문대로 267,56221,커피 전문점,45194,45194,6,6,계속,계속,6220815070,62208150700,56221,커피 전문점
1776653,0,사이아트,61436,광주 동구 동계천로 128,73203,시각 디자인업,44774,44774,3,3,계속,계속,6221015700,62210157000,73203,시각 디자인업
1777121,0,강부원법률사무소,61445,광주 동구 지산로 63,71101,변호사업,42522,42522,5,5,계속,계속,6221900286,62219002860,71101,변호사업
1777238,0,장독대,61487,광주 동구 문화전당로 43,56111,한식 일반 음식점업,43313,43313,4,4,계속,계속,6222700447,62227004470,56111,한식 일반 음식점업
1777650,0,더조은재활주간보호센터,61503,광주 동구 소태길 7-2,87299,그 외 기타 비거주 복지 서비스업,44958,44958,24,24,계속,계속,6228003681,62280036810,87299,그 외 기타 비거주 복지 서비스업
1778530,0,동명공동체상생협의회,61434,광주 동구 동계천로 135-4,75992,"전시, 컨벤션 및 행사 대행업",45023,45023,1,1,계속,계속,6228266206,62282662060,75992,"전시, 컨벤션 및 행사 대행업"
1779566,0,더플레인(THEPLAIN),61482,광주 동구 충장로 85,47422,의복 액세서리 및 모조 장신구 소매업,43739,43739,3,3,계속,계속,6230501637,62305016370,47422,의복 액세서리 및 모조 장신구 소매업
1780055,0,텐원,61482,광주 동구 금남로 226-11,56123,서양식 음식점업,43101,43101,4,4,계속,계속,6233300437,62333004370,56123,서양식 음식점업
1781593,0,시크릿 촬영드레스 아르하광주점,61488,광주광역시 동구 서석로10번길 6,76292,의류 임대업,44788,44788,1,1,계속,계속,6241801265,62418012650,76292,의류 임대업
1781955,0,미유제면소,61431,광주광역시 동구 제봉로 140,56122,일식 음식점업,45536,45536,5,5,계속,계속,6245001095,62450010950,56122,일식 음식점업
1782163,0,주식회사가은주택,61478,광주 동구 천변우로 339,68129,기타 부동산 개발 및 공급업,44256,44256,1,1,계속,계속,6248100130,62481001300,68129,기타 부동산 개발 및 공급업
1782373,0,(주)비움,61511,광주광역시 동구 칠전길 18,10302,과실 및 그 외 채소 절임식품 제조업,42217,42217,66,64,계속,계속,6248600080,62486000800,10302,과실 및 그 외 채소 절임식품 제조업
1782869,0,마재숙하트소아청소년과의원,61464,광주 동구 남문로 673,86201,일반 의원,44914,44914,1,1,계속,계속,6249301826,62493018260,86201,일반 의원
1784754,0,포케올데이 광주금남점,61471,광주 동구 금남로 167,56161,"피자, 햄버거, 샌드위치 및 유사 음식점업",45281,45281,7,7,계속,계속,6260702755,62607027550,56161,"피자, 햄버거, 샌드위치 및 유사 음식점업"
1784775,1,하은인테리어,61487,광주 동구 백서로 133,,,44690,,1,0,일괄유기,,6260801490,62608014906,,
1785111,0,파이나 페이퍼,61488,광주광역시 동구 천변우로 439,18113,오프셋 인쇄업,45659,45659,1,1,계속,계속,6262701827,62627018270,18113,오프셋 인쇄업
1785146,0,선채,61434,광주 동구 동계천로 163-6,56111,한식 일반 음식점업,45748,45748,1,1,계속,계속,6262901874,62629018740,56111,한식 일반 음식점업
1785163,0,롯데광주폴로남성,61470,광주 동구 독립로 268,47419,기타 의복 소매업,43709,43709,1,1,계속,계속,6263100301,62631003010,47419,기타 의복 소매업
1785181,0,변호사허재영법률사무소,61444,광주 동구 준법로 4,71101,변호사업,43262,43262,1,1,계속,계속,6263200502,62632005020,71101,변호사업
1786231,0,어반플레이광주 주식회사,61485,광주광역시 동구  문화전당로 38,75992,"전시, 컨벤션 및 행사 대행업",45047,45047,2,2,계속,계속,6268802579,62688025790,75992,"전시, 컨벤션 및 행사 대행업"
1786342,0,문화전당점라온(RAON)실용음악학원,61487,광주광역시 동구 문화전당로 43,85621,음악학원,45815,45815,2,2,계속,계속,6269701382,62697013820,85621,음악학원
1786399,0,메가엠지씨커피광주대인점,61470,광주 동구 제봉로 221,56221,커피 전문점,44929,44929,6,6,계속,계속,6270202791,62702027910,56221,커피 전문점
1786436,0,광주도쿄,61488,광주광역시 동구 서석로 20,47830,시계 및 귀금속 소매업,42492,42492,1,1,계속,계속,6270400268,62704002680,47830,시계 및 귀금속 소매업
1787143,0,보향떡집,61470,광주 동구 독립로 268,47221,"빵류, 과자류 및 당류 소매업",45170,45170,1,1,계속,계속,6275300780,62753007800,47221,"빵류, 과자류 및 당류 소매업"
1787344,0,주식회사제일조경,61417,광주 동구 산수길27번길 19-2,41999,건설업본사,43528,43528,2,2,계속,계속,6278101083,62781010830,41999,건설업본사
1787345,0,(주)제일조경,61417,광주 동구 산수길27번길 19-2,41226,조경 건설업,43544,43544,4,4,일괄유기,일괄유기,6278101083,62781010836,41226,조경 건설업
1787543,0,주식회사주안통신,61473,광주 동구 제봉로 197,47312,통신기기 소매업,42779,42779,4,4,계속,계속,6278600599,62786005990,47312,통신기기 소매업
1787682,0,(주)더드림투자자문,61480,광주 동구 충장로46번길 7-1,66192,투자 자문업 및 투자 일임업,42611,42611,1,1,계속,계속,6278700349,62787003490,66192,투자 자문업 및 투자 일임업
1788008,0,휴플란트치과의원,61405,광주 동구 무등로 405,86202,치과 의원,44467,44467,2,2,계속,계속,6279201565,62792015650,86202,치과 의원
1788432,0,선양기업,61511,광주 동구 화산로350번길  88,42196,"지붕, 내외벽 축조 관련 전문 공사업 ",45106,45106,1,1,일괄유기,일괄유기,6281600323,62816003236,42196,"지붕, 내외벽 축조 관련 전문 공사업 "
1788565,0,필립커뮤니케이션,61505,광주광역시 동구 소태길 22-16,75992,"전시, 컨벤션 및 행사 대행업",44136,44136,1,1,계속,계속,6282401026,62824010260,75992,"전시, 컨벤션 및 행사 대행업"
1789339,0,주식회사해드림부동산중개법인,61402,광주 동구 무등로375번길 17,68121,주거용 건물 개발 및 공급업,44378,44378,1,1,계속,계속,6288601233,62886012330,68121,주거용 건물 개발 및 공급업
1789910,0,카테고리(catagory),61429,광주 동구 동계천로85번길 6-1,42209,기타 건물 관련설비 설치 공사업,44004,44500,1,1,일괄유기,일괄유기,6290400852,62904008526,42209,기타 건물 관련설비 설치 공사업
1790252,0,신세계안경,61428,광주 동구 경양로 256,47822,안경 및 렌즈 소매업,43647,43647,1,1,계속,계속,6292200875,62922008750,47822,안경 및 렌즈 소매업
1790254,0,카페아필코롯데백화점광주점,61470,광주 동구 독립로 268,56221,커피 전문점,44197,44197,4,4,계속,계속,6292201248,62922012480,56221,커피 전문점
1790940,0,우동이완성되다,61436,광주광역시 동구 장동로 15,56122,일식 음식점업,45819,45819,3,3,계속,계속,6298503256,62985032560,56122,일식 음식점업
1791476,0,선형유외과의원,61454,광주 동구 남문로 780,86201,일반 의원,43731,43731,5,5,계속,계속,6299800851,62998008510,86201,일반 의원
1791997,0,방탈출카페 이스케이프탑,61483,광주 동구 충장로안길 7-1,91229,기타 오락장 운영업,42461,42461,1,1,계속,계속,6302700282,63027002820,91229,기타 오락장 운영업
1792215,0,고강도,61435,광주광역시 동구 동계천로 177,56113,한식 육류요리 전문점,45931,45931,4,4,계속,계속,6304600978,63046009780,56113,한식 육류요리 전문점
1792422,0,주식회사더보이,61413,광주 동구 중앙로290번길 2,47912,전자상거래 소매업,42125,42125,0,0,계속,계속,6308100042,63081000420,47912,전자상거래 소매업
1793013,0,글로소리 주식회사,61472,광주 동구 금남로 193-22,63120,포털 및 기타 인터넷 정보매개 서비스업,45170,45170,2,2,계속,계속,6308703420,63087034200,63120,포털 및 기타 인터넷 정보매개 서비스업
1793519,0,일등건설중기,61489,광주 동구 양림로119번길 7,42600,건설장비 운영업,43525,43525,2,2,계속,계속,6311301026,63113010260,42600,건설장비 운영업
1793878,0,제이와이푸드,61447,광주 동구 지호로 161-7,47129,기타 음ㆍ식료품 위주 종합 소매업,44743,44743,1,1,계속,계속,6313800715,63138007150,47129,기타 음ㆍ식료품 위주 종합 소매업
1793887,0,메종조이초이,61473,광주 동구 구성로194번길 15-4,56123,서양식 음식점업,45589,45589,1,2,계속,계속,6313901083,63139010830,56123,서양식 음식점업
1794436,0,주식회사국제사,61487,광주 동구 문화전당로23번길 8-1,18111,경 인쇄업,42305,42305,1,1,계속,계속,6318600282,63186002820,18111,경 인쇄업
1794817,0,주식회사 에이에이인터내셔널,61433,광주 동구 동명로 79,47912,전자상거래 소매업,44044,44044,2,2,계속,계속,6318801723,63188017230,47912,전자상거래 소매업
1795380,0,김회창세무회계사무소,61473,광주 동구 구성로204번길 6,71202,세무사업,44828,44828,5,5,계속,계속,6322001672,63220016720,71202,세무사업
1795672,0,변호사안순례사무소,61445,광주 동구 동명로 108,71101,변호사업,44287,44287,1,1,계속,계속,6324800658,63248006580,71101,변호사업
1795691,0,쎄쎄쎄,61432,광주광역시 동구 동계로10번길 7,56123,서양식 음식점업,45931,45931,6,6,계속,계속,6325001077,63250010770,56123,서양식 음식점업
1795968,0,주식회사리더스파트너미디어,61438,광주 동구 밤실로 82,59113,광고 영화 및 비디오물 제작업,44634,44634,1,1,계속,계속,6328102629,63281026290,59113,광고 영화 및 비디오물 제작업
1797305,0,착한구두 광주충장로점,61483,광주 동구 충장로 80-7,47430,신발 소매업,45536,45536,2,2,계속,계속,6334001222,63340012220,47430,신발 소매업
1797784,0,꿈그린 공동생활가정,61509,광주광역시 동구 화산로350번길 18,87131,아동 및 부녀자 거주 복지시설 운영업,45673,45673,3,3,계속,계속,6338200693,63382006930,87131,아동 및 부녀자 거주 복지시설 운영업
1798542,0,광뷰티,61483,광주 동구 중앙로160번길 31-8,46443,화장품 및 화장용품 도매업,43922,43922,1,1,계속,계속,6340800721,63408007210,46443,화장품 및 화장용품 도매업
1798557,1,아름토탈인테리어,61451,광주 동구 지호로  58,,,45629,,1,0,일괄유기,,6340803067,63408030676,,
1798870,0,변호사 이봉수 법률사무소,61445,광주 동구 동명로 108,71101,변호사업,42651,42651,1,1,계속,계속,6342500349,63425003490,71101,변호사업
1798922,0,중산건기,61434,광주광역시 동구 동명로20번길 17,42600,건설장비 운영업,45931,45931,4,4,계속,계속,6342801000,63428010000,42600,건설장비 운영업
1799617,0,주식회사투데이미디어,61478,광주 동구 천변우로 339,58121,신문 발행업,44986,44986,1,1,계속,계속,6348601015,63486010150,58121,신문 발행업
1799836,0,무등산뮤즈콘텐츠(주),61488,광주광역시 동구 서석로 24,75210,여행사업,45992,45992,4,4,계속,계속,6348702568,63487025680,75210,여행사업
1799848,0,주식회사 조이키토,61419,광주 동구 중흥로 201,10602,빵류 제조업,45313,45313,2,2,계속,계속,6348702777,63487027770,10602,빵류 제조업
1800127,0,반찬쏙,61503,광주 동구 남문로 558,10709,기타 식사용 가공처리 조리식품 제조업,44378,44378,1,1,계속,계속,6350201793,63502017930,10709,기타 식사용 가공처리 조리식품 제조업
1800198,0,문다지,61419,광주 동구 독립로 342,46699,그 외 기타 건축자재 도매업,44200,44200,2,2,계속,계속,6350501979,63505019790,46699,그 외 기타 건축자재 도매업
1801188,0,주식회사 에이아이엠엑스,61475,광주광역시 동구 중앙로 196,58222,응용 소프트웨어 개발 및 공급업,45870,45870,1,1,계속,계속,6358103549,63581035490,58222,응용 소프트웨어 개발 및 공급업
1801701,0,부부홍어,61489,광주 동구 양림로 109,46315,"신선, 냉동 및 기타 수산물 도매업",44287,44287,1,1,계속,계속,6359100070,63591000700,46315,"신선, 냉동 및 기타 수산물 도매업"
1801833,0,법무사김영삼사무소,61441,광주광역시 동구 지산로 74-8,71103,법무사업,45862,45862,2,2,계속,계속,6360303689,63603036890,71103,법무사업
1802134,0,돼지전설,61437,광주광역시 동구 필문대로191번길 5-14,56113,한식 육류요리 전문점,45658,45658,1,1,계속,계속,6362002014,63620020140,56113,한식 육류요리 전문점
1802858,0,(주)디에스팜 계림지점,61402,광주광역시 동구  중앙로 358,47212,육류 소매업,44902,44902,3,3,계속,계속,6368502411,63685024110,47212,육류 소매업
1803034,0,토마스로이 주식회사,61473,광주광역시 동구 구성로204번길 25,58221,시스템 소프트웨어 개발 및 공급업,45957,45957,4,4,계속,계속,6368603552,63686035520,58221,시스템 소프트웨어 개발 및 공급업
1803138,0,산수동553의24번지일원가로주택정비사업조합,61433,광주 동구 경양로 386,94990,그 외 기타 협회 및 단체,44743,44743,2,2,계속,계속,6368702211,63687022110,94990,그 외 기타 협회 및 단체
1803472,0,백경조경꽃농원,61512,광주 동구 남문로 486,47851,화초 및 식물 소매업,43922,43922,1,1,계속,계속,6370301840,63703018400,47851,화초 및 식물 소매업
1803473,1,백경조경꽃농원,61512,광주 동구 남문로 486,,,45218,,1,0,일괄유기,,6370301840,63703018406,,
1804120,0,럭키하우스모텔,61423,광주 동구 경양로259번길 7,55102,여관업,45236,45236,1,1,계속,계속,6374800575,63748005750,55102,여관업
1804399,0,대명산업건설(주),61426,광주 동구 제봉로222번길 6-12,41999,건설업본사,45000,45000,1,1,계속,계속,6378101789,63781017890,41999,건설업본사
1806718,0,주식회사비에이컴퍼니,61484,광주 동구 서석로7번길 16-8,96994,결혼 상담 및 준비 서비스업,43983,43983,4,4,계속,계속,6388801535,63888015350,96994,결혼 상담 및 준비 서비스업
1807016,0,멜린(mellin),61483,광주 동구 중앙로160번길 31-5,47419,기타 의복 소매업,45108,45108,2,2,계속,계속,6390601930,63906019300,47419,기타 의복 소매업
1807020,0,헤이드(HAEDE),61468,광주 동구 백서로 166,56221,커피 전문점,45231,45231,7,7,계속,계속,6390602282,63906022820,56221,커피 전문점
1807276,0,정엄빌딩,61473,광주 동구 구성로204번길 6,68112,비주거용 건물 임대업,43586,43586,2,2,계속,계속,6391900983,63919009830,68112,비주거용 건물 임대업
1807557,0,이앤와이컴퍼니(E&Y컴퍼니),61413,광주광역시 동구 중앙로290번길 16,46463,"장난감 및 취미, 오락용품 도매업",45139,45139,1,1,계속,계속,6394100650,63941006500,46463,"장난감 및 취미, 오락용품 도매업"
1808894,0,신묘한곱도리식당,61487,광주 동구 서석로 34-3,56111,한식 일반 음식점업,43223,43223,5,5,계속,계속,6401600717,64016007170,56111,한식 일반 음식점업
1810456,0,셀라,61483,광주 동구 중앙로160번길 37-1,47419,기타 의복 소매업,44470,44470,1,1,계속,계속,6410800980,64108009800,47419,기타 의복 소매업
1810468,0,덮덮밥 광주조선대점,61448,광주광역시 동구 지산로 21,56111,한식 일반 음식점업,45668,45668,2,2,계속,계속,6410802692,64108026920,56111,한식 일반 음식점업
1810588,0,조선美한복,61481,광주 동구 충장로 53,14130,한복 제조업,44044,44044,1,1,계속,계속,6411401258,64114012580,14130,한복 제조업
1810603,0,대림세무회계사무소,61479,광주 동구 천변우로 363-11,71202,세무사업,43101,43101,3,3,계속,계속,6411500727,64115007270,71202,세무사업
1811556,0,(주)광주워커힐호텔,61488,광주 동구 문화전당로35번길 35,55101,호텔업,43797,43797,0,0,계속,계속,6418601333,64186013330,55101,호텔업
1812939,0,야호익스프레스,61424,광주광역시 동구 경양로 234,49301,일반 화물자동차 운송업,45994,45994,4,4,계속,계속,6427700261,64277002610,49301,일반 화물자동차 운송업
1813130,0,유한회사 고창수산상회,61490,광주 동구 양림로 110,46315,"신선, 냉동 및 기타 수산물 도매업",45108,45108,6,6,계속,계속,6428103135,64281031350,46315,"신선, 냉동 및 기타 수산물 도매업"
1813132,0,마이하우스 주식회사,61436,광주 동구 제봉로110번길 17,58221,시스템 소프트웨어 개발 및 공급업,45260,45260,4,4,계속,계속,6428103173,64281031730,58221,시스템 소프트웨어 개발 및 공급업
1813610,0,유한회사유화,61502,광주광역시 동구 남문로 566,68122,비주거용 건물 개발 및 공급업,44337,44337,1,1,계속,계속,6428801534,64288015340,68122,비주거용 건물 개발 및 공급업
1813995,0,알파과학,61405,광주 동구 참판로20번길 14,46593,정밀기기 및 과학기기 도매업,43862,43862,1,1,계속,계속,6431001300,64310013000,46593,정밀기기 및 과학기기 도매업
1814557,0,서울우유동부,61503,광주 동구 소태길 25,47992,계약배달 판매업,42309,42309,2,2,계속,계속,6435700062,64357000620,47992,계약배달 판매업
1814613,0,공차조선대점,61452,광주광역시 동구 필문대로 309,56229,기타 비알코올 음료점업,42522,42522,5,5,계속,계속,6436700042,64367000420,56229,기타 비알코올 음료점업
1814810,0,큐엠에스유한회사,61420,광주 동구 중앙로  309-1,72911,물질성분 검사 및 분석업,45992,45992,4,4,계속,계속,6438102478,64381024780,72911,물질성분 검사 및 분석업
1815183,0,마인스페이스 주식회사,61436,광주광역시 동구 동계천로 150,58222,응용 소프트웨어 개발 및 공급업,44928,44928,13,13,계속,계속,6438702688,64387026880,58222,응용 소프트웨어 개발 및 공급업
1816066,0,봉자순대국밥,61459,광주 동구 의재로 25,56111,한식 일반 음식점업,44317,44317,1,1,계속,계속,6443501005,64435010050,56111,한식 일반 음식점업
1816262,0,법무사형남곤사무소,61445,광주 동구 동명로 106-2,71103,법무사업,44743,44743,1,1,계속,계속,6446100529,64461005290,71103,법무사업
1816300,0,아뜰리에 동명,61436,광주 동구 장동로 19-1,85699,그 외 기타 분류 안된 교육기관,43801,43801,1,1,계속,계속,6446900205,64469002050,85699,그 외 기타 분류 안된 교육기관
1816325,0,엑슬런스메디칼,61500,광주 동구 지원로5번길 9,47822,안경 및 렌즈 소매업,44208,44208,1,1,계속,계속,6447500303,64475003030,47822,안경 및 렌즈 소매업
1816358,0,혜연재가노인복지센터,61437,광주 동구 필문대로191번길 41,87111,노인 요양 복지시설 운영업,43739,43739,29,19,계속,계속,6448001515,64480015150,87111,노인 요양 복지시설 운영업
1816374,0,새소망노인복지센터,61497,광주광역시 동구 학소로 109,87293,방문 복지서비스 제공업,44652,44652,33,28,계속,계속,6448002402,64480024020,87293,방문 복지서비스 제공업
1816661,0,주식회사도화종합건설,61467,광주 동구 백서로 210-15,41999,건설업본사,43523,43523,1,1,계속,계속,6448601201,64486012010,41999,건설업본사
1816662,0,주식회사 도화종합건설,61467,광주 동구 백서로 210-15,41119,기타 공동 주택 건설업,43570,43570,1,1,일괄유기,일괄유기,6448601201,64486012016,41119,기타 공동 주택 건설업
1817358,0,마마스브라운,61417,광주 동구 무등로384번길 25-2,56150,제과점업,44409,44409,1,1,계속,계속,6451001422,64510014220,56150,제과점업
1817511,0,플뢰르(fleur),61483,광주 동구 중앙로160번길 9,47419,기타 의복 소매업,44881,44881,1,1,계속,계속,6451901779,64519017790,47419,기타 의복 소매업
1817517,0,법무사 이용진사무소,61444,광주광역시 동구 준법로 4,71103,법무사업,45352,45352,1,1,계속,계속,6451902104,64519021040,71103,법무사업
1817834,0,팅팅이네 종이집,61488,광주 동구 문화전당로23번길 26,47912,전자상거래 소매업,45444,45444,1,1,계속,계속,6454701016,64547010160,47912,전자상거래 소매업
1818550,0,주식회사한솔디앤씨,61487,광주 동구 문화전당로 35,68224,부동산 분양 대행업,44470,44470,1,1,계속,계속,6458702364,64587023640,68224,부동산 분양 대행업
1818690,0,주)보드게임카페레드버튼광주충장로,61483,광주 동구 중앙로160번길 31-6,91229,기타 오락장 운영업,43906,43906,16,16,계속,계속,6458801611,64588016110,91229,기타 오락장 운영업
1819871,0,주식회사 아이젠,61475,광주광역시 동구 금남로 245,71531,경영 컨설팅업,43606,43606,5,5,계속,계속,6468101411,64681014110,71531,경영 컨설팅업
1819877,0,주식회사 쌍봉건설,61408,광주 동구 필문대로153번길 29,41999,건설업본사,43678,43678,2,2,계속,계속,6468101522,64681015220,41999,건설업본사
1819878,0,주식회사 쌍봉건설,61408,광주 동구 필문대로153번길 29,42500,시설물 유지관리 공사업,43749,43749,1,1,일괄유기,일괄유기,6468101522,64681015226,42500,시설물 유지관리 공사업
1820929,0,해뜰법률사무소,61445,광주광역시 동구 동명로 110,71101,변호사업,45536,45536,2,2,계속,계속,6471502529,64715025290,71101,변호사업
1820960,0,씨유뉴광주학동점,61454,광주 동구 남문로744번길 3,47122,체인화 편의점,44562,44562,4,4,계속,계속,6471701524,64717015240,47122,체인화 편의점
1821184,0,퀴즈노스광주조선대점,61467,광주 동구 필문대로 308,56161,"피자, 햄버거, 샌드위치 및 유사 음식점업",43136,43136,4,4,계속,계속,6473400347,64734003470,56161,"피자, 햄버거, 샌드위치 및 유사 음식점업"
1821707,0,주식회사 태인,61445,광주광역시 동구 동명로 110,72129,기타 엔지니어링 서비스업,45489,45489,7,7,계속,계속,6478103445,64781034450,72129,기타 엔지니어링 서비스업
1822902,0,이화컴퓨터자수,61480,광주 동구 구성로 160,13222,자수제품 및 자수용재료 제조업,42891,42891,1,1,계속,계속,6483600024,64836000240,13222,자수제품 및 자수용재료 제조업
1823963,0,에스엘전력,61455,광주광역시 동구 남문로753번길 20,41999,건설업본사,45597,45597,3,3,계속,계속,6490102173,64901021730,41999,건설업본사
1824274,0,뜨렝,61401,광주 동구 무등로307번길 20-40,56123,서양식 음식점업,45048,45048,2,2,계속,계속,6491502054,64915020540,56123,서양식 음식점업
1824336,0,대상기획,61488,광주 동구 천변우로 455,18111,경 인쇄업,43647,43647,1,1,계속,계속,6491900879,64919008790,18111,경 인쇄업
1824539,0,변호사정혁법률사무소,61440,광주 동구 지산로 83,71101,변호사업,42979,42979,1,1,계속,계속,6493500340,64935003400,71101,변호사업
1824591,0,삼양드림연구소,61452,광주 동구 조선대1길 17,85709,기타 교육지원 서비스업,45831,45831,1,1,계속,계속,6493900765,64939007650,85709,기타 교육지원 서비스업
1824647,0,위드피플즈,61452,광주광역시 동구 필문대로 309,73203,시각 디자인업,44409,44409,1,1,계속,계속,6494500505,64945005050,73203,시각 디자인업
1825217,0,유한회사올타임페이버릿,61473,광주 동구 구성로204번길 6,46491,가방 및 보호용 케이스 도매업,44198,44198,1,1,계속,계속,6498601638,64986016380,46491,가방 및 보호용 케이스 도매업
1826183,0,드영(DEYOUNG),61493,광주광역시 동구  성촌길 6,90221,박물관 운영업,43171,43171,0,0,계속,계속,6502900408,65029004080,90221,박물관 운영업
1826353,0,고을석세무회계사무소,61479,광주 동구 천변우로 363-7,71202,세무사업,42370,42370,7,7,계속,계속,6504600235,65046002350,71202,세무사업
1826592,0,(주)금영스토리,61479,광주광역시 동구 천변우로 365,52915,주차장 운영업,42979,42979,0,0,계속,계속,6508100288,65081002880,52915,주차장 운영업
1827240,0,한국화에이맥스미술학원,61431,광주 동구 동계천로 74,85629,기타 예술학원,44754,44754,1,1,계속,계속,6509001727,65090017270,85629,기타 예술학원
1827459,0,쌍학,61480,광주 동구 구성로152번길 13,56122,일식 음식점업,43406,43406,3,3,계속,계속,6510700879,65107008790,56122,일식 음식점업
1827528,0,미니스톱월남호반점,61514,광주광역시 동구 남문로 377,47122,체인화 편의점,43344,43344,0,0,계속,계속,6511001048,65110010480,47122,체인화 편의점
1828022,0,느린마을양조장광주동명점,61434,광주 동구 동계천로 143,56111,한식 일반 음식점업,43009,43009,1,1,계속,계속,6514300275,65143002750,56111,한식 일반 음식점업
1829276,0,법률사무소 같이,61441,광주광역시 동구 준법로25번길 16-3,71101,변호사업,45748,45748,1,1,계속,계속,6520702832,65207028320,71101,변호사업
1829597,0,세븐일레븐 광주운림무등점,61491,광주 동구 의재로 123,47122,체인화 편의점,43009,43009,5,5,계속,계속,6522500537,65225005370,47122,체인화 편의점
1829784,0,메리트디자인,61437,광주 동구 필문대로191번길 5-8,33910,간판 및 광고물 제조업,42745,42745,1,1,계속,계속,6524400014,65244000140,33910,간판 및 광고물 제조업
1829785,0,메리트디자인,61437,광주 동구 필문대로191번길 5-8,42199,기타 옥외 시설물 축조 관련 전문공사업,45253,45259,1,1,일괄유기,일괄유기,6524400014,65244000146,42199,기타 옥외 시설물 축조 관련 전문공사업
1829916,0,호식이두마리치킨광주조대후문점,61449,광주 동구 필문대로273번길 18,56162,치킨 전문점,44988,44988,3,3,계속,계속,6526300617,65263006170,56162,치킨 전문점
1829988,0,산수동라도스하임아파트입주자대표회의,61433,광주 동구 필문대로192번길 21,68211,주거용 부동산 관리업,45231,45231,4,4,계속,계속,6528000818,65280008180,68211,주거용 부동산 관리업
1829994,0,동알이,61480,광주 동구 충장로58번길 14,68112,비주거용 건물 임대업,43831,43831,1,1,계속,계속,6528001457,65280014570,68112,비주거용 건물 임대업
1830075,0,유한회사금탑철물,61504,광주 동구 화산로 360,46622,"철물, 금속 파스너 및 수공구 도매업",44075,44075,1,1,계속,계속,6528101871,65281018710,46622,"철물, 금속 파스너 및 수공구 도매업"
1831755,0,(주)성지디앤씨,61446,광주 동구 무등로 592,68129,기타 부동산 개발 및 공급업,43424,43424,1,1,계속,계속,6538100235,65381002350,68129,기타 부동산 개발 및 공급업
1832456,0,호남간병,61406,광주광역시 동구 필문대로 170-1,96993,개인 간병 및 유사 서비스업,45778,45778,4,4,계속,계속,6539401535,65394015350,96993,개인 간병 및 유사 서비스업
1832681,0,케이스뱅크 충장로점,61483,광주 동구 중앙로160번길 31-16,46491,가방 및 보호용 케이스 도매업,43252,43252,1,1,계속,계속,6540801063,65408010630,46491,가방 및 보호용 케이스 도매업
1832682,1,다옴사우나,61441,광주 동구 밤실로 31,,,44695,,1,0,계속,,6540801516,65408015160,,
1832771,0,디자인피플,61419,광주광역시 동구 중흥로 203-3,42499,그 외 기타 건축 마무리 공사업,45078,45078,1,1,일괄유기,일괄유기,6541201323,65412013236,42499,그 외 기타 건축 마무리 공사업
1833059,0,카페멜,61401,광주 동구 무등로307번길 18-2,56221,커피 전문점,44927,44927,1,1,계속,계속,6542801305,65428013050,56221,커피 전문점
1833203,0,세븐일레븐광주조대후문점,61448,광주 동구 필문대로273번길 1,47122,체인화 편의점,45778,45778,6,6,계속,계속,6544001137,65440011370,47122,체인화 편의점
1833289,0,아이콘스튜디오,61468,광주 동구 백서로 167,73301,인물사진 및 행사용 영상 촬영업,45048,45048,1,1,계속,계속,6545000364,65450003640,73301,인물사진 및 행사용 영상 촬영업
1833520,0,주식회사아이밀,61436,광주 동구 동계천로 150,73202,제품 디자인업,43123,43123,7,7,계속,계속,6548100937,65481009370,73202,제품 디자인업
1833680,0,위드미조선대체대점,61452,광주광역시 동구 필문대로 309,47122,체인화 편의점,43101,43101,1,1,계속,계속,6548500600,65485006000,47122,체인화 편의점
1833952,0,주식회사제타헬스케어,61472,광주 동구 금남로 193-22,58221,시스템 소프트웨어 개발 및 공급업,44774,44774,1,1,계속,계속,6548701898,65487018980,58221,시스템 소프트웨어 개발 및 공급업
1834728,0,미햄리사,61494,광주광역시 동구 의재로136번길 26-13,58221,시스템 소프트웨어 개발 및 공급업,43566,43566,1,1,계속,계속,6552400811,65524008110,58221,시스템 소프트웨어 개발 및 공급업
1834791,0,진석편의점,61488,광주 동구 백서로125번길 35,47122,체인화 편의점,43040,43040,3,1,계속,계속,6552800139,65528001390,47122,체인화 편의점
1835143,0,열린재가복지센터,61432,광주광역시 동구 동명로67번길 32-10,87299,그 외 기타 비거주 복지 서비스업,42491,42491,18,10,계속,계속,6558000189,65580001890,87299,그 외 기타 비거주 복지 서비스업
1835972,0,다우도시락반찬,61433,광주 동구 필문대로206번길 6-6,10899,그 외 기타 식료품 제조업,45078,45078,2,2,계속,계속,6560203099,65602030990,10899,그 외 기타 식료품 제조업
1836568,0,보듬건설,61490,광주광역시 동구 양림로 110,41999,건설업본사,45810,45810,1,1,계속,계속,6564001486,65640014860,41999,건설업본사
1836569,1,보듬건설,61490,광주광역시 동구 양림로 110,,,45659,,1,0,일괄유기,,6564001486,65640014866,,
1836642,0,에꼬또,61467,광주 동구 백서로 214,56123,서양식 음식점업,44989,44989,2,2,계속,계속,6565000486,65650004860,56123,서양식 음식점업
1837735,0,으뜸50안경,61483,광주 동구 중앙로160번길 11,47822,안경 및 렌즈 소매업,43344,43344,2,2,계속,계속,6570200566,65702005660,47822,안경 및 렌즈 소매업
1837852,0,모드니마켓,61514,광주광역시 동구 육판서길 17,47222,건강보조식품 소매업,43983,43983,1,1,계속,계속,6570601054,65706010540,47222,건강보조식품 소매업
1837902,0,까라벨라 데 오로,61434,광주 동구 동계천로 131,56129,기타 외국식 음식점업,44261,44261,4,4,계속,계속,6570801290,65708012900,56129,기타 외국식 음식점업
1838132,0,마레피부과,61458,광주 동구 남문로 693,86201,일반 의원,44615,44615,4,4,계속,계속,6572001405,65720014050,86201,일반 의원
1838839,0,밝은사회적협동조합(밝은공동생활가정),61412,광주광역시 동구 무등로 374,87131,아동 및 부녀자 거주 복지시설 운영업,45717,45717,4,4,계속,계속,6578200710,65782007100,87131,아동 및 부녀자 거주 복지시설 운영업
1840345,0,서남동 주민자치회,61468,광주 동구 서남로 14,94990,그 외 기타 협회 및 단체,45175,45175,1,1,계속,계속,6588002721,65880027210,94990,그 외 기타 협회 및 단체
1840570,0,(주)푸드트립플로케충장점,61487,광주 동구 서석로 28,56150,제과점업,44256,44256,1,1,계속,계속,6588501557,65885015570,56150,제과점업
1841205,0,퀴비,61434,광주 동구 동명로20번길  1,56111,한식 일반 음식점업,45506,45506,1,1,계속,계속,6590202255,65902022550,56111,한식 일반 음식점업
1842049,0,올데이밀,61436,광주광역시 동구  장동로 11,56123,서양식 음식점업,43040,43040,1,1,계속,계속,6597700027,65977000270,56123,서양식 음식점업
1842630,0,유한회사 창성버핏,61483,광주광역시 동구 서석로 37,68119,기타 부동산 임대업,45413,45413,1,1,계속,계속,6598702913,65987029130,68119,기타 부동산 임대업
1842737,0,주식회사브라이드봄,61484,광주 동구 천변우로 409,96994,결혼 상담 및 준비 서비스업,44711,44711,1,1,계속,계속,6598801978,65988019780,96994,결혼 상담 및 준비 서비스업
1842842,0,무등산한의원,61494,광주광역시 동구 의재로 132,86203,한의원,45885,45885,4,4,계속,계속,6599402018,65994020180,86203,한의원
1842861,0,바른유도관,61405,광주 동구 필문대로 94,85611,태권도 및 무술 교육기관,44462,44462,1,1,계속,계속,6599700869,65997008690,85611,태권도 및 무술 교육기관
1842864,0,24시꽃플라워오브유 조대점,61449,광주광역시 동구 지산로 13,47851,화초 및 식물 소매업,45748,45748,1,1,계속,계속,6599701761,65997017610,47851,화초 및 식물 소매업
1843089,0,호야기업,61432,광주광역시 동구 동명로 51,42411,도장 공사업,45708,45710,1,1,일괄유기,일괄유기,6600901497,66009014976,42411,도장 공사업
1843192,0,풀덤(광주점),61482,광주 동구 금남로 248,91229,기타 오락장 운영업,43996,43996,7,7,계속,계속,6601501386,66015013860,91229,기타 오락장 운영업
1843264,0,롯데광주 띠어리여성,61470,광주광역시 동구 독립로 268,47412,여자용 겉옷 소매업,45506,45506,1,1,계속,계속,6601902215,66019022150,47412,여자용 겉옷 소매업
1843533,0,더바른짬뽕,61473,광주 동구 구성로204번길 20,56111,한식 일반 음식점업,45349,45349,3,3,계속,계속,6604001258,66040012580,56111,한식 일반 음식점업
1843576,0,전남의료기,61468,광주 동구 제봉로 66,46592,의료기기 도매업,43101,43101,1,1,계속,계속,6604700239,66047002390,46592,의료기기 도매업
1843668,0,파리바게트 광주계림두산점,61414,광주 동구 동계로 61,56150,제과점업,44819,44819,1,1,계속,계속,6606000581,66060005810,56150,제과점업
1843774,0,아이파크어린이집,61455,광주 동구 남문로753번길 20,87210,보육시설 운영업,43160,43160,10,10,계속,계속,6608000895,66080008950,87210,보육시설 운영업
1843781,0,행복한재가복지센터,61404,광주 동구 참판로 27,87293,방문 복지서비스 제공업,43831,43831,1,1,계속,계속,6608001517,66080015170,87293,방문 복지서비스 제공업
1843805,0,애플B유치원,61509,광주광역시 동구 화산로 318-7,85110,유아 교육기관,45650,45650,3,3,계속,계속,6608003024,66080030240,85110,유아 교육기관
1844378,0,주식회사바람꽃전자,61487,광주 동구 문화전당로23번길 5-16,46521,가전제품 및 부품 도매업,44140,44140,1,1,계속,계속,6608801153,66088011530,46521,가전제품 및 부품 도매업
1845040,0,탑로지스,61420,광주 동구 중앙로 313,49301,일반 화물자동차 운송업,44714,44714,1,1,계속,계속,6612500389,66125003890,49301,일반 화물자동차 운송업
1845264,0,앤드밀,61434,광주 동구 동명로 52,56123,서양식 음식점업,45205,45205,1,1,계속,계속,6614400959,66144009590,56123,서양식 음식점업
1845266,0,우리동네정육점,61508,광주광역시 동구 용산3길 17,47212,육류 소매업,45870,45870,1,1,계속,계속,6614401166,66144011660,47212,육류 소매업
1845442,0,이마트24R광주용산지원점,61504,광주 동구 화산로 354,47122,체인화 편의점,44817,44817,1,1,계속,계속,6617700409,66177004090,47122,체인화 편의점
1845915,0,주식회사 링크핀,61475,광주광역시 동구 금남로 245,58221,시스템 소프트웨어 개발 및 공급업,45413,45413,1,1,계속,계속,6618701805,66187018050,58221,시스템 소프트웨어 개발 및 공급업
1846632,0,디에이치스카이,61439,광주 동구 필문대로205번길 39-1,41999,건설업본사,43800,43800,1,1,계속,계속,6621801082,66218010820,41999,건설업본사
1846689,1,인성하우징,61423,광주광역시 동구 경양로259번길 8,,,44614,,1,0,일괄유기,,6622101364,66221013646,,
1846732,0,복순이네,61490,광주 동구 양림로 120,56111,한식 일반 음식점업,43636,43636,1,1,계속,계속,6622400726,66224007260,56111,한식 일반 음식점업
1846854,0,원건축인테리어,61423,광주 동구 경양로259번길,42209,기타 건물 관련설비 설치 공사업,44312,44312,5,5,일괄유기,일괄유기,6623400031,66234000316,42209,기타 건물 관련설비 설치 공사업
1847355,0,사회적협동조합청람(동구돌봄),61500,광주 동구 남문로622번길 22-3,87299,그 외 기타 비거주 복지 서비스업,44998,44998,2,2,계속,계속,6628200347,66282003470,87299,그 외 기타 비거주 복지 서비스업
1847603,0,주식회사신한결,61400,광주 동구 무등로 297,46699,그 외 기타 건축자재 도매업,42979,42979,3,3,계속,계속,6628700624,66287006240,46699,그 외 기타 건축자재 도매업
1847763,0,(주)퍼스트엔터테인먼트,61461,광주광역시 동구  증심천로 118,47912,전자상거래 소매업,43009,43009,19,19,계속,계속,6628800752,66288007520,47912,전자상거래 소매업
1847923,0,조아진병원,61401,광주 동구 무등로 329,86102,일반 병원,45957,45957,2,2,계속,계속,6629201909,66292019090,86102,일반 병원
1848167,0,티이디(ted)여인천하,61406,광주 동구 필문대로 146,47912,전자상거래 소매업,43847,43847,2,2,계속,계속,6630800243,66308002430,47912,전자상거래 소매업
1848603,0,르베뉴,61436,광주 동구 동명로 12,96119,기타 미용업,43922,43922,2,2,계속,계속,6633800648,66338006480,96119,기타 미용업
1848704,1,삼형제(3B),61451,광주 동구 지호로86번길  3,,,45803,,1,0,일괄유기,,6634900310,66349003106,,
1849011,0,(주)명인약품,61409,광주광역시 동구 갈마로 58,46441,의약품 도매업,44242,44242,6,6,계속,계속,6638101997,66381019970,46441,의약품 도매업
1849164,0,주식회사건축사사무소미가온,61494,광주 동구 의재로136번길 22-3,72111,건축설계 및 관련 서비스업,42248,42248,1,1,계속,계속,6638600222,66386002220,72111,건축설계 및 관련 서비스업
1849235,0,주식회사 비앤에스개발,61471,광주 동구 독립로 256-7,68122,비주거용 건물 개발 및 공급업,44593,44593,1,1,계속,계속,6638601973,66386019730,68122,비주거용 건물 개발 및 공급업
1849754,0,도투말패션,61480,광주 동구 충장로 50-2,14112,여자용 겉옷 제조업,44166,44166,1,1,계속,계속,6640301667,66403016670,14112,여자용 겉옷 제조업
1850244,0,팔레트,61484,광주 동구 중앙로160번길 14,47422,의복 액세서리 및 모조 장신구 소매업,43709,43709,1,1,계속,계속,6643100512,66431005120,47422,의복 액세서리 및 모조 장신구 소매업
1851651,0,아리랑시리랑,61485,광주 동구 서석로 56,47422,의복 액세서리 및 모조 장신구 소매업,43556,43556,0,0,계속,계속,6651000994,66510009940,47422,의복 액세서리 및 모조 장신구 소매업
1851657,0,청안&파트너스,61445,광주광역시 동구  동명로98번길 4,71101,변호사업,44263,44263,2,2,계속,계속,6651001687,66510016870,71101,변호사업
1852132,0,데이지,61461,광주 동구 증심천로 110,56123,서양식 음식점업,44835,44835,3,3,계속,계속,6653901164,66539011640,56123,서양식 음식점업
1852427,0,법무법인뿌리,61445,광주 동구 동명로 110,71101,변호사업,43101,43101,7,7,계속,계속,6658100825,66581008250,71101,변호사업
1852592,0,법무법인태성(광주분사무소),61441,광주 동구 지산로 70,71101,변호사업,43395,43395,3,3,계속,계속,6658500857,66585008570,71101,변호사업
1852593,0,궁전제과(주)광주1공장,61514,광주 동구 남문로 347,10602,빵류 제조업,43556,43556,16,15,계속,계속,6658500880,66585008800,10602,빵류 제조업
1852620,0,웨하스 충장,61482,광주 동구 충장로 81-2,46491,가방 및 보호용 케이스 도매업,45413,45413,10,10,계속,계속,6658502743,66585027430,46491,가방 및 보호용 케이스 도매업
1852804,0,주식회사 대인실업,61473,광주 동구 구성로204번길 13,41999,건설업본사,42667,42667,2,2,계속,계속,6658700579,66587005790,41999,건설업본사
1852805,0,주식회사 대인실업,61473,광주 동구 구성로204번길 13,42121,토공사업,43206,43206,2,2,일괄유기,일괄유기,6658700579,66587005796,42121,토공사업
1853180,0,우리한의원,61463,광주광역시 동구 학소로 125,86203,한의원,42767,42767,2,2,계속,계속,6659900290,66599002900,86203,한의원
1853200,1,이룸인테리어,61409,광주 동구 밤실로 150,,,44521,,1,0,일괄유기,,6660102159,66601021596,,
1853254,0,부동산MH1,61440,광주 동구 동명로 95,74211,건축물 일반 청소업,43101,43101,0,0,계속,계속,6660300058,66603000580,74211,건축물 일반 청소업
1853567,0,제일약국,61454,광주 동구 남문로744번길 25,47811,의약품 및 의료용품 소매업,43040,43040,8,8,계속,계속,6661800673,66618006730,47811,의약품 및 의료용품 소매업
1853724,0,레브(Reve),61434,광주 동구 동명로14번길 29,56123,서양식 음식점업,45331,45331,1,1,계속,계속,6662801609,66628016090,56123,서양식 음식점업
1853745,0,만수식당,61426,광주 동구 제봉로212번길 2,56111,한식 일반 음식점업,43221,43221,0,0,계속,계속,6663000530,66630005300,56111,한식 일반 음식점업
1854263,0,한국여행업사업협동조합,61473,광주 동구 구성로194번길 25,94990,그 외 기타 협회 및 단체,43191,43191,1,1,계속,계속,6668200204,66682002040,94990,그 외 기타 협회 및 단체
1855413,0,디자인이애드,61489,광주 동구 양림로119번길 7,18111,경 인쇄업,45047,45047,1,1,계속,계속,6673000095,66730000950,18111,경 인쇄업
1855897,0,주식회사 상상이상,61461,광주 동구 증심천로 118,47912,전자상거래 소매업,44835,44835,1,1,계속,계속,6678102488,66781024880,47912,전자상거래 소매업
1857214,0,역전할머니맥주광주학동점,61463,광주 동구 의재로 20,56213,생맥주 전문점,44774,44774,1,1,계속,계속,6683501146,66835011460,56213,생맥주 전문점
1857766,0,(주)콘카그린쏠라,61463,광주 동구 의재로 34-1,35114,태양력 발전업,43301,43301,1,1,계속,계속,6688600703,66886007030,35114,태양력 발전업
1857897,0,(주)나무사랑,61498,광주광역시 동구 남문로622번길3,2040,임업 관련 서비스업,42095,42095,1,1,계속,계속,6688700073,66887000730,2040,임업 관련 서비스업
1857921,0,동산보청기센터주식회사,61489,광주 동구 백서로 128-1,46442,의료용품 도매업,42736,42736,2,2,계속,계속,6688700582,66887005820,46442,의료용품 도매업
1858569,0,에스짐,61463,광주 동구 남문로 666,85612,기타 스포츠 교육기관,45173,45173,2,2,계속,계속,6691102249,66911022490,85612,기타 스포츠 교육기관
1858689,0,뽀에따,61430,광주광역시 동구 동계로13번길 18,96113,피부 미용업,45505,45505,1,1,계속,계속,6691701956,66917019560,96113,피부 미용업
1859120,0,나조하부동산,61483,광주 동구 충장로안길 44,68122,비주거용 건물 개발 및 공급업,44809,44809,1,1,계속,계속,6695700628,66957006280,68122,비주거용 건물 개발 및 공급업
1859774,0,기역기역 주식회사,61452,광주광역시 동구 조선대1길 17,62010,컴퓨터 프로그래밍 서비스업,45352,45352,2,2,계속,계속,6698703262,66987032620,62010,컴퓨터 프로그래밍 서비스업
1859869,0,주식회사우아원,61468,광주 동구 백서로153번길 6-11,46522,"통신, 방송장비 및 부품 도매업",44348,44348,2,2,계속,계속,6698801543,66988015430,46522,"통신, 방송장비 및 부품 도매업"
1859870,1,주식회사우아원/건설일괄,61468,광주 동구 백서로153번길  6-11,,,45510,,2,0,일괄유기,,6698801543,66988015436,,
1859975,0,꾸석지돌판한우,61417,광주광역시 동구 무등로384번길 23,47212,육류 소매업,45627,45627,3,3,계속,계속,6699201967,66992019670,47212,육류 소매업
1860354,0,편한마음힐링센타왕쑥뜸,61474,광주 동구 예술길15번길 2,96999,그 외 기타 달리 분류되지 않은 개인 서비스업,43832,43832,1,1,계속,계속,6701501175,67015011750,96999,그 외 기타 달리 분류되지 않은 개인 서비스업
1860513,0,아이디얼,61434,광주광역시 동구  동명로14번길 11-5,56221,커피 전문점,44806,44806,1,1,계속,계속,6702401314,67024013140,56221,커피 전문점
1860605,0,영문화사,61488,광주 동구 백서로125번길 3,18111,경 인쇄업,44581,44581,1,1,계속,계속,6703201167,67032011670,18111,경 인쇄업
1860886,0,티이티디,61436,광주 동구 동명로 8-1,56123,서양식 음식점업,45659,45659,1,1,계속,계속,6706700568,67067005680,56123,서양식 음식점업
1861372,0,주식회사민메디신,61508,광주광역시 동구  화산로 257,47811,의약품 및 의료용품 소매업,43800,43800,3,3,계속,계속,6708701395,67087013950,47811,의약품 및 의료용품 소매업
1861722,0,돌애,61434,광주 동구 동계천로 157,56111,한식 일반 음식점업,45109,45109,2,2,계속,계속,6710202992,67102029920,56111,한식 일반 음식점업
1862581,0,어울림노인복지센터,61491,광주광역시 동구 학운동 (운림동),87299,그 외 기타 비거주 복지 서비스업,43556,43556,24,21,계속,계속,6718001365,67180013650,87299,그 외 기타 비거주 복지 서비스업
1862728,0,주식회사자이메디팜,61421,광주광역시 동구 독립로 338,46441,의약품 도매업,45414,45414,2,2,계속,계속,6718102809,67181028090,46441,의약품 도매업
1862973,0,주식회사프롬더블유,61431,광주 동구 제봉로 136,28519,기타 가정용 전기기기 제조업,44652,44652,1,1,계속,계속,6718602745,67186027450,28519,기타 가정용 전기기기 제조업
1863074,0,(주)위지니,61475,광주광역시 동구 금남로 245,47912,전자상거래 소매업,43437,43437,1,1,계속,계속,6718701160,67187011600,47912,전자상거래 소매업
1863472,0,조은,61400,광주 동구 독립로368번길 18,41226,조경 건설업,45705,45705,1,1,일괄유기,일괄유기,6720200658,67202006586,41226,조경 건설업
1863490,0,피엔스튜디오광주충장로점,61482,광주광역시 동구 충장로 77-6,73301,인물사진 및 행사용 영상 촬영업,45689,45689,1,1,계속,계속,6720202831,67202028310,73301,인물사진 및 행사용 영상 촬영업
1863894,0,진분식,61450,광주 동구 지호로 36,56111,한식 일반 음식점업,45942,45942,4,4,계속,계속,6722101963,67221019630,56111,한식 일반 음식점업
1864423,0,주식회사와이즈뷰티테인먼트,61483,광주 동구 충장로안길 38,71531,경영 컨설팅업,43102,43102,5,5,계속,계속,6728100672,67281006720,71531,경영 컨설팅업
1865816,0,메가엠지씨커피광주산수점,61411,광주광역시 동구 필문대로 175,56221,커피 전문점,45474,45474,1,1,계속,계속,6733801251,67338012510,56221,커피 전문점
1865921,0,변호사 이현석 법률사무소,61445,광주광역시 동구 동명로98번길 4,71101,변호사업,44866,44866,1,1,계속,계속,6735300522,67353005220,71101,변호사업
1866288,0,굿윌스토어 밀알광주MBC옛터점,61474,광주광역시 동구 제봉로 145,47129,기타 음ㆍ식료품 위주 종합 소매업,45383,45383,13,13,계속,계속,6738200556,67382005560,47129,기타 음ㆍ식료품 위주 종합 소매업
1866761,0,주식회사 조이네스트,61479,광주 동구 천변우로 361-15,58212,모바일 게임 소프트웨어 개발 및 공급업,44977,44977,3,3,계속,계속,6738802838,67388028380,58212,모바일 게임 소프트웨어 개발 및 공급업
1866779,0,주식회사 와이즈브이에프엑스(Wise VFX),61475,광주광역시 동구 금남로 245,59113,광고 영화 및 비디오물 제작업,45558,45558,16,16,계속,계속,6738803123,67388031230,59113,광고 영화 및 비디오물 제작업
1866938,0,피트니스N,61448,광주 동구 지산로 45,91132,체력단련시설 운영업,45110,45110,1,1,계속,계속,6740302722,67403027220,91132,체력단련시설 운영업
1867077,0,가마로강정&김마로,61481,광주 동구 중앙로 177,56111,한식 일반 음식점업,42253,42253,1,1,계속,계속,6741000213,67410002130,56111,한식 일반 음식점업
1867417,0,뮤즈의원 광주,61482,광주 동구 금남로 236,86201,일반 의원,45383,45383,12,12,계속,계속,6742701748,67427017480,86201,일반 의원
1867528,1,지에스25수기파크점,61478,광주광역시 동구 독립로226번길 8,,,45402,,1,0,계속,,6743701301,67437013010,,
1867687,0,춘리마라탕 충장로점,61482,광주광역시 동구 금남로 226-7,56121,중식 음식점업,45959,45959,4,4,계속,계속,6745600827,67456008270,56121,중식 음식점업
1868576,0,서해수산,61437,광주 동구 필문대로 185,46315,"신선, 냉동 및 기타 수산물 도매업",43742,43742,2,2,계속,계속,6749800735,67498007350,46315,"신선, 냉동 및 기타 수산물 도매업"
1868866,0,공간지음,61421,광주 동구 경양로235번길 1,41999,건설업본사,45689,45689,7,7,계속,계속,6751202182,67512021820,41999,건설업본사
1869495,0,알로광주엔씨충장로점,61480,광주 동구 중앙로 163,47822,안경 및 렌즈 소매업,42401,42401,1,1,계속,계속,6757800026,67578000260,47822,안경 및 렌즈 소매업
1869593,0,주식회사진우하우징,61496,광주광역시 동구 의재로88번길 7,41999,건설업본사,43678,43678,1,2,계속,계속,6758101253,67581012530,41999,건설업본사
1869594,1,주식회사진우하우징,61496,광주 동구 의재로88번길 7,,,43696,,2,0,일괄유기,,6758101253,67581012536,,
1869706,0,선인종합재가센터,61504,광주 동구 화산로 355,87299,그 외 기타 비거주 복지 서비스업,42736,42736,82,72,계속,계속,6758200116,67582001160,87299,그 외 기타 비거주 복지 서비스업
1869808,0,주식회사에스앤제이바이오,61406,광주 동구 무등로415번길 28,46593,정밀기기 및 과학기기 도매업,43102,43102,2,2,계속,계속,6758600981,67586009810,46593,정밀기기 및 과학기기 도매업
1870870,0,emart24(광주동부점),61475,광주 동구 중앙로196번길 31-10,47122,체인화 편의점,43070,43070,1,1,계속,계속,6763100489,67631004890,47122,체인화 편의점
1871097,0,다보애마트,61504,광주 동구 남문로 555,47121,슈퍼마켓,42566,42566,5,5,계속,계속,6765900085,67659000850,47121,슈퍼마켓
1871119,0,벨아미,61494,광주광역시 동구 의재로136번길 2-1,47412,여자용 겉옷 소매업,45751,45751,1,1,계속,계속,6766300516,67663005160,47412,여자용 겉옷 소매업
1871599,0,주식회사선진개발,61471,광주 동구 금남로 169,68129,기타 부동산 개발 및 공급업,45231,45231,2,2,계속,계속,6768700040,67687000400,68129,기타 부동산 개발 및 공급업
1872295,0,지프키즈NC충장점,61480,광주 동구 중앙로 163,47419,기타 의복 소매업,44105,44105,1,1,계속,계속,6771201743,67712017430,47419,기타 의복 소매업
1872474,0,리트머스,61480,광주 동구 중앙로 163,47119,기타 대형 종합 소매업,43922,43922,0,0,계속,계속,6772101124,67721011240,47119,기타 대형 종합 소매업
1872965,0,신전떡볶이조대점,61449,광주 동구 필문대로287번길 15-29,56191,김밥 및 기타 간이 음식점업,43904,43904,1,1,계속,계속,6777400290,67774002900,56191,김밥 및 기타 간이 음식점업
1872983,0,세븐일레븐 광주경마장점,61422,광주 동구 구성로 261,47122,체인화 편의점,44197,44197,4,3,계속,계속,6777800279,67778002790,47122,체인화 편의점
1873724,0,이로치과기공소,61411,광주광역시 동구  필문대로165번길 15-8,27192,치과기공물 제조업,44784,44784,1,1,계속,계속,6779201600,67792016000,27192,치과기공물 제조업
1873754,0,오월의책,61466,광주 동구 장동로 34,58113,일반 서적 출판업,44616,44616,1,1,계속,계속,6779500825,67795008250,58113,일반 서적 출판업
1874029,0,김용진세무사무소,61473,광주 동구 구성로204번길 6,71202,세무사업,42583,42583,4,4,계속,계속,6781200427,67812004270,71202,세무사업
1875138,0,유한회사장모님반찬,61481,광주 동구 충장로 45-2,46329,기타 가공식품 도매업,45121,45121,1,1,계속,계속,6788603032,67886030320,46329,기타 가공식품 도매업
1875832,0,경성꽈배기 무등산점,61493,광주 동구 증심사길 25,56150,제과점업,44154,44154,1,1,계속,계속,6791501304,67915013040,56150,제과점업
1875869,0,동성철물상사,61421,광주 동구 독립로 324,46622,"철물, 금속 파스너 및 수공구 도매업",44228,44228,5,5,계속,계속,6791701332,67917013320,46622,"철물, 금속 파스너 및 수공구 도매업"
1876000,0,투투투,61475,광주 동구 금남로 245,62010,컴퓨터 프로그래밍 서비스업,44986,44986,1,1,계속,계속,6792401209,67924012090,62010,컴퓨터 프로그래밍 서비스업
1876074,0,125활인건강,61473,광주 동구 제봉로 199,47190,그 외 기타 종합 소매업,44197,44682,1,1,계속,계속,6793000803,67930008030,47190,그 외 기타 종합 소매업
1876246,0,엘로이,61487,광주 동구 서석로 28,96994,결혼 상담 및 준비 서비스업,45049,45049,5,5,계속,계속,6794700816,67947008160,96994,결혼 상담 및 준비 서비스업
1876422,0,꿈마루어린이집,61441,광주 동구 준법로 29-9,87210,보육시설 운영업,42795,42795,10,9,계속,계속,6798000720,67980007200,87210,보육시설 운영업
1876461,0,엔에이치주택주식회사,61487,광주 동구 서석로 42,41999,건설업본사,42160,42160,7,7,계속,계속,6798100090,67981000900,41999,건설업본사
1876938,0,파이어버스터 주식회사,61472,광주 동구 금남로  193-22,29192,분사기 및 소화기 제조업,45689,45689,4,1,계속,계속,6798703217,67987032170,29192,분사기 및 소화기 제조업
1877022,0,주식회사 달무리,61487,광주 동구 문화전당로 5,90191,공연 기획업,44075,44075,1,1,계속,계속,6798801593,67988015930,90191,공연 기획업
1877749,0,카페 소뇨,61436,광주광역시 동구 장동로 21,56221,커피 전문점,45505,45505,3,3,계속,계속,6802801911,68028019110,56221,커피 전문점
1877915,0,법무사김대환사무소,61445,광주 동구 지산로 71-1,71103,법무사업,42186,42186,1,1,계속,계속,6804500035,68045000350,71103,법무사업
1877936,0,월간맥주,61488,광주 동구 백서로125번길 41,56111,한식 일반 음식점업,44835,44835,3,3,계속,계속,6804700719,68047007190,56111,한식 일반 음식점업
1878090,0,금호재가노인복지센터,61402,광주 동구 중앙로 358,87299,그 외 기타 비거주 복지 서비스업,42492,42492,30,25,계속,계속,6808000375,68080003750,87299,그 외 기타 비거주 복지 서비스업
1878695,0,호남세무법인,61480,광주 동구 중앙로 171,71202,세무사업,42815,42815,8,8,계속,계속,6808800600,68088006000,71202,세무사업
1879000,0,니드인디드,61483,광주 동구 중앙로160번길 31-20,47412,여자용 겉옷 소매업,43551,43551,6,6,계속,계속,6810601023,68106010230,47412,여자용 겉옷 소매업
1879556,0,허브라더,61473,광주 동구 제봉로 197,72111,건축설계 및 관련 서비스업,43525,43525,1,1,계속,계속,6814300301,68143003010,72111,건축설계 및 관련 서비스업
1879818,0,산수2동주민자치회,61437,광주 동구 필문대로191번길 43-24,94990,그 외 기타 협회 및 단체,44781,44781,1,1,계속,계속,6818002513,68180025130,94990,그 외 기타 협회 및 단체
1880197,0,주식회사 선영기업,61444,광주 동구 지산동,41999,건설업본사,45614,45614,2,2,계속,계속,6818603187,68186031870,41999,건설업본사
1880198,2,주식회사 선영기업,61444,광주 동구 밤실로 11,42202,건물용 기계장비 설치 공사업,,46013,0,1,,일괄유기,6818603187,68186031876,42202,건물용 기계장비 설치 공사업
1880435,0,화연산업주식회사,61449,광주 동구 필문대로289번길 9,46612,"골재, 벽돌 및 시멘트 도매업",44743,44743,1,1,계속,계속,6818802218,68188022180,46612,"골재, 벽돌 및 시멘트 도매업"
1881497,0,함께크는나무협동조합,61429,광주 동구 동계천로85번길 10-1,90199,그 외 기타 창작 및 예술관련 서비스업,43010,43010,0,0,계속,계속,6828100077,68281000770,90199,그 외 기타 창작 및 예술관련 서비스업
1881920,0,주식회사꽃다비,61465,광주 동구 제봉로 100-1,46311,과실류 도매업,43563,43563,0,0,계속,계속,6828701307,68287013070,46311,과실류 도매업
1882414,0,르꼬끄 스포르티브 충장로점,61483,광주광역시 동구 충장로 76,47419,기타 의복 소매업,45695,45695,1,1,계속,계속,6830603181,68306031810,47419,기타 의복 소매업
1882420,0,용산골식육식당,61507,광주 동구 화산로 327,56111,한식 일반 음식점업,43739,43739,1,1,계속,계속,6830701313,68307013130,56111,한식 일반 음식점업
1882862,0,법무사 김장수 사무소,61441,광주 동구 지산로 74-8,71103,법무사업,42891,42891,3,3,계속,계속,6833500447,68335004470,71103,법무사업
1882890,0,제이홍,61473,광주 동구 구성로194번길 5,47412,여자용 겉옷 소매업,44409,44409,1,1,계속,계속,6833700761,68337007610,47412,여자용 겉옷 소매업
1883120,0,동명메디칼,61435,광주 동구 동명로70번길 5,68112,비주거용 건물 임대업,44806,44806,1,1,계속,계속,6837500405,68375004050,68112,비주거용 건물 임대업
1883284,0,쓰리피브릿지(주),61449,광주 동구 필문대로289번길 2-2,85709,기타 교육지원 서비스업,45189,45189,1,1,계속,계속,6838102684,68381026840,85709,기타 교육지원 서비스업
1884067,0,더벤티롯데점,61470,광주 동구 제봉로 221-31,56221,커피 전문점,45414,45414,4,3,계속,계속,6840602564,68406025640,56221,커피 전문점
1884194,0,미유스튜디오,61447,광주 동구 지호로 136,73301,인물사진 및 행사용 영상 촬영업,43010,43010,5,5,계속,계속,6841200252,68412002520,73301,인물사진 및 행사용 영상 촬영업
1884556,0,하룸헤어,61453,광주 동구 필문대로 335,96112,두발 미용업,44587,44587,2,2,계속,계속,6843301009,68433010090,96112,두발 미용업
1884984,0,(주)정연메디힐,61414,광주 동구 동계로 61,68212,비주거용 부동산 관리업,44796,44796,1,1,계속,계속,6848101918,68481019180,68212,비주거용 부동산 관리업
1886121,0,마리네일(MARINail),61416,광주광역시 동구 동계로 38,96119,기타 미용업,44490,44490,1,1,계속,계속,6852001002,68520010020,96119,기타 미용업
1886348,0,칼하트wip(광주),61483,광주 동구 충장로 74-1,14111,남자용 겉옷 제조업,43739,43739,1,1,계속,계속,6853800556,68538005560,14111,남자용 겉옷 제조업
1886357,0,디에스어패럴,61473,광주 동구 구성로204번길 21,14192,"근무복, 작업복 및 유사의복 제조업",45965,45965,4,4,계속,계속,6853801346,68538013460,14192,"근무복, 작업복 및 유사의복 제조업"
1886412,0,스푼더마켓,61483,광주 동구 중앙로160번길 13,56111,한식 일반 음식점업,42748,42748,3,3,계속,계속,6854600226,68546002260,56111,한식 일반 음식점업
1886456,0,이해선웨딩컨설팅,61484,광주 동구 서석로7번길 6-2,96994,결혼 상담 및 준비 서비스업,44350,44350,1,1,계속,계속,6855200038,68552000380,96994,결혼 상담 및 준비 서비스업
1886480,0,동진,61488,광주 동구 서석로10번길 10-1,56111,한식 일반 음식점업,44013,44013,2,2,계속,계속,6855500475,68555004750,56111,한식 일반 음식점업
1887469,0,국제약국,61489,광주 동구 제봉로 39-1,47811,의약품 및 의료용품 소매업,42736,42736,1,1,계속,계속,6860300673,68603006730,47811,의약품 및 의료용품 소매업
1887627,0,버블버블충장로점,61483,광주 동구 충장로안길 18,73301,인물사진 및 행사용 영상 촬영업,44593,44593,1,1,계속,계속,6860901882,68609018820,73301,인물사진 및 행사용 영상 촬영업
1887759,0,한국휘트니스클럽,61466,광주 동구 제봉로82번길 16,91132,체력단련시설 운영업,44835,44835,1,1,계속,계속,6861601594,68616015940,91132,체력단련시설 운영업
1888114,0,에이스케이프건축사사무소,61484,광주광역시 동구  중앙로 150-16,72111,건축설계 및 관련 서비스업,43132,43132,1,1,계속,계속,6864800261,68648002610,72111,건축설계 및 관련 서비스업
1888460,0,(주)미르씨앤씨,61404,광주 동구 필문대로 70,68121,주거용 건물 개발 및 공급업,44409,44409,3,3,계속,계속,6868102252,68681022520,68121,주거용 건물 개발 및 공급업
1888991,0,주식회사아트벨라,61434,광주 동구 동계천로 151,56221,커피 전문점,44916,44916,1,1,계속,계속,6868802421,68688024210,56221,커피 전문점
1888992,0,"주식회사세인크린텍(Se-incleantecCo.,Ltd.)",61477,광주 동구 독립로226번길 21,74211,건축물 일반 청소업,44798,44798,4,4,일괄계속,계속,6868802455,68688024550,74211,건축물 일반 청소업
1889218,0,호텔얌광주구시청점,61489,광주 동구 양림로115번길 15,55102,여관업,43405,43405,1,1,계속,계속,6870501290,68705012900,55102,여관업
1889254,0,바쇼,61434,광주 동구 동계천로 167-1,56122,일식 음식점업,43229,43229,9,9,계속,계속,6870700897,68707008970,56122,일식 음식점업
1889335,0,레파스학동점,61464,광주 동구 남문로 669,56150,제과점업,45173,45173,5,5,계속,계속,6871002594,68710025940,56150,제과점업
1890191,0,오오지팩토리 주식회사,61475,광주광역시 동구 금남로 245,58222,응용 소프트웨어 개발 및 공급업,45444,45444,1,1,계속,계속,6878103569,68781035690,58222,응용 소프트웨어 개발 및 공급업
1890938,0,초정,61489,광주 동구 양림로119번길 11,56111,한식 일반 음식점업,43009,43009,6,6,계속,계속,6880600817,68806008170,56111,한식 일반 음식점업
1891375,0,솔솔피자본점,61512,광주광역시 동구 선교로 38-30,56161,"피자, 햄버거, 샌드위치 및 유사 음식점업",45595,45595,1,1,계속,계속,6883101365,68831013650,56161,"피자, 햄버거, 샌드위치 및 유사 음식점업"
1891487,0,호노우,61481,광주 동구 금남로 202,56122,일식 음식점업,44755,44755,6,6,계속,계속,6884100818,68841008180,56122,일식 음식점업
1892043,0,(유)에스와이닷컴,61471,광주 동구 금남로 161-11,47312,통신기기 소매업,43983,43983,1,1,계속,계속,6888601875,68886018750,47312,통신기기 소매업
1892047,0,주식회사한국티엘씨,61489,광주광역시 동구 양림로119번길 11,46592,의료기기 도매업,45600,45600,1,1,계속,계속,6888602025,68886020250,46592,의료기기 도매업
1892572,0,왕산식당,61434,광주 동구 동명로14번길 6-1,56111,한식 일반 음식점업,45108,45108,5,5,계속,계속,6890202974,68902029740,56111,한식 일반 음식점업
1892911,0,깐깐한족발(계림점),61426,광주 동구 동계천로 10,56111,한식 일반 음식점업,45231,45231,1,1,계속,계속,6892002115,68920021150,56111,한식 일반 음식점업
1894051,0,믹스큐브 주식회사,61472,광주 동구 금남로 193-22,62010,컴퓨터 프로그래밍 서비스업,44409,44409,2,2,계속,계속,6898802100,68988021000,62010,컴퓨터 프로그래밍 서비스업
1894089,0,주식회사 토라,61472,광주광역시 동구 금남로 193-22,62010,컴퓨터 프로그래밍 서비스업,45492,45492,1,1,계속,계속,6898803114,68988031140,62010,컴퓨터 프로그래밍 서비스업
1894154,0,햇채원,61427,광주 동구 제봉로190번길 1-1,10301,김치류 제조업,45807,45807,20,20,계속,계속,6899301987,68993019870,10301,김치류 제조업
1894545,0,정선,61508,광주 동구 용산2길 20,47223,조리 반찬류 소매업,44238,44238,1,1,계속,계속,6901601384,69016013840,47223,조리 반찬류 소매업
1894856,0,정희,61434,광주 동구 동명로20번길 20,56111,한식 일반 음식점업,44987,44987,3,3,계속,계속,6904001036,69040010360,56111,한식 일반 음식점업
1895062,0,트러스트 메디칼(Trust Medical),61421,광주 동구 독립로 338,46441,의약품 도매업,43584,43584,1,1,계속,계속,6906900208,69069002080,46441,의약품 도매업
1895223,0,유한회사 이남솔라,61471,광주 동구 금남로 167,72122,환경 관련 엔지니어링 서비스업,44470,44470,3,3,계속,계속,6908101868,69081018680,72122,환경 관련 엔지니어링 서비스업
1895782,0,주식회사 씨에스에스,61452,광주광역시 동구 조선대1길 17,58222,응용 소프트웨어 개발 및 공급업,45275,45275,1,1,계속,계속,6908802963,69088029630,58222,응용 소프트웨어 개발 및 공급업
1896104,0,파티바니,61484,광주 동구 중앙로160번길 18-2,46417,의복 액세서리 및 모조 장신구 도매업,44200,44200,2,2,계속,계속,6910901507,69109015070,46417,의복 액세서리 및 모조 장신구 도매업
1896126,0,옌타이,61449,광주 동구 지산로 9-5,56121,중식 음식점업,43630,43630,2,2,계속,계속,6911001288,69110012880,56121,중식 음식점업
1896646,0,세븐일레븐  광주대인송파점,61426,광주 동구 제봉로222번길 1,47122,체인화 편의점,45566,45566,8,7,계속,계속,6914801020,69148010200,47122,체인화 편의점
1897288,0,주식회사 와이어즈,61472,광주광역시 동구  금남로 193-22,71310,광고 대행업,43192,43192,1,1,계속,계속,6918700786,69187007860,71310,광고 대행업
1897576,0,이에스알엠(ESRM)영어학원,61508,광주 동구 용산1로 12,85631,외국어학원,44200,44200,2,2,계속,계속,6919101079,69191010790,85631,외국어학원
1898689,0,연정 유한회사,61493,광주광역시 동구 증심사길30번길 8,47419,기타 의복 소매업,45352,45352,2,2,계속,계속,6928101942,69281019420,47419,기타 의복 소매업
1899319,0,와이엠수학전문학원,61404,광주 동구 필문대로 50-1,85501,일반 교과 학원,44986,44986,2,2,계속,계속,6929900157,69299001570,85501,일반 교과 학원
1899618,0,에이치홀딩스,61487,광주광역시 동구 백서로125번길 34-2,47912,전자상거래 소매업,45845,45845,1,1,계속,계속,6931302469,69313024690,47912,전자상거래 소매업
1900749,0,유한회사베스트홀인원,61496,광주 동구 의재로96번길 7,55102,여관업,44927,44927,3,3,계속,계속,6938702363,69387023630,55102,여관업
1901213,0,이노프린팅,61487,광주 동구 문화전당로 19-1,18111,경 인쇄업,43570,43570,1,1,계속,계속,6940700916,69407009160,18111,경 인쇄업
1901556,0,씨유학동중앙점,61463,광주 동구 남문로 674,47122,체인화 편의점,43770,43770,2,2,계속,계속,6942400892,69424008920,47122,체인화 편의점
1902238,0,이마트24광주금남유탑점,61479,광주 동구 천변우로 361-21,47122,체인화 편의점,44761,44761,3,3,계속,계속,6948501970,69485019700,47122,체인화 편의점
1902300,0,주식회사와이엠의료산업,61510,광주 동구 화산로238번길 34-6,46592,의료기기 도매업,43110,43110,3,3,계속,계속,6948600925,69486009250,46592,의료기기 도매업
1902338,0,주식회사 검화건설,61477,광주 동구 독립로226번길 13-2,41999,건설업본사,43678,43678,3,4,계속,계속,6948601604,69486016040,41999,건설업본사
1902339,0,주식회사 검화건설,61477,광주 동구 독립로226번길 13-2,41119,기타 공동 주택 건설업,43789,43789,16,12,일괄유기,일괄유기,6948601604,69486016046,41119,기타 공동 주택 건설업
1902383,0,주식회사그린빌더(GreenBuilderInc.),61452,광주광역시 동구 조선대1길 17,72122,환경 관련 엔지니어링 서비스업,45567,45567,1,1,계속,계속,6948602660,69486026600,72122,환경 관련 엔지니어링 서비스업
1902433,0,(주)탑에코,61472,광주 동구 금남로 207,72129,기타 엔지니어링 서비스업,43709,43709,1,1,계속,계속,6948700145,69487001450,72129,기타 엔지니어링 서비스업
1902483,0,런치팩주식회사,61468,광주광역시 동구  서남로 14,58221,시스템 소프트웨어 개발 및 공급업,43273,43273,4,4,계속,계속,6948701163,69487011630,58221,시스템 소프트웨어 개발 및 공급업
1902692,0,창성데크주식회사,61490,광주 동구 제봉로17번길 13-6,75121,임시 및 일용 인력 공급업,44755,44755,3,3,계속,계속,6948802306,69488023060,75121,임시 및 일용 인력 공급업
1903076,0,짬뽕의신화광주충장점,61480,광주 동구 중앙로 163,56121,중식 음식점업,43800,43800,0,0,계속,계속,6951301258,69513012580,56121,중식 음식점업
1903088,0,중앙상회,61493,광주 동구 증심사길30번길 45,46312,"채소류, 서류 및 향신작물류 도매업",42390,42390,0,0,계속,계속,6951400256,69514002560,46312,"채소류, 서류 및 향신작물류 도매업"
1903291,0,남도쌈밥 롯데백화점광주점,61470,광주광역시 동구 독립로 268,56111,한식 일반 음식점업,45644,45644,3,3,계속,계속,6952501907,69525019070,56111,한식 일반 음식점업
1903452,0,초록마을용산지구점,61508,광주 동구 용산2길 5,47121,슈퍼마켓,44014,44014,1,1,계속,계속,6953900720,69539007200,47121,슈퍼마켓
1904231,1,주식회사 씨에프에스,61476,광주 동구 충장로  13-4,,,44136,,1,0,계속,,6958701808,69587018080,,
1904620,0,아라타,61430,광주 동구 동명로25번길 9-9,56129,기타 외국식 음식점업,44531,44531,2,2,계속,계속,6960302227,69603022270,56129,기타 외국식 음식점업
1905098,0,레드카펫,61482,광주 동구 금남로 246,56111,한식 일반 음식점업,45301,45301,1,1,계속,계속,6963001618,69630016180,56111,한식 일반 음식점업
1905255,0,보림당약국,61457,광주 동구 남문로 744-1,47811,의약품 및 의료용품 소매업,43808,43808,1,1,계속,계속,6964400431,69644004310,47811,의약품 및 의료용품 소매업
1905324,0,파머스마트,61497,광주광역시 동구  학소로 109,47121,슈퍼마켓,43466,43466,1,1,계속,계속,6965400084,69654000840,47121,슈퍼마켓
1906322,0,광주대지부러쉬,61496,광주 동구 학소로76번길 18,46799,그 외 기타 상품 전문 도매업,44044,44044,1,1,계속,계속,6970201087,69702010870,46799,그 외 기타 상품 전문 도매업
1906585,0,일등건설중기,61489,광주 동구 양림로119번길 7,42600,건설장비 운영업,42964,42964,1,1,계속,계속,6971400233,69714002330,42600,건설장비 운영업
1906692,0,조은안전산업,61418,광주 동구 무등로 456,46799,그 외 기타 상품 전문 도매업,44354,44354,1,1,계속,계속,6972001169,69720011690,46799,그 외 기타 상품 전문 도매업
1907048,0,온닷,61475,광주 동구 금남로 245,58212,모바일 게임 소프트웨어 개발 및 공급업,43587,43587,1,1,계속,계속,6975200399,69752003990,58212,모바일 게임 소프트웨어 개발 및 공급업
1907164,0,컴포즈커피내남진아리채점,61514,광주광역시 동구 육판서길 16,56221,커피 전문점,45292,45292,6,6,계속,계속,6977200418,69772004180,56221,커피 전문점
1907818,0,주식회사오승이엔씨,61419,광주광역시 동구 중흥로 219-17,72111,건축설계 및 관련 서비스업,44487,44487,4,4,계속,계속,6978802514,69788025140,72111,건축설계 및 관련 서비스업
1908324,0,바우플랜건축사사무소,61478,광주광역시 동구 천변우로 339,72111,건축설계 및 관련 서비스업,45302,45302,1,1,계속,계속,6981402383,69814023830,72111,건축설계 및 관련 서비스업
1908772,0,벌크커피 금남로점,61474,광주 동구 예술길 21,56221,커피 전문점,45671,45671,2,2,계속,계속,6985800827,69858008270,56221,커피 전문점
1909087,0,사단법인지산유원지상인회,61447,광주광역시 동구 지호로160번길10,94990,그 외 기타 협회 및 단체,42114,42114,1,1,계속,계속,6988200045,69882000450,94990,그 외 기타 협회 및 단체
1909400,0,(주)무들주택,61504,광주광역시 동구  화산로 355,68121,주거용 건물 개발 및 공급업,44713,44713,1,1,계속,계속,6988702204,69887022040,68121,주거용 건물 개발 및 공급업
1909887,0,포토이즘광주,61465,광주 동구 제봉로 114,73301,인물사진 및 행사용 영상 촬영업,44962,44962,1,1,계속,계속,6991001642,69910016420,73301,인물사진 및 행사용 영상 촬영업
1910007,0,포토이즘컬러드광주동명점,61434,광주광역시 동구 동계천로 123,73303,사진 처리업,45077,45077,1,1,계속,계속,6991602148,69916021480,73303,사진 처리업
1910158,0,이마트24 조대백학사점,61452,광주 동구 조선대6길 30,47122,체인화 편의점,44896,44896,1,1,계속,계속,6992501175,69925011750,47122,체인화 편의점
1910206,0,법무사,61427,광주 동구 제봉로194번길 5-9,71103,법무사업,44242,44242,1,1,계속,계속,6992800973,69928009730,71103,법무사업
1910217,0,등뼈감자탕&등갈비,61499,광주광역시 동구 남문로 589,56111,한식 일반 음식점업,45206,45206,6,6,계속,계속,6992901436,69929014360,56111,한식 일반 음식점업
1910542,0,라이크(like) 카페,61401,광주광역시 동구 무등로307번길 20-49,56221,커피 전문점,45629,45629,1,1,계속,계속,6997800454,69978004540,56221,커피 전문점
1910714,0,주식회사다산바이오텍,61452,광주광역시 동구 조선대1길 17,21212,합성의약품 및 기타 완제 의약품 제조업,45200,45200,2,2,계속,계속,6998103015,69981030150,21212,합성의약품 및 기타 완제 의약품 제조업
1910809,0,(주)트러스트투,61478,광주광역시 동구 천변우로 339,41999,건설업본사,42278,42278,11,11,계속,계속,6998600240,69986002400,41999,건설업본사
1911128,0,주식회사우단종합상사,61445,광주광역시 동구  동명로98번길 6,46452,"문구용품, 회화용품, 사무용품 도매업",42431,42431,1,1,계속,계속,6998800282,69988002820,46452,"문구용품, 회화용품, 사무용품 도매업"
1911392,0,러브베비,61477,광주광역시 동구 충장로 14,47599,그 외 기타 분류 안된 가정용품 소매업,45125,45125,1,1,계속,계속,7010200844,70102008440,47599,그 외 기타 분류 안된 가정용품 소매업
1912118,0,광주조경건설,61402,광주 동구 중앙로  358,41226,조경 건설업,45176,45176,1,0,일괄유기,일괄유기,7015100842,70151008426,41226,조경 건설업
1912329,0,주식회사태영무한리코,61497,광주광역시 동구 학소로 109,68122,비주거용 건물 개발 및 공급업,45047,45047,1,1,계속,계속,7018101168,70181011680,68122,비주거용 건물 개발 및 공급업
1912495,0,(유)불로,61488,광주 동구 서석로 24,71531,경영 컨설팅업,42395,42395,4,4,계속,계속,7018600048,70186000480,71531,경영 컨설팅업
1913690,0,스시코메루,61436,광주 동구 장동로 5-5,56122,일식 음식점업,44714,44714,1,1,계속,계속,7023900784,70239007840,56122,일식 음식점업
1916388,0,모다인패션디자인학원,61482,광주 동구 중앙로 182,85669,기타 기술 및 직업훈련학원,43866,43866,2,3,계속,계속,7039201030,70392010300,85669,기타 기술 및 직업훈련학원
1916514,0,언더514,61483,광주 동구 중앙로160번길 11,47419,기타 의복 소매업,44256,44256,1,1,계속,계속,7040302187,70403021870,47419,기타 의복 소매업
1916589,0,컴포즈커피충장로점,61482,광주 동구 충장로 103,56221,커피 전문점,44886,44886,8,8,계속,계속,7040602500,70406025000,56221,커피 전문점
1916941,0,법무사노기형사무소,61475,광주 동구 중앙로196번길 15-4,71103,법무사업,44287,44287,5,5,계속,계속,7042601101,70426011010,71103,법무사업
1917316,0,장봐주는언니 센트럴점,61424,광주광역시 동구 경양로 234,47129,기타 음ㆍ식료품 위주 종합 소매업,45901,45901,4,4,계속,계속,7047400651,70474006510,47129,기타 음ㆍ식료품 위주 종합 소매업
1918215,0,기웃,61436,광주광역시 동구 장동로 13-3,56122,일식 음식점업,45778,45778,4,4,계속,계속,7050403231,70504032310,56122,일식 음식점업
1918488,1,한솔홈인테리어,61421,광주광역시 동구 무등로306번길 25-1,,,45385,,1,0,일괄유기,,7051702120,70517021206,,
1918732,0,패스투웨이,61436,광주광역시 동구 동계천로 150,58222,응용 소프트웨어 개발 및 공급업,45839,45839,4,4,계속,계속,7053501431,70535014310,58222,응용 소프트웨어 개발 및 공급업
1918784,0,미래로약국,61502,광주 동구 소태길 1,46441,의약품 도매업,44420,44420,1,1,계속,계속,7054100729,70541007290,46441,의약품 도매업
1918851,0,청담젠의원,61482,광주광역시 동구 금남로 224,86201,일반 의원,45717,45717,24,24,계속,계속,7055100922,70551009220,86201,일반 의원
1919041,0,주식회사씨에스유,61452,광주 동구 조선대길 184,46315,"신선, 냉동 및 기타 수산물 도매업",42095,42095,1,1,계속,계속,7058100045,70581000450,46315,"신선, 냉동 및 기타 수산물 도매업"
1919973,0,틸트틸트,61430,광주 동구 동계로15번길 22,56111,한식 일반 음식점업,44986,44986,3,3,계속,계속,7060702366,70607023660,56111,한식 일반 음식점업
1920904,0,민들레일시보호소,61443,광주 동구 밤실로4번안길 2,87131,아동 및 부녀자 거주 복지시설 운영업,44575,44575,7,7,계속,계속,7068200443,70682004430,87131,아동 및 부녀자 거주 복지시설 운영업
1920949,0,법무법인에이치에스(광주),61441,광주 동구 지산로 70,71101,변호사업,45231,45231,2,2,계속,계속,7068502520,70685025200,71101,변호사업
1921112,0,주식회사 유민건설,61496,광주광역시 동구 학소로76번길 11,41999,건설업본사,45609,45609,2,2,계속,계속,7068603579,70686035790,41999,건설업본사
1921113,0,주식회사 유민건설/건설일괄,61496,광주 동구 학소로76번길 11,42412,"도배, 실내장식 및 내장 목공사업",45831,45831,2,2,일괄유기,일괄유기,7068603579,70686035796,42412,"도배, 실내장식 및 내장 목공사업"
1921263,0,주식회사 피스풀하우스,61434,광주광역시 동구 동명로14번길 11,56221,커피 전문점,45778,45778,3,3,계속,계속,7068703009,70687030090,56221,커피 전문점
1921670,0,차오르면,61436,광주 동구 장동로43번길 14,56123,서양식 음식점업,44352,44352,1,1,계속,계속,7070801519,70708015190,56123,서양식 음식점업
1921868,0,비1(B1)코인노래연습장,61436,광주 동구 제봉로110번길 17,91223,노래연습장 운영업,45292,45292,5,5,계속,계속,7071801861,70718018610,91223,노래연습장 운영업
1922191,0,아트싸인,61406,광주 동구 무등로 449,33910,간판 및 광고물 제조업,43892,43892,1,1,계속,계속,7074300281,70743002810,33910,간판 및 광고물 제조업
1923120,0,주식회사 이김,61484,광주 동구 서석로 9,47415,한복 소매업,44807,44807,1,1,계속,계속,7078802427,70788024270,47415,한복 소매업
1923711,0,육체미,61448,광주 동구 필문대로273번길 29,91132,체력단련시설 운영업,44866,44866,1,1,계속,계속,7082400963,70824009630,91132,체력단련시설 운영업
1923809,0,물고기커피로스터스,61466,광주 동구 장동로 34,56221,커피 전문점,44999,44999,1,1,계속,계속,7083101107,70831011070,56221,커피 전문점
1923831,0,모디스트하우스(Modesthouse),61405,광주 동구 필문대로 108,14199,그 외 기타 봉제의복 제조업,45017,45017,1,1,계속,계속,7083301208,70833012080,14199,그 외 기타 봉제의복 제조업
1923873,0,동화리프트,61410,광주광역시 동구 밤실로 100,41999,건설업본사,45200,45200,2,2,계속,계속,7083700828,70837008280,41999,건설업본사
1924636,0,디지털메딕 주식회사,61487,광주광역시 동구 백서로125번길 34-2,58222,응용 소프트웨어 개발 및 공급업,44602,44602,12,11,계속,계속,7088702554,70887025540,58222,응용 소프트웨어 개발 및 공급업
1924763,0,(유)어바인산업개발,61429,광주 동구 중앙로  248,41999,건설업본사,43891,43891,7,7,계속,계속,7088801436,70888014360,41999,건설업본사
1925535,0,퍼피마미충장점,61482,광주 동구 금남로 218-9,96112,두발 미용업,44564,44564,1,1,계속,계속,7093300556,70933005560,96112,두발 미용업
1927112,0,디자인채널1025,61422,광주 동구 중흥로 244-1,42412,"도배, 실내장식 및 내장 목공사업",43875,43875,1,1,일괄유기,일괄유기,7102600975,71026009756,42412,"도배, 실내장식 및 내장 목공사업"
1928067,0,주식회사상생플랫폼,61479,광주광역시 동구  천변우로 351,58221,시스템 소프트웨어 개발 및 공급업,44075,44075,2,2,계속,계속,7108701956,71087019560,58221,시스템 소프트웨어 개발 및 공급업
1928403,0,이디야커피광주학동점,61454,광주광역시 동구 남문로 760,56221,커피 전문점,43739,43739,1,1,계속,계속,7110101237,71101012370,56221,커피 전문점
1928422,0,지에스(GS)25학동중앙점,61489,광주광역시 동구 양림로119번길 15,47122,체인화 편의점,45355,45355,6,6,계속,계속,7110103050,71101030500,47122,체인화 편의점
1928479,0,이올레(IOLE),61482,광주 동구 충장로 95-1,46492,시계 및 귀금속제품 도매업,44931,44931,1,1,계속,계속,7110401238,71104012380,46492,시계 및 귀금속제품 도매업
1928781,0,라이드올스테이카페클럽,61429,광주 동구 중앙로252번길 15,56221,커피 전문점,44835,44835,1,1,계속,계속,7111701640,71117016400,56221,커피 전문점
1928975,0,역전할머니맥주,61487,광주 동구 백서로125번길 46,56219,기타 주점업,44532,44532,1,1,계속,계속,7113001163,71130011630,56219,기타 주점업
1930210,0,포토이즘박스광주동명점,61434,광주 동구 동계천로 129-3,91299,그 외 기타 분류 안된 오락관련 서비스업,44744,44744,1,1,계속,계속,7120501825,71205018250,91299,그 외 기타 분류 안된 오락관련 서비스업
1930290,0,파스쿠찌광주충장점,61487,광주 동구 서석로 38-1,56221,커피 전문점,43831,43831,8,8,계속,계속,7120900969,71209009690,56221,커피 전문점
1930513,0,팀준핏,61406,광주 동구 필문대로 136,91132,체력단련시설 운영업,44593,44593,1,1,계속,계속,7122101000,71221010000,91132,체력단련시설 운영업
1931064,0,(주)셀디,61448,광주 동구 필문대로 253,71531,경영 컨설팅업,43132,43132,1,1,계속,계속,7128100932,71281009320,71531,경영 컨설팅업
1931065,0,(주)셀디,61448,광주 동구 필문대로 253,42412,"도배, 실내장식 및 내장 목공사업",43192,43192,1,1,일괄유기,일괄유기,7128100932,71281009326,42412,"도배, 실내장식 및 내장 목공사업"
1931113,0,비와이주식회사,61462,광주 동구 학소로 126-10,46592,의료기기 도매업,44200,44200,2,2,계속,계속,7128102037,71281020370,46592,의료기기 도매업
1931394,0,유한회사제이씨물류,61514,광주광역시 동구 남문로 307,49301,일반 화물자동차 운송업,45028,45028,2,2,계속,계속,7128603012,71286030120,49301,일반 화물자동차 운송업
1932556,0,퍼즈(PUZ),61429,광주 동구 중앙로  248,46463,"장난감 및 취미, 오락용품 도매업",45505,45505,1,1,계속,계속,7135400851,71354008510,46463,"장난감 및 취미, 오락용품 도매업"
1933736,0,GS25광주동명로점,61430,광주 동구 동계천로 111,47122,체인화 편의점,45851,45851,4,4,계속,계속,7141102874,71411028740,47122,체인화 편의점
1933852,0,포카포카,61430,광주 동구 동명로25번길 11,56111,한식 일반 음식점업,44563,44563,9,9,계속,계속,7141801520,71418015200,56111,한식 일반 음식점업
1935051,0,(주)승덕팜,61421,광주 동구 독립로 338,46441,의약품 도매업,44621,44621,5,5,계속,계속,7148802309,71488023090,46441,의약품 도매업
1935497,0,텐퍼센트커피광주충장로점,61487,광주 동구 서석로 46,56221,커피 전문점,45171,45171,3,3,계속,계속,7151402354,71514023540,56221,커피 전문점
1936087,0,울림,61459,광주 동구 의재로33번길 19,56123,서양식 음식점업,43121,43121,2,2,계속,계속,7157900165,71579001650,56123,서양식 음식점업
1936157,0,주식회사 컬쳐플래닛,61429,광주광역시 동구 동계천로95번길 1,73209,"패션, 섬유류 및 기타 전문 디자인업",42737,42737,7,7,계속,계속,7158100436,71581004360,73209,"패션, 섬유류 및 기타 전문 디자인업"
1936434,0,(주)홈이너스,61487,광주 동구 백서로125번길 34-2,58221,시스템 소프트웨어 개발 및 공급업,43675,43675,11,10,계속,계속,7158601406,71586014060,58221,시스템 소프트웨어 개발 및 공급업
1936895,0,믿음치과기공소,61477,광주광역시 동구 충장로22번길 8-23,27192,치과기공물 제조업,45663,45663,2,2,계속,계속,7159701964,71597019640,27192,치과기공물 제조업
1937358,0,우리드론,61452,광주 동구 조선대1길 17,85669,기타 기술 및 직업훈련학원,45988,45988,1,1,계속,계속,7162201237,71622012370,85669,기타 기술 및 직업훈련학원
1937724,0,코너베이크샵,61436,광주광역시 동구  백서로 225-1,56150,제과점업,43556,43556,1,1,계속,계속,7166100241,71661002410,56150,제과점업
1938632,0,유선옥,61409,광주 동구 갈마로 52,56111,한식 일반 음식점업,43195,43195,1,1,계속,계속,7170201208,71702012080,56111,한식 일반 음식점업
1938941,0,세미 AI,61472,광주 동구 금남로 193-22,58221,시스템 소프트웨어 개발 및 공급업,44414,44414,1,1,계속,계속,7171701589,71717015890,58221,시스템 소프트웨어 개발 및 공급업
1939014,0,바론테일러광주점,61484,광주 동구 서석로 3,46413,남녀용 겉옷 및 셔츠 도매업,44931,44931,1,1,계속,계속,7172201619,71722016190,46413,남녀용 겉옷 및 셔츠 도매업
1939039,0,파리바게뜨광주계림센트럴점,61424,광주 동구 경양로  234,56150,제과점업,44927,44927,6,6,계속,계속,7172401423,71724014230,56150,제과점업
1939056,0,리얼펍 산수점,61430,광주광역시 동구 동계로 17-1,56213,생맥주 전문점,45474,45474,7,7,계속,계속,7172501885,71725018850,56213,생맥주 전문점
1939063,0,변호사김민표법률사무소,61441,광주 동구 지산로78번길 11,71101,변호사업,43831,43831,2,2,계속,계속,7172600660,71726006600,71101,변호사업
1939176,0,시간의문 광주점,61483,광주광역시 동구 중앙로160번길 15-3,91229,기타 오락장 운영업,45474,45474,5,5,계속,계속,7173501190,71735011900,91229,기타 오락장 운영업
1940049,0,주식회사 흥학관,61487,광주광역시 동구 문화전당로35번길 8,56221,커피 전문점,45962,45962,2,2,계속,계속,7178703479,71787034790,56221,커피 전문점
1940051,0,(주)햇살조은,61455,광주 동구 남문로753번길 20,68129,기타 부동산 개발 및 공급업,42339,42339,0,0,계속,계속,7178800052,71788000520,68129,기타 부동산 개발 및 공급업
1940185,0,중앙미용학원,61481,광주 동구 중앙로 185,85669,기타 기술 및 직업훈련학원,42248,42248,1,1,계속,계속,7179000088,71790000880,85669,기타 기술 및 직업훈련학원
1940987,0,빨간코끼리산수점,61406,광주 동구 필문대로 170-1,96112,두발 미용업,44378,44378,1,1,계속,계속,7184600680,71846006800,96112,두발 미용업
1941549,0,주식회사 숲으로,61479,광주광역시 동구 구성로148번길 10-2,68221,부동산 중개 및 대리업,45374,45374,1,1,계속,계속,7188602549,71886025490,68221,부동산 중개 및 대리업
1942007,0,연어쁘다,61434,광주 동구 동계천로 163,56122,일식 음식점업,45962,45962,4,4,계속,계속,7190103660,71901036600,56122,일식 음식점업
1942191,0,빅스비,61449,광주 동구 필문대로273번길 32,58222,응용 소프트웨어 개발 및 공급업,44452,44452,1,1,계속,계속,7190901275,71909012750,58222,응용 소프트웨어 개발 및 공급업
1942275,0,전국버스폰,61482,광주 동구 금남로 248,47312,통신기기 소매업,42572,42572,1,1,계속,계속,7191300609,71913006090,47312,통신기기 소매업
1942345,0,동궁찜닭조선대점,61449,광주 동구 필문대로273번길 30-3,56111,한식 일반 음식점업,45108,45108,1,4,계속,계속,7191701061,71917010610,56111,한식 일반 음식점업
1944039,0,비에이치씨(bhc)치킨,61448,광주 동구 지산로 29,56162,치킨 전문점,42459,42459,1,1,계속,계속,7201600274,72016002740,56162,치킨 전문점
1944104,0,다온종합상사,61477,광주광역시 동구 충장로 2,47842,"기념품, 관광 민예품 및 장식용품 소매업",45474,45474,1,1,계속,계속,7201902195,72019021950,47842,"기념품, 관광 민예품 및 장식용품 소매업"
1944270,0,엔케이전기통신,61440,광주 동구 필문대로205번길 12-1,42322,내부 통신배선 공사업,44318,44318,6,6,일괄유기,일괄유기,7203201045,72032010456,42322,내부 통신배선 공사업
1944774,0,주식회사 포브릿지,61482,광주광역시 동구 금남로 236,73201,인테리어 디자인업,45566,45566,1,1,계속,계속,7208103245,72081032450,73201,인테리어 디자인업
1945956,0,벨몬트(Belmont),61494,광주 동구 의재로136번길 2-13,56229,기타 비알코올 음료점업,45108,45108,1,1,계속,계속,7212901354,72129013540,56229,기타 비알코올 음료점업
1946405,0,(주)승리탁송,61452,광주광역시 동구 조선대1길 17,52999,그 외 기타 분류 안된 운송 관련 서비스업,45201,45201,1,1,계속,계속,7218101901,72181019010,52999,그 외 기타 분류 안된 운송 관련 서비스업
1947499,0,삼화기획,61487,광주 동구 문화전당로23번길 3,18119,기타 인쇄업,45362,45362,1,1,계속,계속,7222100221,72221002210,18119,기타 인쇄업
1947946,0,섬마을횟집,61418,광주 동구 경양로379번길 3,56111,한식 일반 음식점업,43895,43895,1,1,계속,계속,7227500281,72275002810,56111,한식 일반 음식점업
1948561,0,주식회사쓰리포,61487,광주 동구 문화전당로35번길 16-4,56219,기타 주점업,43253,43253,1,1,계속,계속,7228800729,72288007290,56219,기타 주점업
1948890,0,삼평식당,61436,광주 동구 장동로 23-33,56111,한식 일반 음식점업,44198,44198,4,4,계속,계속,7230602025,72306020250,56111,한식 일반 음식점업
1949075,0,더블유스튜디오,61480,광주 동구 중앙로 171,73301,인물사진 및 행사용 영상 촬영업,42552,42552,3,3,계속,계속,7231500238,72315002380,73301,인물사진 및 행사용 영상 촬영업
1950553,0,스튜디오 워크(studio work),61451,광주광역시 동구 지호로 56,73201,인테리어 디자인업,45767,45767,1,1,계속,계속,7240203164,72402031640,73201,인테리어 디자인업
1950798,0,로이드,61480,광주 동구 중앙로 163,47830,시계 및 귀금속 소매업,44911,44911,1,1,계속,계속,7241301444,72413014440,47830,시계 및 귀금속 소매업
1951181,0,인아웃룸,61483,광주 동구 서석로 41-1,96112,두발 미용업,44802,44802,1,1,계속,계속,7243900940,72439009400,96112,두발 미용업
1951294,0,이자와충장로점,61482,광주 동구 충장로 91-1,56111,한식 일반 음식점업,42832,42832,0,0,계속,계속,7245300174,72453001740,56111,한식 일반 음식점업
1951529,0,주식회사휴테크건설,61444,광주 동구 밤실로 11-10,41999,건설업본사,43983,43983,1,1,계속,계속,7248101782,72481017820,41999,건설업본사
1952366,0,위니아24크린샵광주학동점&공간카페,61489,광주 동구 양림로119번길 15-1,96912,가정용 세탁업,44767,44767,1,1,계속,계속,7250702159,72507021590,96912,가정용 세탁업
1952724,0,귀감,61436,광주 동구 장동로 9-1,56111,한식 일반 음식점업,45748,45748,1,1,계속,계속,7252501979,72525019790,56111,한식 일반 음식점업
1953063,0,로엘드마리,61499,광주광역시 동구 남문로 589,47912,전자상거래 소매업,45908,45908,3,3,계속,계속,7256000520,72560005200,47912,전자상거래 소매업
1953230,0,유한회사데레사,61508,광주 동구 화산로 257,68212,비주거용 부동산 관리업,44170,44170,1,2,계속,계속,7258100942,72581009420,68212,비주거용 부동산 관리업
1953355,0,사단법인십자가사랑세계선교센터,61474,광주 동구 제봉로 149,94912,기독교 단체,43102,43102,1,1,계속,계속,7258200143,72582001430,94912,기독교 단체
1953431,0,주식회사 아승,61407,광주 동구 필문대로153번길 3,47711,운송장비용 주유소 운영업,42583,42583,3,3,계속,계속,7258600194,72586001940,47711,운송장비용 주유소 운영업
1953537,0,주식회사씨클래프,61465,광주광역시 동구 제봉로82번길 13-14,58222,응용 소프트웨어 개발 및 공급업,45720,45720,1,1,계속,계속,7258603100,72586031000,58222,응용 소프트웨어 개발 및 공급업
1953920,0,삼광수산,61490,광주 동구 제봉로17번길 12-21,47214,"신선, 냉동 및 기타 수산물 소매업",44987,44987,1,1,계속,계속,7259601682,72596016820,47214,"신선, 냉동 및 기타 수산물 소매업"
1954628,0,초아조경,61513,광주 동구 육판서길 173,41229,기타 토목시설물 건설업,43361,43901,1,1,일괄유기,일괄유기,7264300190,72643001906,41229,기타 토목시설물 건설업
1954955,0,시원주식회사,61478,광주 동구 천변우로 339,47812,의료용 기구 소매업,43831,43831,3,3,계속,계속,7268101662,72681016620,47812,의료용 기구 소매업
1955368,0,주식회사제이피에이리츠,61469,광주 동구 제봉로 8,75999,그 외 기타 분류 안된 사업지원 서비스업,43678,43678,1,1,계속,계속,7268701024,72687010240,75999,그 외 기타 분류 안된 사업지원 서비스업
1955377,0,주식회사힌솔,61419,광주 동구 중흥로213번길 16-17,75121,임시 및 일용 인력 공급업,44409,44409,4,3,계속,계속,7268701306,72687013060,75121,임시 및 일용 인력 공급업
1955786,0,소코아 동명점,61434,광주광역시 동구 동계천로 123,56111,한식 일반 음식점업,45680,45680,1,1,계속,계속,7270402931,72704029310,56111,한식 일반 음식점업
1956023,0,법무사 오삼환 사무소,61443,광주 동구 밤실로 20-1,71103,법무사업,42944,42944,1,1,계속,계속,7271500619,72715006190,71103,법무사업
1956060,0,꿀피부,61415,광주 동구 동계로 27,96113,피부 미용업,43801,43801,0,0,계속,계속,7271701077,72717010770,96113,피부 미용업
1956128,0,나향미세무회계,61473,광주 동구 중앙로 207-7,71202,세무사업,45293,45293,2,2,계속,계속,7272001970,72720019700,71202,세무사업
1956248,0,피자스쿨조대점,61467,광주 동구 장동로 54,56161,"피자, 햄버거, 샌드위치 및 유사 음식점업",42917,42917,1,1,계속,계속,7272900289,72729002890,56161,"피자, 햄버거, 샌드위치 및 유사 음식점업"
1957469,0,더블유유통산수점,61417,광주 동구 경양로 349,47121,슈퍼마켓,43282,43282,1,1,계속,계속,7280201187,72802011870,47121,슈퍼마켓
1957556,0,스튜디오33고시텔,61448,광주 동구 지산로 33,55901,기숙사 및 고시원 운영업,44348,44348,1,1,계속,계속,7280601638,72806016380,55901,기숙사 및 고시원 운영업
1957873,0,오버롤,61434,광주 동구 동계천로 135-6,56123,서양식 음식점업,43832,43832,3,3,계속,계속,7282400803,72824008030,56123,서양식 음식점업
1957915,0,티에이치방재이엔지,61434,광주 동구 동명로 42,72129,기타 엔지니어링 서비스업,44714,44714,3,3,계속,계속,7282701268,72827012680,72129,기타 엔지니어링 서비스업
1958264,0,경양카츠 광주점,61484,광주 동구 중앙로160번길 16-8,56111,한식 일반 음식점업,43138,43138,8,8,계속,계속,7286800184,72868001840,56111,한식 일반 음식점업
1958265,0,42(사십이),61465,광주 동구 제봉로110번길 7,56213,생맥주 전문점,43945,43945,1,1,계속,계속,7286800336,72868003360,56213,생맥주 전문점
1959781,0,블래스,61448,광주 동구 필문대로253번길 6,56221,커피 전문점,45720,45720,1,1,계속,계속,7294500193,72945001930,56221,커피 전문점
1959896,0,대광디자인,61422,광주 동구 중흥로  232,42499,그 외 기타 건축 마무리 공사업,45432,45432,1,1,일괄유기,일괄유기,7296000352,72960003526,42499,그 외 기타 건축 마무리 공사업
1960422,0,주식회사엠케이철강산업,61488,광주 동구 천변우로 453,46721,1차 금속제품 도매업,43003,43003,0,0,계속,계속,7298700121,72987001210,46721,1차 금속제품 도매업
1960838,0,제이제이통신,61490,광주 동구 제봉로17번길 12-3,47912,전자상거래 소매업,44851,44851,1,1,계속,계속,7300202457,73002024570,47912,전자상거래 소매업
1960950,0,투탑스기구필라테스&PT 교대점,61404,광주 동구 무등로375번길 24,85612,기타 스포츠 교육기관,45474,45474,1,1,계속,계속,7300702113,73007021130,85612,기타 스포츠 교육기관
1961410,0,리본디자인스튜디오,61431,광주광역시 동구 동계천로 84,41999,건설업본사,45778,45778,1,1,계속,계속,7303901191,73039011910,41999,건설업본사
1961942,0,유한회사카이엔,61429,광주 동구 동계천로85번길 10-1,68221,부동산 중개 및 대리업,44621,44621,1,1,계속,계속,7308601410,73086014100,68221,부동산 중개 및 대리업
1962315,0,주식회사 고치고,61402,광주광역시 동구 중앙로 358,41999,건설업본사,45873,45873,3,3,계속,계속,7308803391,73088033910,41999,건설업본사
1962343,0,화사해,61436,광주 동구 장동로 23-30,47851,화초 및 식물 소매업,44077,44077,1,1,계속,계속,7309101317,73091013170,47851,화초 및 식물 소매업
1962427,0,이디야광주충파점,61482,광주 동구 중앙로 180,56221,커피 전문점,43800,43800,1,1,계속,계속,7310101793,73101017930,56221,커피 전문점
1962502,0,밀물,61436,광주 동구 백서로 221,56219,기타 주점업,43891,43891,0,0,계속,계속,7310401566,73104015660,56219,기타 주점업
1962827,0,버터북광주점,61434,광주광역시 동구 동계천로 159-11,56229,기타 비알코올 음료점업,45415,45415,7,7,계속,계속,7311901895,73119018950,56229,기타 비알코올 음료점업
1962993,0,이본 한복 광주점,61484,광주광역시 동구 서석로 3,76292,의류 임대업,45931,45931,4,4,계속,계속,7313001944,73130019440,76292,의류 임대업
1963008,0,페리카나치킨,61500,광주 동구 남문로 592,56162,치킨 전문점,45025,45025,1,1,계속,계속,7313200541,73132005410,56162,치킨 전문점
1963074,0,대호인테리어,61410,광주 동구 밤실로136번길 8-18,41999,건설업본사,44622,44622,1,1,계속,계속,7313700736,73137007360,41999,건설업본사
1963201,0,일심ENG,61434,광주 동구 동명로14번길 5-2,41999,건설업본사,43631,43631,1,1,계속,계속,7315400465,73154004650,41999,건설업본사
1963220,0,메가엠지씨커피 남광주시장점,61489,광주 동구 양림로 125,56111,한식 일반 음식점업,44622,44622,5,5,계속,계속,7315700393,73157003930,56111,한식 일반 음식점업
1963320,0,붙임머리모든MODEN,61450,광주 동구 지산로 46,96112,두발 미용업,45742,45742,1,1,계속,계속,7317900513,73179005130,96112,두발 미용업
1963573,0,법무법인태유(광주분사무소),61441,광주 동구 지산로 74-8,71101,변호사업,44762,44762,2,2,계속,계속,7318502185,73185021850,71101,변호사업
1964274,0,승주네아구랑생태랑,61423,광주 동구 경양로 257,56111,한식 일반 음식점업,44263,44263,1,1,계속,계속,7320500169,73205001690,56111,한식 일반 음식점업
1964699,0,놀디스튜디오,61468,광주광역시 동구 서남동(서석동),73203,시각 디자인업,44044,44044,1,1,계속,계속,7322700759,73227007590,73203,시각 디자인업
1964723,0,난타5000 계림점,61426,광주광역시 동구 동계천로6번길 8,56161,"피자, 햄버거, 샌드위치 및 유사 음식점업",45611,45611,1,1,계속,계속,7322801814,73228018140,56161,"피자, 햄버거, 샌드위치 및 유사 음식점업"
1965044,0,빽보이피자광주동구점,61416,광주광역시 동구 동계로 38,56161,"피자, 햄버거, 샌드위치 및 유사 음식점업",45642,45642,1,1,계속,계속,7326400676,73264006760,56161,"피자, 햄버거, 샌드위치 및 유사 음식점업"
1965072,0,아이오,61483,광주광역시 동구 중앙로160번길 15-7,47419,기타 의복 소매업,45413,45413,1,1,계속,계속,7326900502,73269005020,47419,기타 의복 소매업
1966240,0,버거리 광주동명동점,61436,광주 동구 동명로 8,56161,"피자, 햄버거, 샌드위치 및 유사 음식점업",45271,45271,5,5,계속,계속,7331002709,73310027090,56161,"피자, 햄버거, 샌드위치 및 유사 음식점업"
1966497,0,삼성약국,61454,광주 동구 남문로744번길 27,47811,의약품 및 의료용품 소매업,44805,44805,5,5,계속,계속,7332601394,73326013940,47811,의약품 및 의료용품 소매업
1966507,0,배스킨라빈스광주계림센트럴점,61422,광주 동구 경양로 237,56191,김밥 및 기타 간이 음식점업,44562,44562,2,2,계속,계속,7332701256,73327012560,56191,김밥 및 기타 간이 음식점업
1967589,0,주식회사 별우컴퍼니,61468,광주광역시 동구 서남로 14,47912,전자상거래 소매업,44501,44501,3,3,계속,계속,7338803099,73388030990,47912,전자상거래 소매업
1968023,0,퍼스트서류대행,61441,광주 동구 지산로78번길 5-1,75919,기타 사무지원 서비스업,45323,45323,2,2,계속,계속,7341602039,73416020390,75919,기타 사무지원 서비스업
1968897,0,주식회사양산산업개발,61405,광주 동구 참판로 24,46699,그 외 기타 건축자재 도매업,42552,42552,2,2,계속,계속,7348600368,73486003680,46699,그 외 기타 건축자재 도매업
1969030,0,주식회사메타헬스랩,61452,광주광역시 동구 조선대1길 17,58221,시스템 소프트웨어 개발 및 공급업,45481,45481,1,1,계속,계속,7348603268,73486032680,58221,시스템 소프트웨어 개발 및 공급업
1969768,0,골드브라운호텔,61487,광주 동구 백서로125번길 32-5,55102,여관업,44517,44517,1,1,계속,계속,7351501768,73515017680,55102,여관업
1969860,0,텐퍼센트 전남대 병원점,61487,광주광역시 동구 문화전당로 1,56221,커피 전문점,45413,45413,1,1,계속,계속,7352102152,73521021520,56221,커피 전문점
1970264,0,지코바치킨 산수동점,61416,광주광역시 동구 동계로 38,56162,치킨 전문점,45352,45352,1,1,계속,계속,7356300625,73563006250,56162,치킨 전문점
1970362,0,계림노인주간보호센터,61417,광주 동구 무등로 412,87299,그 외 기타 비거주 복지 서비스업,44562,44562,12,12,계속,계속,7358002386,73580023860,87299,그 외 기타 비거주 복지 서비스업
1970532,0,창신텍주식회사,61490,광주광역시 동구 제봉로17번길 13-6,75994,포장 및 충전업,45632,45632,1,1,일괄계속,계속,7358103591,73581035910,75994,포장 및 충전업
1970621,0,주식회사시연,61480,광주 동구 구성로152번길 5,46443,화장품 및 화장용품 도매업,42370,42370,0,0,계속,계속,7358600304,73586003040,46443,화장품 및 화장용품 도매업
1970625,0,에스에스파워텍(주),61482,광주 동구 금남로 238,75999,그 외 기타 분류 안된 사업지원 서비스업,43587,43587,1,1,계속,계속,7358600449,73586004490,75999,그 외 기타 분류 안된 사업지원 서비스업
1970707,0,(주)씨에이치엠,61493,광주 동구 의재로 221,41999,건설업본사,45257,45257,1,1,계속,계속,7358602108,73586021080,41999,건설업본사
1970895,0,주식회사메리핸드,61472,광주광역시 동구  금남로 193-22,27199,그 외 기타 의료용 기기 제조업,44805,44805,5,5,계속,계속,7358702726,73587027260,27199,그 외 기타 의료용 기기 제조업
1971199,0,씨앤엑스,61488,광주 동구 서석로10번길 3,47412,여자용 겉옷 소매업,43993,43993,1,1,계속,계속,7360300736,73603007360,47412,여자용 겉옷 소매업
1971371,0,런오프타마고,61431,광주 동구 제봉로140번길 8,56122,일식 음식점업,44683,44683,3,3,계속,계속,7361002163,73610021630,56122,일식 음식점업
1971605,0,트라움,61470,광주 동구 제봉로213번길 8,68121,주거용 건물 개발 및 공급업,44228,44228,1,1,계속,계속,7362400731,73624007310,68121,주거용 건물 개발 및 공급업
1971782,0,디자인이음,61436,광주 동구 동계천로 150,42499,그 외 기타 건축 마무리 공사업,44540,44540,1,1,일괄유기,일괄유기,7364100039,73641000396,42499,그 외 기타 건축 마무리 공사업
1972042,0,골드클래스 어린이집,61497,광주 동구 학소로 109,87210,보육시설 운영업,44896,44896,12,12,계속,계속,7368002550,73680025500,87210,보육시설 운영업
1972104,0,주식회사 디자인현,61473,광주광역시 동구  구성로204번길 11,73203,시각 디자인업,43398,43398,3,3,계속,계속,7368101150,73681011500,73203,시각 디자인업
1972187,0,주식회사 이요비아,61477,광주광역시 동구 구성로 159,29199,그 외 기타 일반목적용 기계 제조업,45793,45793,1,1,계속,계속,7368103371,73681033710,29199,그 외 기타 일반목적용 기계 제조업
1972446,0,주식회사아가페힐링,61436,광주 동구 동명로 12,96122,마사지업,43282,43282,9,9,계속,계속,7368701002,73687010020,96122,마사지업
1972507,0,허니뱃저픽처스 주식회사,61475,광주 동구 금남로 245,59113,광고 영화 및 비디오물 제작업,44652,44652,1,1,계속,계속,7368702340,73687023400,59113,광고 영화 및 비디오물 제작업
1973452,0,더시티(theCity),61483,광주광역시 동구 서석로 41,56221,커피 전문점,45474,45474,3,3,계속,계속,7374000414,73740004140,56221,커피 전문점
1973971,0,소태점신우푸드(주),61499,광주 동구 남문로621번길 1,10122,육류 포장육 및 냉동육 가공업 (가금류 제외),44986,44986,7,7,계속,계속,7378502072,73785020720,10122,육류 포장육 및 냉동육 가공업 (가금류 제외)
1974128,0,(주)구보다십,61453,광주 동구 조선이공대길 11,70121,전기ㆍ전자공학 연구개발업,42979,42979,1,1,계속,계속,7378700030,73787000300,70121,전기ㆍ전자공학 연구개발업
1974320,0,주식회사 우성플러스,61446,광주 동구 무등로 592,68121,주거용 건물 개발 및 공급업,44599,44599,1,1,계속,계속,7378801768,73788017680,68121,주거용 건물 개발 및 공급업
1974599,0,이진오족발,61436,광주 동구 장동로 19-2,56111,한식 일반 음식점업,43101,43101,6,6,계속,계속,7380400777,73804007770,56111,한식 일반 음식점업
1974665,0,청주,61431,광주 동구 제봉로138번길 14-1,56111,한식 일반 음식점업,43922,43922,5,5,계속,계속,7380701457,73807014570,56111,한식 일반 음식점업
1974970,0,그리프스튜디오,61484,광주 동구 서석로7번길 12-18,73301,인물사진 및 행사용 영상 촬영업,45839,45839,4,4,계속,계속,7382201770,73822017700,73301,인물사진 및 행사용 영상 촬영업
1975419,0,GS25계림타운점,61401,광주광역시 동구  무등로321번길 9,47122,체인화 편의점,44525,45748,3,2,계속,계속,7386700471,73867004710,47122,체인화 편의점
1975519,0,한사랑재가노인복지센터,61492,광주광역시 동구 의재로 149-12,87293,방문 복지서비스 제공업,45649,45649,1,1,계속,계속,7388003725,73880037250,87293,방문 복지서비스 제공업
1976230,0,진스발레학원,61472,광주 동구 구성로194번길 8,85501,일반 교과 학원,44166,44166,1,1,계속,계속,7389200696,73892006960,85501,일반 교과 학원
1977671,0,한국금융투자대부주식회사,61445,광주 동구 지산로63번길 2,68221,부동산 중개 및 대리업,45323,45323,1,2,계속,계속,7398701087,73987010870,68221,부동산 중개 및 대리업
1977679,0,(주)루이미코,61478,광주 동구 천변우로 339,68129,기타 부동산 개발 및 공급업,44958,44958,1,1,계속,계속,7398701317,73987013170,68129,기타 부동산 개발 및 공급업
1978276,0,텐퍼센트커피금남로점,61481,광주 동구 금남로 184,56221,커피 전문점,44805,44805,2,2,계속,계속,7401202069,74012020690,56221,커피 전문점
1978443,0,미식푸드,61487,광주 동구 백서로125번길 30,10832,천연 및 혼합조제 조미료 제조업,45108,45108,1,1,계속,계속,7402101529,74021015290,10832,천연 및 혼합조제 조미료 제조업
1979184,0,열린 세무법인 충장지점,61477,광주광역시 동구 충장로 14,71202,세무사업,45383,45383,6,6,계속,계속,7408502404,74085024040,71202,세무사업
1979848,0,삶 오로지 다,61487,광주 동구 백서로125번길 30,56111,한식 일반 음식점업,44782,44782,1,1,계속,계속,7410502536,74105025360,56111,한식 일반 음식점업
1980846,0,주식회사삼공사컴퍼니,61484,광주 동구 서석로7번길 12-18,56229,기타 비알코올 음료점업,43815,43815,2,2,계속,계속,7418501015,74185010150,56229,기타 비알코올 음료점업
1980906,0,(주)루이웍스미디어,61475,광주 동구 금남로  245,59114,방송 프로그램 제작업,44327,44327,11,11,계속,계속,7418600949,74186009490,59114,방송 프로그램 제작업
1980963,0,우리동네슈퍼마켓엘마트(유),61413,광주광역시 동구 중앙로290번길 16,47121,슈퍼마켓,44326,44326,4,4,계속,계속,7418602215,74186022150,47121,슈퍼마켓
1981121,0,코리아디앤아이 주식회사,61474,광주 동구 서석로85번길 8-12,68129,기타 부동산 개발 및 공급업,44013,44013,13,13,계속,계속,7418701886,74187018860,68129,기타 부동산 개발 및 공급업
1982445,0,주식회사현대특수건설,61499,광주 동구 남문로 631,41999,건설업본사,42931,42931,1,1,계속,계속,7428100869,74281008690,41999,건설업본사
1982446,0,주식회사현대특수건설,61499,광주 동구 남문로 631,41229,기타 토목시설물 건설업,42984,42984,2,2,일괄유기,일괄유기,7428100869,74281008696,41229,기타 토목시설물 건설업
1982619,0,주식회사 비피엘에스,61484,광주 동구 서석로7번길 16,47419,기타 의복 소매업,44670,44670,2,2,계속,계속,7428501639,74285016390,47419,기타 의복 소매업
1982673,0,제이에스자산개발주식회사,61420,광주 동구 중흥로 245,68129,기타 부동산 개발 및 공급업,43101,43101,2,2,계속,계속,7428600753,74286007530,68129,기타 부동산 개발 및 공급업
1983101,0,주식회사 드림피플즈,61421,광주광역시 동구 독립로 338,46107,그 외 기타 특정 상품 중개업,45839,45839,3,3,계속,계속,7428803429,74288034290,46107,그 외 기타 특정 상품 중개업
1983416,0,법률사무소 리파인,61445,광주 동구 동명로  96,71101,변호사업,43161,43161,2,2,계속,계속,7431100345,74311003450,71101,변호사업
1983511,0,VapeTop전자담배,61481,광주 동구 중앙로 183,47232,담배 소매업,43497,43497,1,1,계속,계속,7431600748,74316007480,47232,담배 소매업
1983962,0,나들이,61417,광주 동구 산수길 11-10,56111,한식 일반 음식점업,44598,44598,2,2,계속,계속,7435500577,74355005770,56111,한식 일반 음식점업
1984287,0,주식회사푸케주얼리,61484,광주 동구 서석로 19-1,33110,귀금속 및 관련제품 제조업,45264,45264,1,1,계속,계속,7438103063,74381030630,33110,귀금속 및 관련제품 제조업
1984577,0,주식회사화수목,61488,광주 동구 문화전당로35번길 27,56111,한식 일반 음식점업,43739,43739,0,0,계속,계속,7438701053,74387010530,56111,한식 일반 음식점업
1984699,0,주식회사유진종합관리,61420,광주 동구 중흥로241번길 13-1,74100,사업시설 유지관리 서비스업,43942,43942,101,101,일괄계속,계속,7438801462,74388014620,74100,사업시설 유지관리 서비스업
1985459,0,양은숙법률사무소,61441,광주광역시 동구  지산로78번길 3,71101,변호사업,42339,42339,2,2,계속,계속,7443900018,74439000180,71101,변호사업
1985498,0,토부,61431,광주 동구 동명로 5-1,56122,일식 음식점업,44293,44293,1,1,계속,계속,7444200847,74442008470,56122,일식 음식점업
1986042,0,주식회사 보암커피,61433,광주 동구 필문대로192번길 17-2,10891,커피 가공업,43985,43985,2,2,계속,계속,7448601307,74486013070,10891,커피 가공업
1986124,0,주식회사미래디벨롭,61482,광주 동구 금남로  236,56221,커피 전문점,45495,45495,9,9,계속,계속,7448602970,74486029700,56221,커피 전문점
1986347,0,제암건설(주),61511,광주광역시 동구 녹동길 99-12,41999,건설업본사,43531,43531,1,1,계속,계속,7448801112,74488011120,41999,건설업본사
1986348,0,제암건설(주),61511,광주 동구 녹동길 99-12,42412,"도배, 실내장식 및 내장 목공사업",43901,43901,1,0,일괄유기,일괄유기,7448801112,74488011126,42412,"도배, 실내장식 및 내장 목공사업"
1986381,0,주식회사비전산업개발,61426,광주 동구 제봉로 226,41999,건설업본사,44743,44743,1,1,계속,계속,7448801728,74488017280,41999,건설업본사
1986465,0,미래인재고시학원,61454,광주 동구 남문로744번길 3,85632,기타 교습학원,43862,43862,2,2,계속,계속,7449000440,74490004400,85632,기타 교습학원
1986645,0,모두의미소치과의원,61424,광주광역시 동구 경양로 234,86202,치과 의원,44242,44242,4,4,계속,계속,7450401885,74504018850,86202,치과 의원
1986665,0,듸자인상회,61436,광주 동구 동계천로  150,73203,시각 디자인업,44022,44022,1,1,계속,계속,7450501621,74505016210,73203,시각 디자인업
1986885,0,탁모네집고기한판,61436,광주광역시 동구 동계천로 128,56113,한식 육류요리 전문점,45352,45352,2,2,계속,계속,7451601971,74516019710,56113,한식 육류요리 전문점
1987577,0,스카이럭스주식회사,61426,광주 동구 독립로 286,68121,주거용 건물 개발 및 공급업,44562,44562,6,6,계속,계속,7458101737,74581017370,68121,주거용 건물 개발 및 공급업
1987699,0,주식회사 무한정보기술 광주지점,61406,광주광역시 동구  필문대로 154,58221,시스템 소프트웨어 개발 및 공급업,44136,44136,1,1,계속,계속,7458501491,74585014910,58221,시스템 소프트웨어 개발 및 공급업
1987984,0,유한회사바로산업개발,61480,광주 동구 충장로 54-2,74220,"소독, 구충 및 방제 서비스업",45336,45336,1,1,계속,계속,7458702437,74587024370,74220,"소독, 구충 및 방제 서비스업"
1989429,0,광주 셀프사진관 오디티모드 동명지점,61436,광주광역시 동구 제봉로110번길 17,73301,인물사진 및 행사용 영상 촬영업,45708,45708,2,2,계속,계속,7468502722,74685027220,73301,인물사진 및 행사용 영상 촬영업
1989624,0,주식회사반디석유산수점,61406,광주 동구 필문대로 164,47711,운송장비용 주유소 운영업,43586,43586,10,10,계속,계속,7468701407,74687014070,47711,운송장비용 주유소 운영업
1989899,0,학동연세치과,61489,광주광역시 동구 제봉로 37-1,86202,치과 의원,45572,45572,4,4,계속,계속,7469101928,74691019280,86202,치과 의원
1989948,0,담대한 외과의원,61454,광주광역시 동구  남문로 780,86201,일반 의원,43585,43585,17,17,계속,계속,7469800874,74698008740,86201,일반 의원
1989993,0,데이오프나이트(dayoffnight),61434,광주 동구 동명로26번길 5,56229,기타 비알코올 음료점업,43546,43546,2,2,계속,계속,7470201271,74702012710,56229,기타 비알코올 음료점업
1990034,0,네임아트(NameArt),61444,광주 동구 지호로 61-1,47912,전자상거래 소매업,44317,44317,1,1,계속,계속,7470400183,74704001830,47912,전자상거래 소매업
1991130,0,어나더레벨,61469,광주 동구 제봉로 42,56111,한식 일반 음식점업,45292,45292,2,2,계속,계속,7478502574,74785025740,56111,한식 일반 음식점업
1991742,0,오브라픽쳐스웨딩DH,61445,광주 동구 필문대로 233,73301,인물사진 및 행사용 영상 촬영업,45336,45336,1,1,계속,계속,7480200329,74802003290,73301,인물사진 및 행사용 영상 촬영업
1991760,0,3’sPerfection(퍼펙션),61401,광주 동구 무등로321번길 9,75992,"전시, 컨벤션 및 행사 대행업",45177,45177,1,1,계속,계속,7480300705,74803007050,75992,"전시, 컨벤션 및 행사 대행업"
1991790,0,더블제이디 NC충장점,61480,광주 동구 중앙로 163,46103,"섬유, 의복, 신발 및 가죽제품 중개업",45721,45721,1,1,계속,계속,7480402597,74804025970,46103,"섬유, 의복, 신발 및 가죽제품 중개업"
1991955,0,토리아에즈 광주동명점,61430,광주광역시 동구 동명로 19,56111,한식 일반 음식점업,45690,45690,1,1,계속,계속,7481102498,74811024980,56111,한식 일반 음식점업
1992790,0,이음전력 주식회사,61430,광주광역시 동구  동계로13번길 18-7,46595,전기용 기계장비 및 관련 기자재 도매업,45231,45231,3,3,계속,계속,7488103243,74881032430,46595,전기용 기계장비 및 관련 기자재 도매업
1992833,0,지한유치원,61514,광주 동구 남계길 38,85110,유아 교육기관,43132,43132,24,24,계속,계속,7488300013,74883000130,85110,유아 교육기관
1993010,0,주식회사수리홈즈,61482,광주 동구 금남로 220,47912,전자상거래 소매업,44866,44866,3,2,계속,계속,7488603082,74886030820,47912,전자상거래 소매업
1993012,0,주식회사 세원방재,61406,광주 동구 필문대로 136,41999,건설업본사,44984,44984,1,1,계속,계속,7488603137,74886031370,41999,건설업본사
1993013,0,주식회사 세원방재,61406,광주 동구 필문대로 136,42205,소방시설 공사업,45345,45345,1,0,일괄유기,일괄유기,7488603137,74886031376,42205,소방시설 공사업
1993232,0,주식회사준팜,61421,광주 동구 독립로 338,46592,의료기기 도매업,43647,43647,1,1,계속,계속,7488801244,74888012440,46592,의료기기 도매업
1994049,0,재철,61436,광주광역시 동구 장동로 5-5,56111,한식 일반 음식점업,45849,45849,3,3,계속,계속,7493601364,74936013640,56111,한식 일반 음식점업
1994113,0,오보에루,61434,광주 동구 동명로20번길 22-4,56111,한식 일반 음식점업,44441,44441,1,1,계속,계속,7494500523,74945005230,56111,한식 일반 음식점업
1994164,0,비즈앤유,61405,광주 동구 참판로26번길 16,71531,경영 컨설팅업,44760,44760,1,1,계속,계속,7495200706,74952007060,71531,경영 컨설팅업
1994220,0,제주덕구동명점,61436,광주 동구 동명로 4,56111,한식 일반 음식점업,44562,44562,4,4,계속,계속,7496000507,74960005070,56111,한식 일반 음식점업
1994289,0,청자산수점,61432,광주 동구 동명로67번길 22-26,56229,기타 비알코올 음료점업,44317,44317,3,3,계속,계속,7497400260,74974002600,56229,기타 비알코올 음료점업
1994299,0,샤오,61483,광주 동구 중앙로160번길 15-3,56150,제과점업,45586,45586,1,1,계속,계속,7497500383,74975003830,56150,제과점업
1994478,0,주식회사여행가는날,61488,광주 동구 문화전당로23번길 26,75290,기타 여행 보조 및 예약 서비스업,44866,44866,1,1,계속,계속,7498102742,74981027420,75290,기타 여행 보조 및 예약 서비스업
1994790,0,청학동푸드(주),61491,광주 동구 운림길 29-12,46313,육류 도매업,44067,44067,5,5,계속,계속,7498701352,74987013520,46313,육류 도매업
1995060,0,한우잡는날,61439,광주광역시 동구 필문대로 195-1,47212,육류 소매업,45723,45723,1,1,계속,계속,7499401909,74994019090,47212,육류 소매업
1995520,0,법무사황정희사무소,61440,광주 동구 지산로85번길 15-7,71103,법무사업,42075,42075,1,1,계속,계속,7502200015,75022000150,71103,법무사업
1995667,0,시후건축,61407,광주 동구 필문대로137번길 14-8,41999,건설업본사,43752,43752,1,1,계속,계속,7503300592,75033005920,41999,건설업본사
1995700,0,우영종합개발,61512,광주광역시 동구 남문로 278,41111,단독 주택 건설업,46003,46003,1,1,일괄유기,일괄유기,7503701376,75037013766,41111,단독 주택 건설업
1995719,0,이씨네오이시카레,61483,광주 동구 충장로 102-1,56111,한식 일반 음식점업,44562,44562,1,1,계속,계속,7504000377,75040003770,56111,한식 일반 음식점업
1996074,0,디딤건설 주식회사,61478,광주 동구 독립로 218,68121,주거용 건물 개발 및 공급업,44256,44256,2,2,계속,계속,7508102193,75081021930,68121,주거용 건물 개발 및 공급업
1997242,0,씨유광주내남지구점,61514,광주광역시 동구  육판서길 16,47122,체인화 편의점,44743,44743,9,9,계속,계속,7512100947,75121009470,47122,체인화 편의점
1997512,0,형아네생갈비,61435,광주 동구 필문대로 242-7,56111,한식 일반 음식점업,44386,44386,1,1,계속,계속,7514300463,75143004630,56111,한식 일반 음식점업
1997668,1,양지인테리어,61501,광주 동구 학소로  58-14,,,43424,,7,0,일괄유기,,7516600064,75166000646,,
1998265,0,주식회사 동남도시가스고객센터,61431,광주광역시 동구 제봉로 166,75999,그 외 기타 분류 안된 사업지원 서비스업,45364,45364,51,51,계속,계속,7518702790,75187027900,75999,그 외 기타 분류 안된 사업지원 서비스업
1999238,0,기아무등대리점,61421,광주광역시 동구 독립로 330,45110,자동차 신품 판매업,45567,45567,1,2,계속,계속,7524500970,75245009700,45110,자동차 신품 판매업
1999349,0,요거트아이스크림의정석,61474,광주광역시 동구 서석로85번길 8-8,56199,간이음식 포장 판매 전문점,45415,45415,1,1,계속,계속,7526100529,75261005290,56199,간이음식 포장 판매 전문점
1999376,0,크라비앙코,61447,광주 동구 지호로 132,56199,간이음식 포장 판매 전문점,42160,42160,1,1,계속,계속,7526700012,75267000120,56199,간이음식 포장 판매 전문점
1999416,0,사랑숲유치원(직장),61510,광주 동구 화산로238번길 9,85110,유아 교육기관,42430,42430,4,4,계속,계속,7528000194,75280001940,85110,유아 교육기관
2000224,0,디키타운,61426,광주 동구 동계천로6번길 11,56211,일반 유흥주점업,44896,44896,1,1,계속,계속,7530202620,75302026200,56211,일반 유흥주점업
2000401,0,소복,61436,광주 동구 장동로 19,56111,한식 일반 음식점업,43866,43866,1,1,계속,계속,7531001378,75310013780,56111,한식 일반 음식점업
2000643,0,대양기술단,61473,광주 동구 구성로204번길 15-7,72121,건물 및 토목 엔지니어링 서비스업,43610,43610,2,2,계속,계속,7532200955,75322009550,72121,건물 및 토목 엔지니어링 서비스업
2001014,0,우사기,61463,광주 동구 의재로 26,56122,일식 음식점업,44743,44743,1,1,계속,계속,7535200724,75352007240,56122,일식 음식점업
2001381,0,선일회계법인(광주지점),61484,광주 동구 천변우로 381,71201,공인회계사업,43573,43573,14,14,계속,계속,7538501075,75385010750,71201,공인회계사업
2001662,0,주식회사메르디373,61487,광주 동구 백서로125번길 34-2,14192,근무복,,,,,,,,,,
2001928,0,강남한의원,61472,광주광역시 동구 금남로 195,86203,한의원,45479,45479,1,1,계속,계속,7539401946,75394019460,86203,한의원
2002143,0,변호사 윤일권 법률사무소,61444,광주광역시 동구 준법로 8-1,71101,변호사업,45778,45778,1,1,계속,계속,7540702860,75407028600,71101,변호사업
2002794,0,에코더드림,61463,광주 동구,14499,그 외 기타 의복액세서리 제조업,45880,45880,1,1,계속,계속,7545700663,75457006630,14499,그 외 기타 의복액세서리 제조업
2002803,0,버츄얼미디어,61475,광주 동구 금남로  245,59120,영화,,,,,,,,,,
2003131,0,유한회사뽀빠이축산(지점),61463,광주 동구 남문로 686,47212,육류 소매업,45203,45203,2,2,계속,계속,7548502489,75485024890,47212,육류 소매업
2004099,0,카페크라운(cafecrown),61485,광주광역시 동구 문화전당로 38,56221,커피 전문점,44357,44357,1,1,계속,계속,7552001280,75520012800,56221,커피 전문점
2005012,0,법무사법인동행,61467,광주광역시 동구  백서로 188,71103,법무사업,42856,42856,8,8,계속,계속,7558700760,75587007600,71103,법무사업
2005083,0,비전게이트(주),61474,광주 동구 예술길 31-15,85709,기타 교육지원 서비스업,45231,45231,1,1,계속,계속,7558702171,75587021710,85709,기타 교육지원 서비스업
2005121,0,유한회사 브로놈,61417,광주 동구 무등로 388-3,47312,통신기기 소매업,45658,45658,3,3,계속,계속,7558703277,75587032770,47312,통신기기 소매업
2005258,0,주식회사 빈스컴퍼니생각대로,61449,광주광역시 동구 필문대로 289,49402,늘찬 배달업,45534,45534,2,2,계속,계속,7558802993,75588029930,49402,늘찬 배달업
2005667,0,디자인데코,61419,광주 동구 독립로 352,46432,전구,,,,,,,,,,
2005832,0,광명하우징,61463,광주 동구 의재로 24,41999,건설업본사,43833,43833,1,1,계속,계속,7562300418,75623004180,41999,건설업본사
2005833,0,광명하우징,61463,광주광역시 동구 의재로 24,42412,도배,,,,,,,,,,
2005834,0,7번가피자학동점,61455,광주광역시 동구 남문로753번길 20,56123,서양식 음식점업,43191,43191,2,2,계속,계속,7562300719,75623007190,56123,서양식 음식점업
2006134,0,주남셀프주유소,61512,광주광역시 동구 남문로 350,47711,운송장비용 주유소 운영업,45901,45901,1,1,계속,계속,7565101031,75651010310,47711,운송장비용 주유소 운영업
2006253,0,노때가요주점,61470,광주 동구 구성로 203,56211,일반 유흥주점업,44682,44682,3,3,계속,계속,7567400216,75674002160,56211,일반 유흥주점업
2006294,0,광주어울림장애인주간보호센터,61489,광주 동구 백서로 116,87299,그 외 기타 비거주 복지 서비스업,43564,43564,2,2,계속,계속,7568001327,75680013270,87299,그 외 기타 비거주 복지 서비스업
2007046,0,동경U치과,61409,광주 동구 갈마로 54,86103,치과 병원,42248,42248,2,2,계속,계속,7569900086,75699000860,86103,치과 병원
2007138,0,낙지랑회랑,61462,광주 동구 학소로 134-1,56111,한식 일반 음식점업,44625,44625,1,1,계속,계속,7570402155,75704021550,56111,한식 일반 음식점업
2007496,0,모노브로 동명점,61435,광주광역시 동구  동명로 76,96112,두발 미용업,44348,44348,6,6,계속,계속,7572401213,75724012130,96112,두발 미용업
2007756,0,한빛전기,61438,광주 동구 무등로 532,46595,전기용 기계장비 및 관련 기자재 도매업,43739,43739,2,2,계속,계속,7575300271,75753002710,46595,전기용 기계장비 및 관련 기자재 도매업
2007757,1,한빛전기/건설일괄,61438,광주광역시 동구 무등로 532,,,44531,,1,0,일괄유기,,7575300271,75753002716,,
2007774,0,오버리프(over leaf),61432,광주광역시 동구 동명로67번길 16-7,56221,커피 전문점,45999,45999,1,1,계속,계속,7575500969,75755009690,56221,커피 전문점
2008058,0,유한회사화성이엔지,61437,광주 동구 필문대로191번길 31-29,41999,건설업본사,44652,44652,12,11,계속,계속,7578102549,75781025490,41999,건설업본사
2008750,0,떼구루루(DDEGURURU),61434,광주광역시 동구 동계천로 137-13,56221,커피 전문점,45323,45323,2,2,계속,계속,7580301564,75803015640,56221,커피 전문점
2009219,0,김군네통닭(황금점),61483,광주 동구 충장로안길 24-12,56162,치킨 전문점,42644,42644,1,1,계속,계속,7582500311,75825003110,56162,치킨 전문점
2009378,0,반스타92(VANSTAR92),61483,광주 동구 충장로 106,46413,남녀용 겉옷 및 셔츠 도매업,43992,43992,1,1,계속,계속,7583900865,75839008650,46413,남녀용 겉옷 및 셔츠 도매업
2009521,0,허니도우2020,61487,광주 동구 서석로 28,10602,빵류 제조업,44532,44532,3,3,계속,계속,7585600580,75856005800,10602,빵류 제조업
2009529,0,장터국밥,61489,광주 동구 양림로 125-1,56111,한식 일반 음식점업,44501,44501,1,1,계속,계속,7585700651,75857006510,56111,한식 일반 음식점업
2010127,0,주식회사하랑팜,61402,광주광역시 동구  중앙로 358,47811,의약품 및 의료용품 소매업,43922,43922,1,1,계속,계속,7588701638,75887016380,47811,의약품 및 의료용품 소매업
2010143,0,(유)서브 티파니모텔,61484,광주 동구 천변우로 401-5,55102,여관업,44243,44243,2,2,계속,계속,7588701924,75887019240,55102,여관업
2010604,0,지에스(GS)25대의아카데미점,61474,광주 동구 서석로85번길 8-14,47122,체인화 편의점,45002,45002,3,2,계속,계속,7590702453,75907024530,47122,체인화 편의점
2011629,0,법무법인백,61445,광주 동구 지산로63번길 2,71101,변호사업,44044,44044,11,11,계속,계속,7598601575,75986015750,71101,변호사업
2011715,0,주식회사 라플로,61484,광주광역시 동구 중앙로160번길 16-21,55102,여관업,45749,45749,3,3,계속,계속,7598603423,75986034230,55102,여관업
2011870,0,(주)솔찬히작업실,61475,광주 동구 예술길 10,15190,기타 가죽제품 제조업,42644,42644,1,1,계속,계속,7598800401,75988004010,15190,기타 가죽제품 제조업
2012026,0,아트트리아카데미,61454,광주 동구 남문로 760,85503,온라인 교육 학원,43739,43739,4,4,계속,계속,7599300711,75993007110,85503,온라인 교육 학원
2012305,0,코스모스,61438,광주광역시 동구 무등로 522-2,41999,건설업본사,44343,44343,1,1,계속,계속,7600901176,76009011760,41999,건설업본사
2012306,0,코스모스,61438,광주 동구 무등로 522-2,42412,도배,,,,,,,,,,
2012361,0,순정인테리어,61406,광주 동구 필문대로 140,41999,건설업본사,43687,43687,1,1,계속,계속,7601201119,76012011190,41999,건설업본사
2012585,0,신포우리만두 광주충장로점,61483,광주광역시 동구 충장로 104-1,56111,한식 일반 음식점업,45962,45962,4,4,계속,계속,7602302109,76023021090,56111,한식 일반 음식점업
2013732,0,광주고려요양병원,61423,광주 동구 구성로 268,86105,요양 병원,43462,43462,80,80,계속,계속,7609000893,76090008930,86105,요양 병원
2013813,0,동구한방병원,61484,광주 동구 천변우로 393-3,86104,한방 병원,45581,45581,4,4,계속,계속,7609801748,76098017480,86104,한방 병원
2014399,0,상무초밥 계림점,61405,광주 동구 무등로 405,56122,일식 음식점업,44690,44690,24,24,계속,계속,7613201177,76132011770,56122,일식 음식점업
2014498,0,윤슬베이커리,61436,광주 동구 동계천로 166,56150,제과점업,42371,42371,5,5,계속,계속,7614200070,76142000700,56150,제과점업
2014639,0,해동F.G.O무등산점,61493,광주 동구 증심사길30번길 9,47419,기타 의복 소매업,45205,45205,4,4,계속,계속,7616100557,76161005570,47419,기타 의복 소매업
2014659,0,홍's디자인,61512,광주 동구 주남길 27,42412,도배,,,,,,,,,,
2014729,0,효도재가노인복지센터,61426,광주광역시 동구 제봉로212번길2-8,87299,그 외 기타 비거주 복지 서비스업,42095,42095,6,6,계속,계속,7618000053,76180000530,87299,그 외 기타 비거주 복지 서비스업
2015354,0,유한회사 저스트임,61426,광주 동구 동계천로6번길 11-6,55102,여관업,44197,44197,2,2,계속,계속,7618801209,76188012090,55102,여관업
2015456,0,대양피엔씨 주식회사,61473,광주 동구 구성로204번길 15-7,46691,도료 도매업,45689,45689,1,1,계속,계속,7618803468,76188034680,46691,도료 도매업
2015519,0,마음온예술심리상담센터,61454,광주 동구 남문로 758,87299,그 외 기타 비거주 복지 서비스업,43862,43862,1,1,계속,계속,7619600938,76196009380,87299,그 외 기타 비거주 복지 서비스업
2015633,0,남평부영식육식당광주본점,61421,광주 동구 경양로 215,56113,한식 육류요리 전문점,45184,45184,14,14,계속,계속,7620302688,76203026880,56113,한식 육류요리 전문점
2015775,0,이데아(IDEA)스터디카페,61432,광주 동구 동명로67번길 37,90212,독서실 운영업,44562,44562,1,1,계속,계속,7620901532,76209015320,90212,독서실 운영업
2015821,0,벌크커피남동점,61486,광주 동구 제봉로 61,56221,커피 전문점,44389,44389,1,1,계속,계속,7621101855,76211018550,56221,커피 전문점
2015930,0,서귀포로맨스조선대점,61449,광주 동구 필문대로287번길 23-4,56111,한식 일반 음식점업,45017,45017,1,1,계속,계속,7621701707,76217017070,56111,한식 일반 음식점업
2016047,0,메종비아,61484,광주 동구 중앙로160번길 24,91299,그 외 기타 분류 안된 오락관련 서비스업,44652,44652,2,2,계속,계속,7622400012,76224000120,91299,그 외 기타 분류 안된 오락관련 서비스업
2016490,0,새솔재가노인복지센터,61506,광주 동구 천변좌로604번길 1,87299,그 외 기타 비거주 복지 서비스업,44168,44168,1,1,계속,계속,7628001263,76280012630,87299,그 외 기타 비거주 복지 서비스업
2017043,0,주식회사 미래나눔,61487,광주 동구 문화전당로 35,68221,부동산 중개 및 대리업,42522,42522,2,2,계속,계속,7628800372,76288003720,68221,부동산 중개 및 대리업
2017302,0,하송참치,61470,광주 동구 독립로 268,56111,한식 일반 음식점업,43118,43118,0,0,계속,계속,7630400884,76304008840,56111,한식 일반 음식점업
2017615,0,혜당생활과학 두암점,61406,광주 동구 필문대로 170-1,46592,의료기기 도매업,43837,43837,1,1,계속,계속,7631800620,76318006200,46592,의료기기 도매업
2017679,0,이마트24R광주우방점,61512,광주광역시 동구 선교로 38-33,47122,체인화 편의점,45262,45262,1,1,계속,계속,7632201951,76322019510,47122,체인화 편의점
2018177,0,법무법인 라포(Rapport Law Firm),61445,광주 동구 동명로 110,71101,변호사업,42491,42491,2,2,계속,계속,7638100473,76381004730,71101,변호사업
2018197,0,청라시티타워주식회사,61474,광주 동구 서석로85번길 8-12,68122,비주거용 건물 개발 및 공급업,42887,42887,2,2,계속,계속,7638100809,76381008090,68122,비주거용 건물 개발 및 공급업
2018412,0,(주)더리틀키리 지점 (키리샤브),61483,광주광역시 동구 충장로안길 5-2,56111,한식 일반 음식점업,45901,45901,8,8,계속,계속,7638503158,76385031580,56111,한식 일반 음식점업
2018628,0,주식회사파라,61496,광주 동구 의재로82번길 3-1,59113,광고 영화 및 비디오물 제작업,43739,43739,2,2,계속,계속,7638701469,76387014690,59113,광고 영화 및 비디오물 제작업
2018663,0,주몽산단,61488,광주광역시 동구 서석로 24,68129,기타 부동산 개발 및 공급업,45591,45591,3,3,계속,계속,7638702357,76387023570,68129,기타 부동산 개발 및 공급업
2018785,0,주식회사씨노우,61472,광주광역시 동구 금남로 193-12,58222,응용 소프트웨어 개발 및 공급업,43913,43913,2,2,계속,계속,7638801530,76388015300,58222,응용 소프트웨어 개발 및 공급업
2018997,0,미진옥,61494,광주 동구 의재로136번길 32-11,56111,한식 일반 음식점업,44317,44317,1,1,계속,계속,7640200976,76402009760,56111,한식 일반 음식점업
2019180,0,아프레시,61434,광주 동구 동명로26번길 17,56221,커피 전문점,45066,45066,1,1,계속,계속,7641001325,76410013250,56221,커피 전문점
2019228,0,미래건축인테리어,61463,광주광역시 동구 남문로 686,41229,기타 토목시설물 건설업,43586,43586,1,1,일괄유기,일괄유기,7641300142,76413001426,41229,기타 토목시설물 건설업
2019830,0,충장동주민자치회,61480,광주 동구 충장로58번길 16,94990,그 외 기타 협회 및 단체,44136,44136,1,1,계속,계속,7648002026,76480020260,94990,그 외 기타 협회 및 단체
2019840,0,참나눔재가복지,61477,광주 동구 독립로226번길 5-5,87299,그 외 기타 비거주 복지 서비스업,44753,44753,11,8,계속,계속,7648002481,76480024810,87299,그 외 기타 비거주 복지 서비스업
2020355,0,주식회사 에이치앤에이치파트너스,61418,광주 동구 무등로 462-2,71531,경영 컨설팅업,44943,44943,1,1,계속,계속,7648702952,76487029520,71531,경영 컨설팅업
2021246,0,하나인디고부동산,61487,광주 동구 문화전당로23번길 5-16,68119,기타 부동산 임대업,45231,45231,1,1,계속,계속,7653500962,76535009620,68119,기타 부동산 임대업
2021335,0,도시,61486,광주 동구 제봉로 59,56229,기타 비알코올 음료점업,45292,45292,1,1,계속,계속,7654500995,76545009950,56229,기타 비알코올 음료점업
2021408,0,욱영ENG,61502,광주광역시 동구 학소로42번길 12,35114,태양력 발전업,45919,45919,5,5,계속,계속,7655400814,76554008140,35114,태양력 발전업
2021430,0,플랜비,61436,광주 동구 동계천로 126-7,56221,커피 전문점,44814,44814,1,1,계속,계속,7655800603,76558006030,56221,커피 전문점
2021764,0,광주광역시동구체육회,61464,광주광역시 동구 남문로 687,94990,그 외 기타 협회 및 단체,44349,44349,12,12,계속,계속,7658200476,76582004760,94990,그 외 기타 협회 및 단체
2021775,0,파이디온지역아동센터,61500,광주 동구 남문로 590,87299,그 외 기타 비거주 복지 서비스업,45292,45292,4,4,계속,계속,7658200684,76582006840,87299,그 외 기타 비거주 복지 서비스업
2022205,0,주식회사제이비인터네셔널,61477,광주 동구 독립로226번길 23-7,46800,상품 종합 도매업,44562,44562,5,5,계속,계속,7658802286,76588022860,46800,상품 종합 도매업
2022751,0,리와인드프롬오아시스(REWINDFROMOASIS),61436,광주 동구 동계천로 150,15129,가방 및 기타 보호용 케이스 제조업,43647,43647,1,1,계속,계속,7662200795,76622007950,15129,가방 및 기타 보호용 케이스 제조업
2023457,0,(주)유진텍코퍼레이션 광주지점,61480,광주광역시 동구 중앙로 163,59141,영화관 운영업,45021,45021,23,23,계속,계속,7668502463,76685024630,59141,영화관 운영업
2023863,0,(주)와이홀딩스,61479,광주광역시 동구  구성로148번길 10-2,68121,주거용 건물 개발 및 공급업,44440,44440,1,1,계속,계속,7668801922,76688019220,68121,주거용 건물 개발 및 공급업
2024271,0,온다방,61476,광주 동구 구성로 169-2,56221,커피 전문점,44743,44743,1,1,계속,계속,7671301704,76713017040,56221,커피 전문점
2024491,0,그레이드PCCLUB,61483,광주 동구 중앙로160번길 35,91222,컴퓨터 게임방 운영업,45200,45200,4,4,계속,계속,7672701680,76727016800,91222,컴퓨터 게임방 운영업
2024617,0,꼬쟁이,61434,광주 동구 동계천로 135-3,56111,한식 일반 음식점업,43469,43469,7,7,계속,계속,7673800450,76738004500,56111,한식 일반 음식점업
2024996,0,유한회사다온와이앤제이,61455,광주광역시 동구 남문로753번길 20,68221,부동산 중개 및 대리업,44317,44317,1,1,계속,계속,7678101682,76781016820,68221,부동산 중개 및 대리업
2025032,0,주식회사 케이디에이치,61483,광주 동구 충장로 82,47419,기타 의복 소매업,44621,44621,4,4,계속,계속,7678102416,76781024160,47419,기타 의복 소매업
2025201,0,농업회사법인유한회사선명정,61481,광주 동구 금남로 180,46329,기타 가공식품 도매업,43918,43918,3,3,계속,계속,7678601106,76786011060,46329,기타 가공식품 도매업
2025974,0,하누리(필름),61410,광주광역시 동구 밤실로 100,41999,건설업본사,45363,45363,1,1,계속,계속,7681400345,76814003450,41999,건설업본사
2026882,0,주식회사에스플러스투어,61472,광주 동구 구성로 180,75210,여행사업,43599,43599,1,1,계속,계속,7688601360,76886013600,75210,여행사업
2026986,0,(유)코넬메디컬,61400,광주 동구 독립로368번길 15,46593,정밀기기 및 과학기기 도매업,42219,42219,4,4,계속,계속,7688700204,76887002040,46593,정밀기기 및 과학기기 도매업
2027490,0,여기 Cafe,61436,광주 동구 장동로 15-1,56221,커피 전문점,43196,43196,2,2,계속,계속,7690400392,76904003920,56221,커피 전문점
2027538,0,로우.딥.빙스틸(Low.Deep.Beingstill),61468,광주 동구 백서로153번길 6-1,56229,기타 비알코올 음료점업,43647,43647,1,1,계속,계속,7690600945,76906009450,56229,기타 비알코올 음료점업
2027540,0,우먼키친,61508,광주 동구 용산1길 2,47912,전자상거래 소매업,44013,44013,1,1,계속,계속,7690601395,76906013950,47912,전자상거래 소매업
2027707,0,케이앤제이(K&J)법률사무소,61441,광주 동구 준법로 31,71101,변호사업,44516,44516,1,1,계속,계속,7691401518,76914015180,71101,변호사업
2027732,0,러시아워,61483,광주 동구 충장로 100-1,91229,기타 오락장 운영업,44701,44701,2,2,계속,계속,7691501946,76915019460,91229,기타 오락장 운영업
2027751,0,대한 디자인 가구,61478,광주 동구 독립로 224,46591,사무용 가구 및 기기 도매업,42491,42491,1,1,계속,계속,7691700164,76917001640,46591,사무용 가구 및 기기 도매업
2027819,0,푸로레커피,61436,광주 동구 백서로 235,56221,커피 전문점,43160,43160,1,1,계속,계속,7692100477,76921004770,56221,커피 전문점
2027986,0,갓지은밥,61490,광주광역시 동구 제봉로17번길 7-5,56111,한식 일반 음식점업,45931,45931,3,3,계속,계속,7693200978,76932009780,56111,한식 일반 음식점업
2028099,0,자연추,61462,광주 동구 학소로 134-1,56111,한식 일반 음식점업,43559,43559,2,2,계속,계속,7694400248,76944002480,56111,한식 일반 음식점업
2028486,0,(재)광주광역시사회서비스원은둔형외톨이지원센터,61475,광주광역시 동구 중앙로196번길 31-6,87299,그 외 기타 비거주 복지 서비스업,45689,45689,5,5,계속,계속,7698200798,76982007980,87299,그 외 기타 비거주 복지 서비스업
2029071,0,무빙업(Movin`up) 댄스학원,61487,광주 동구 문화전당로 45,85629,기타 예술학원,44531,44531,4,4,계속,계속,7699601630,76996016300,85629,기타 예술학원
2029275,0,새우식탁,61434,광주 동구 동계천로 129-3,56111,한식 일반 음식점업,43213,43213,2,2,계속,계속,7700800779,77008007790,56111,한식 일반 음식점업
2029414,0,손수김밥,61475,광주광역시 동구 예술길 34,56191,김밥 및 기타 간이 음식점업,45992,45992,2,2,계속,계속,7701500817,77015008170,56191,김밥 및 기타 간이 음식점업
2029691,0,헤아필름(현스냅영상),61436,광주 동구 동명로 12,73301,인물사진 및 행사용 영상 촬영업,44927,44927,2,2,계속,계속,7703301144,77033011440,73301,인물사진 및 행사용 영상 촬영업
2029900,0,모어레스 충장점,61475,광주 동구 중앙로196번길 31-19,56221,커피 전문점,45166,45166,2,2,계속,계속,7706000568,77060005680,56221,커피 전문점
2032639,0,레드페이스무등산점,61493,광주 동구 증심사길30번길 16,47631,운동 및 경기용품 소매업,44205,44205,1,1,계속,계속,7720901510,77209015100,47631,운동 및 경기용품 소매업
2032900,0,김가네,61483,광주 동구 중앙로160번길 15-7,56111,한식 일반 음식점업,44866,44866,5,5,계속,계속,7722201692,77222016920,56111,한식 일반 음식점업
2033009,0,제니스뷰티,61487,광주광역시 동구  서석로 28,96113,피부 미용업,43470,43470,16,16,계속,계속,7722900367,77229003670,96113,피부 미용업
2033020,0,중앙닭갈비(본점),61483,광주 동구 중앙로160번길 15-3,56111,한식 일반 음식점업,45108,45108,17,17,계속,계속,7722901425,77229014250,56111,한식 일반 음식점업
2033590,0,동구푸른길어린이집,61416,광주 동구 동계로 38,87210,보육시설 운영업,43891,43891,9,9,계속,계속,7728200310,77282003100,87210,보육시설 운영업
2033773,0,주식회사요니홀딩스,61436,광주 동구 동계천로  150,63991,데이터베이스 및 온라인정보 제공업,45852,45852,2,2,계속,계속,7728602484,77286024840,63991,데이터베이스 및 온라인정보 제공업
2033785,0,주식회사남우건설,61405,광주 동구 무등로415번길 19,41999,건설업본사,45078,45078,1,1,계속,계속,7728602693,77286026930,41999,건설업본사
2033786,0,주식회사 남우건설,61405,광주 동구 무등로415번길 19,42209,기타 건물 관련설비 설치 공사업,45146,45146,2,2,일괄유기,일괄유기,7728602693,77286026936,42209,기타 건물 관련설비 설치 공사업
2034811,0,아트트리스튜디오,61454,광주 동구 남문로 760,73203,시각 디자인업,44033,44033,2,1,계속,계속,7732700901,77327009010,73203,시각 디자인업
2035389,0,사단법인국제와이즈멘한국지역남부지구,61482,광주 동구 금남로 246,94990,그 외 기타 협회 및 단체,43834,43834,1,1,계속,계속,7738200180,77382001800,94990,그 외 기타 협회 및 단체
2035627,0,유한회사 제이와이산업,61477,광주광역시 동구 독립로226번길 21,41999,건설업본사,45962,45962,4,4,계속,계속,7738603701,77386037010,41999,건설업본사
2036326,0,쉬네르,61494,광주 동구 의재로136번길  23,96113,피부 미용업,43481,43481,1,1,계속,계속,7741601076,77416010760,96113,피부 미용업
2036426,0,청춘뚝배기아시아문화전당점,61475,광주 동구 중앙로196번길 31-12,56111,한식 일반 음식점업,44176,44176,1,1,계속,계속,7742101162,77421011620,56111,한식 일반 음식점업
2037242,0,(주)더드림메이커스,61476,광주광역시 동구 충장로 3,33999,그 외 기타 달리 분류되지 않은 제품 제조업,44378,44378,1,1,계속,계속,7748602078,77486020780,33999,그 외 기타 달리 분류되지 않은 제품 제조업
2037420,0,주식회사 청원제이엘,61473,광주 동구 중앙로 209,68212,비주거용 부동산 관리업,44682,44682,1,1,계속,계속,7748702298,77487022980,68212,비주거용 부동산 관리업
2037565,0,유한회사뉴제이에스이엔지,61471,광주 동구 금남로 161-11,25112,구조용 금속 판제품 및 공작물 제조업,45200,45200,1,1,계속,계속,7748802053,77488020530,25112,구조용 금속 판제품 및 공작물 제조업
2037775,0,제일인쇄광고,61487,광주 동구 문화전당로23번길 7,18111,경 인쇄업,44136,44136,3,3,계속,계속,7750402212,77504022120,18111,경 인쇄업
2038366,0,리얼펍 살얼음 맥주 용산지구점,61508,광주광역시 동구 용산3길 4,56213,생맥주 전문점,45793,45793,3,3,계속,계속,7753801557,77538015570,56213,생맥주 전문점
2038958,0,(주)엘앤아이시스템,61411,광주 동구 필문대로153번길 30,42209,기타 건물 관련설비 설치 공사업,44317,44317,1,1,일괄유기,일괄유기,7758601918,77586019186,42209,기타 건물 관련설비 설치 공사업
2039027,0,주식회사 브라이덜해미쉬,61488,광주 동구 서석로 14,76292,의류 임대업,45839,45839,4,4,계속,계속,7758603463,77586034630,76292,의류 임대업
2039376,0,양애숙미술치료연구소,61408,광주 동구 밤실로 119,87294,사회복지 상담서비스 제공업,44317,44317,1,1,계속,계속,7759400025,77594000250,87294,사회복지 상담서비스 제공업
2039733,0,언더스탠드,61488,광주광역시 동구 백서로125번길 7-6,73203,시각 디자인업,45597,45597,1,1,계속,계속,7761402102,77614021020,73203,시각 디자인업
2040361,0,효도손재가노인복지센터,61410,광주 동구 밤실로 134,87111,노인 요양 복지시설 운영업,45964,45964,4,4,계속,계속,7768003241,77680032410,87111,노인 요양 복지시설 운영업
2040535,0,(주)동희충장로점(나이키),61482,광주 동구 충장로 77,47419,기타 의복 소매업,42095,42095,5,5,계속,계속,7768500012,77685000120,47419,기타 의복 소매업
2040561,0,(주)투디지트광주지사,61472,광주광역시 동구  금남로 193-22,58222,응용 소프트웨어 개발 및 공급업,44482,44482,1,1,계속,계속,7768501836,77685018360,58222,응용 소프트웨어 개발 및 공급업
2040574,0,법무법인 태솔 광주분사무소,61445,광주광역시 동구 필문대로 227,71101,변호사업,45536,45536,1,1,계속,계속,7768502704,77685027040,71101,변호사업
2041225,0,에프엠마트지산점,61444,광주 동구 지호로 35,47121,슈퍼마켓,42996,42996,3,3,계속,계속,7770600757,77706007570,47121,슈퍼마켓
2041275,0,인블리스,61484,광주 동구 서석로 23-15,47851,화초 및 식물 소매업,45474,45474,1,1,계속,계속,7770702859,77707028590,47851,화초 및 식물 소매업
2041855,0,카키노키,61436,광주 동구 장동로 23-57,56111,한식 일반 음식점업,45428,45428,2,2,계속,계속,7775100742,77751007420,56111,한식 일반 음식점업
2042072,0,(유)박주한자산관리,61488,광주 동구 서석로 24,68129,기타 부동산 개발 및 공급업,44130,44130,5,5,계속,계속,7778100720,77781007200,68129,기타 부동산 개발 및 공급업
2042845,0,투썸플레이스 광주동명동카페거리점,61436,광주 동구 동명로 12,56221,커피 전문점,45784,45784,2,2,계속,계속,7780104009,77801040090,56221,커피 전문점
2043403,0,수려건설,61434,광주 동구 동명로 56,68119,기타 부동산 임대업,44562,44562,1,1,계속,계속,7783200026,77832000260,68119,기타 부동산 임대업
2043968,0,봄날 사진관,61482,광주광역시 동구 금남로 250-9,73301,인물사진 및 행사용 영상 촬영업,45505,45505,2,2,계속,계속,7788502544,77885025440,73301,인물사진 및 행사용 영상 촬영업
2044363,0,유한회사 에이앤에이공조시스템,61430,광주광역시 동구 동명로 25,46521,가전제품 및 부품 도매업,44595,44595,3,3,계속,계속,7788802185,77888021850,46521,가전제품 및 부품 도매업
2044364,0,유한회사 에이앤에이공조시스템,61430,광주 동구 동명로  25,42202,건물용 기계장비 설치 공사업,45379,45379,1,1,일괄유기,일괄유기,7788802185,77888021856,42202,건물용 기계장비 설치 공사업
2044383,0,유한회사 엘리시아,61487,광주광역시 동구 문화전당로23번길 1,68121,주거용 건물 개발 및 공급업,44986,44986,3,3,계속,계속,7788802545,77888025450,68121,주거용 건물 개발 및 공급업
2044916,0,엔씨(NC)웨이브탑텐키즈,61480,광주 동구 중앙로 163,47417,유아용 의류 소매업,44653,44653,1,1,계속,계속,7792001476,77920014760,47417,유아용 의류 소매업
2045080,0,샤브온당 광주충장로점,61483,광주광역시 동구 중앙로160번길 3,56111,한식 일반 음식점업,45799,45799,2,2,계속,계속,7793301419,77933014190,56111,한식 일반 음식점업
2046344,0,젓가락질 잘해야만 밥을 먹나요,61445,광주광역시 동구 지산로 63,56199,간이음식 포장 판매 전문점,45778,45778,1,1,계속,계속,7800803171,78008031710,56199,간이음식 포장 판매 전문점
2046351,0,오렌즈광주충장로2호점,61483,광주 동구 중앙로160번길 31-2,47822,안경 및 렌즈 소매업,42583,42583,1,1,계속,계속,7800900472,78009004720,47822,안경 및 렌즈 소매업
2046659,0,아이비스충장점,61483,광주 동구 중앙로160번길 13,91222,컴퓨터 게임방 운영업,43512,43512,6,6,계속,계속,7802600727,78026007270,91222,컴퓨터 게임방 운영업
2046819,0,동인출판,61487,광주 동구 문화전당로23번길 3-1,58190,기타 인쇄물 출판업,44228,44228,1,1,계속,계속,7803800526,78038005260,58190,기타 인쇄물 출판업
2047429,0,주식회사 폴리곤플러스,61475,광주 동구 금남로 245,58222,응용 소프트웨어 개발 및 공급업,44834,44834,2,2,계속,계속,7808602656,78086026560,58222,응용 소프트웨어 개발 및 공급업
2047544,0,주식회사오월밥집,61474,광주 동구 예술길15번길 10-1,56111,한식 일반 음식점업,44333,44333,1,1,계속,계속,7808701784,78087017840,56111,한식 일반 음식점업
2047786,0,광주한우맛집소신정육점,61481,광주 동구 금남로 188-1,47212,육류 소매업,45154,45154,1,1,계속,계속,7809101699,78091016990,47212,육류 소매업
2047985,0,광주자원,61506,광주 동구 소태동,46791,재생용 재료 수집 및 판매업,43467,43467,1,1,계속,계속,7810600741,78106007410,46791,재생용 재료 수집 및 판매업
2048241,0,아카이브숨,61436,광주광역시 동구 장동로 23-30,85699,그 외 기타 분류 안된 교육기관,45838,45838,1,1,계속,계속,7811901492,78119014920,85699,그 외 기타 분류 안된 교육기관
2048301,0,호ENG,61437,광주 동구 필문대로187번길 19-11,46621,배관 및 냉ㆍ난방장치 도매업,43390,43390,1,1,계속,계속,7812300786,78123007860,46621,배관 및 냉ㆍ난방장치 도매업
2048566,0,법무사고광영사무소,61445,광주 동구 동명로 108,71103,법무사업,44287,44287,1,1,계속,계속,7814400777,78144007770,71103,법무사업
2048880,0,푸른숲조경주식회사,61459,광주광역시 동구 의재로 23-1,41999,건설업본사,44061,44061,2,6,계속,계속,7818101771,78181017710,41999,건설업본사
2048881,0,푸른숲조경주식회사,61459,광주 동구 의재로 23-1,41226,조경 건설업,44085,44085,2,1,일괄유기,일괄유기,7818101771,78181017716,41226,조경 건설업
2049064,0,주식회사 민아약품,61489,광주 동구 양림로119번길 7,47811,의약품 및 의료용품 소매업,43228,43228,2,2,계속,계속,7818601136,78186011360,47811,의약품 및 의료용품 소매업
2049198,0,유한회사디자인동하,61487,광주 동구 문화전당로23번길 5-16,33910,간판 및 광고물 제조업,42522,42522,1,1,계속,계속,7818700191,78187001910,33910,간판 및 광고물 제조업
2049719,0,오롯이,61475,광주 동구 금남로 245,47912,전자상거래 소매업,44986,44986,1,1,계속,계속,7820702278,78207022780,47912,전자상거래 소매업
2049938,0,분하우스 (boon house),61431,광주광역시 동구 제봉로140번길 4,56221,커피 전문점,45931,45931,4,4,계속,계속,7821802497,78218024970,56221,커피 전문점
2049977,0,네일해봄,61424,광주 동구 경양로  234,47813,화장품,,,,,,,,,,
2050176,0,하루,61426,광주 동구 동계천로6번길 7,55102,여관업,43647,43647,1,1,계속,계속,7823700243,78237002430,55102,여관업
2050298,0,규이집,61437,광주 동구 필문대로191번길 5-4,56111,한식 일반 음식점업,45931,45931,4,4,계속,계속,7824701178,78247011780,56111,한식 일반 음식점업
2050799,0,윈캐슬건축주식회사,61416,광주광역시 동구 동계로 38,68121,주거용 건물 개발 및 공급업,44440,44440,1,1,계속,계속,7828601901,78286019010,68121,주거용 건물 개발 및 공급업
2050951,0,주식회사삼진에이치에스,61419,광주 동구 중흥로213번길 6-32,41999,건설업본사,43862,43862,2,2,계속,계속,7828701607,78287016070,41999,건설업본사
2051342,0,엠엘비(MLB)충장로점,61483,광주 동구 충장로 82-2,47419,기타 의복 소매업,44197,44197,1,1,계속,계속,7830501884,78305018840,47419,기타 의복 소매업
2051977,0,씨유(CU)조대공대점,61453,광주 동구 필문대로 331,47122,체인화 편의점,43468,43468,0,0,계속,계속,7835100301,78351003010,47122,체인화 편의점
2052456,0,(유)바로드림,61474,광주 동구 예술길 19-2,49401,택배업,43739,43739,1,1,계속,계속,7838601530,78386015300,49401,택배업
2052799,0,주식회사호남일보,61472,광주 동구 금남로 195,91299,그 외 기타 분류 안된 오락관련 서비스업,45355,45355,1,1,계속,계속,7838802493,78388024930,91299,그 외 기타 분류 안된 오락관련 서비스업
2054032,0,선진세무법인동부지점,61473,광주 동구 구성로204번길 6,71202,세무사업,45200,45200,7,7,계속,계속,7848502423,78485024230,71202,세무사업
2054680,0,더리터 조대점,61449,광주 동구 필문대로273번길 28-1,56221,커피 전문점,44896,44896,3,3,계속,계속,7850402432,78504024320,56221,커피 전문점
2054928,0,하늘프로세스,61487,광주 동구 문화전당로23번길 5-24,18119,기타 인쇄업,43256,43256,1,1,계속,계속,7851700303,78517003030,18119,기타 인쇄업
2056371,0,우리손해사정,61454,광주광역시 동구  남문로724번길 42-9,66201,손해 사정업,42857,42857,1,1,계속,계속,7860300425,78603004250,66201,손해 사정업
2056470,0,현진이엔지,61503,광주 동구 소태길27번길 5,25113,육상 금속 골조 구조재 제조업,42815,42815,5,5,계속,계속,7860700520,78607005200,25113,육상 금속 골조 구조재 제조업
2056928,0,윤쉡의뽕슉,61429,광주 동구 동계천로 81,56121,중식 음식점업,43724,43724,1,1,계속,계속,7863100544,78631005440,56121,중식 음식점업
2057215,0,월간맥주,61459,광주 동구 의재로 15,56213,생맥주 전문점,44882,44882,6,6,계속,계속,7866800462,78668004620,56213,생맥주 전문점
2057808,0,주식회사브라이드블랑,61484,광주 동구 서석로 23,96994,결혼 상담 및 준비 서비스업,44652,44652,2,2,계속,계속,7868702291,78687022910,96994,결혼 상담 및 준비 서비스업
2058074,0,메디컬중앙북스,61416,광주광역시 동구 동계로 38,46453,서적,,,,,,,,,,
2058426,0,법률사무소청헌,61445,광주광역시 동구 지산로63번길 2,71101,변호사업,42812,42812,2,2,계속,계속,7871500362,78715003620,71101,변호사업
2058759,0,변호사 최목 법률사무소,61444,광주 동구 준법로 36,71101,변호사업,43617,43617,4,4,계속,계속,7873900617,78739006170,71101,변호사업
2058898,0,초선양꼬치 본점,61465,광주광역시 동구 장동로 6-1,56121,중식 음식점업,45931,45931,3,3,계속,계속,7875601063,78756010630,56121,중식 음식점업
2059253,0,서울쿠키와풀샵 롯데백화점 광주지점,61470,광주 동구 독립로 268,56150,제과점업,44228,44228,3,3,계속,계속,7878501874,78785018740,56150,제과점업
2059399,0,주식회사 진총해,61445,광주 동구 지산로63번길 3,68112,비주거용 건물 임대업,45047,45047,1,1,계속,계속,7878602787,78786027870,68112,비주거용 건물 임대업
2059808,0,노안부동산(106호),61504,광주 동구 남문로 589,68122,비주거용 건물 개발 및 공급업,44958,44958,1,1,계속,계속,7880102518,78801025180,68122,비주거용 건물 개발 및 공급업
2060105,0,지에스(GS)25 광주소태점,61502,광주광역시 동구 지원로 22,47122,체인화 편의점,45566,45566,4,4,계속,계속,7881602400,78816024000,47122,체인화 편의점
2060537,0,타코초,61482,광주 동구 충장로 85-7,56111,한식 일반 음식점업,44743,44743,2,2,계속,계속,7885700481,78857004810,56111,한식 일반 음식점업
2060644,0,리얼버거,61467,광주 동구 장동로 52,56161,피자,,,,,,,,,,
2061392,0,엠마의집재가복지센터,61502,광주 동구 지원로 32,87293,방문 복지서비스 제공업,43167,43167,22,18,계속,계속,7889100622,78891006220,87293,방문 복지서비스 제공업
2061531,0,윤성종합전설,61430,광주 동구 동계로13번길 18-7,41999,건설업본사,44472,44472,2,2,계속,계속,7890301350,78903013500,41999,건설업본사
2061825,0,가락.밥.술회관,61426,광주 동구 제봉로222번길 6-16,56111,한식 일반 음식점업,43434,43434,1,1,계속,계속,7891800700,78918007000,56111,한식 일반 음식점업
2064019,0,행복나래요양원,61443,광주 동구 밤실로30번길 21,87111,노인 요양 복지시설 운영업,43160,43160,16,16,계속,계속,7908000842,79080008420,87111,노인 요양 복지시설 운영업
2064560,0,주식회사 금호건설산업,61475,광주광역시 동구 금남로 237,41999,건설업본사,45931,45931,4,4,계속,계속,7908703154,79087031540,41999,건설업본사
2064640,0,(주)빌드위너스,61475,광주 동구 금남로 245,58221,시스템 소프트웨어 개발 및 공급업,44683,44683,1,1,계속,계속,7908801696,79088016960,58221,시스템 소프트웨어 개발 및 공급업
2064673,0,주식회사 와이시큐리티,61475,광주 동구 금남로 245,62021,컴퓨터시스템 통합 자문 및 구축 서비스업,44911,44911,9,8,계속,계속,7908802415,79088024150,62021,컴퓨터시스템 통합 자문 및 구축 서비스업
2065202,0,씨유 학동무등점,61460,광주 동구 의재로 77,47122,체인화 편의점,45641,45641,5,5,계속,계속,7911602537,79116025370,47122,체인화 편의점
2065218,0,꼬꼬 닭 매운탕,61436,광주광역시 동구 장동로 23-49,56111,한식 일반 음식점업,45413,45413,1,1,계속,계속,7911701914,79117019140,56111,한식 일반 음식점업
2065788,0,간코광주매니지먼트,61470,광주 동구 독립로  268,56122,일식 음식점업,45475,45475,2,2,계속,계속,7917900586,79179005860,56122,일식 음식점업
2066522,0,주식회사 린에자일헝그리,61436,광주광역시 동구 동계천로 150,58221,시스템 소프트웨어 개발 및 공급업,45825,45825,2,2,계속,계속,7918803659,79188036590,58221,시스템 소프트웨어 개발 및 공급업
2066633,0,공과사,61431,광주 동구 동명로  5-1,56221,커피 전문점,45659,45659,4,4,계속,계속,7920102900,79201029000,56221,커피 전문점
2067114,0,만연숯불구이,61465,광주광역시 동구 장동로 8-1,56111,한식 일반 음식점업,45871,45871,3,3,계속,계속,7922801873,79228018730,56111,한식 일반 음식점업
2067169,0,카프테일러(Kaf Tailor),61430,광주광역시 동구 동명로25번길 4,56221,커피 전문점,45769,45769,1,1,계속,계속,7923301348,79233013480,56221,커피 전문점
2067254,0,마루아트컴퍼니,61479,광주 동구 중앙로 149-5,90191,공연 기획업,44018,44018,1,0,계속,계속,7924200341,79242003410,90191,공연 기획업
2067270,0,법률사무소로담,61445,광주 동구 지산로63번길 2,71101,변호사업,44599,44599,1,1,계속,계속,7924300692,79243006920,71101,변호사업
2069061,0,365화목약국,61471,광주광역시 동구 독립로264번길 2,47811,의약품 및 의료용품 소매업,45571,45571,1,1,계속,계속,7935500801,79355008010,47811,의약품 및 의료용품 소매업
2069238,0,주식회사기가문,61483,광주 동구 충장로 80-5,68129,기타 부동산 개발 및 공급업,43344,43344,0,0,계속,계속,7938100703,79381007030,68129,기타 부동산 개발 및 공급업
2069319,0,주식회사운약근답올핏,61469,광주광역시 동구 백서로 160,58222,응용 소프트웨어 개발 및 공급업,44228,44228,9,8,계속,계속,7938102394,79381023940,58222,응용 소프트웨어 개발 및 공급업
2069417,0,혜민서동명지점,61435,광주 동구 필문대로 240,68212,비주거용 부동산 관리업,44835,44835,1,1,계속,계속,7938501281,79385012810,68212,비주거용 부동산 관리업
2069985,0,법무사양용무사무소,61445,광주 동구 동명로 110,71103,법무사업,44838,44838,1,1,계속,계속,7940102473,79401024730,71103,법무사업
2070140,0,치크,61480,광주 동구 중앙로 163,46414,유아용 의류 도매업,44166,44166,1,1,계속,계속,7940800741,79408007410,46414,유아용 의류 도매업
2070643,0,크램드밀,61434,광주광역시 동구 동명로26번길 17,56111,한식 일반 음식점업,44927,44927,1,1,계속,계속,7944200804,79442008040,56111,한식 일반 음식점업
2070870,0,블랙야크 무등산점,61493,광주 동구 증심사길30번길 22,47419,기타 의복 소매업,43315,43315,1,1,계속,계속,7947900173,79479001730,47419,기타 의복 소매업
2071530,0,주식회사유인씨앤씨,61479,광주 동구 중앙로 149-4,68222,부동산 투자자문업,44665,44665,1,1,계속,계속,7948802611,79488026110,68222,부동산 투자자문업
2071902,0,JS부엌가구,61417,광주 동구 무등로 434,32021,주방용 및 음식점용 목재가구 제조업,43862,43862,1,1,계속,계속,7951100818,79511008180,32021,주방용 및 음식점용 목재가구 제조업
2072307,0,언어의정원,61465,광주 동구 제봉로98번길 11,56123,서양식 음식점업,44848,44848,3,3,계속,계속,7953701025,79537010250,56123,서양식 음식점업
2072525,0,광장약국,61454,광주 동구 남문로744번길 21,47811,의약품 및 의료용품 소매업,43925,43925,3,3,계속,계속,7956500368,79565003680,47811,의약품 및 의료용품 소매업
2072864,0,주식회사 남선,61499,광주 동구 남문로621번길 1,47312,통신기기 소매업,43374,43374,25,25,계속,계속,7958601232,79586012320,47312,통신기기 소매업
2073863,0,다솜기업,61434,광주 동구 동명로 66,41999,건설업본사,45839,45839,2,2,계속,계속,7962901756,79629017560,41999,건설업본사
2073913,0,마렛(광주),61488,광주광역시 동구 서석로 20,46413,남녀용 겉옷 및 셔츠 도매업,44028,44028,2,2,계속,계속,7963300680,79633006800,46413,남녀용 겉옷 및 셔츠 도매업
2074127,0,무등산버섯,61493,광주 동구 증심사길30번길 21,56111,한식 일반 음식점업,44896,44896,2,2,계속,계속,7966000482,79660004820,56111,한식 일반 음식점업
2074445,0,동명어울림마을관리사회적협동조합,61429,광주 동구 동계천로85번길 10-20,94990,그 외 기타 협회 및 단체,44896,44896,5,4,계속,계속,7968200539,79682005390,94990,그 외 기타 협회 및 단체
2075273,0,파브,61483,광주 동구 중앙로160번길 29-2,47419,기타 의복 소매업,45621,45621,1,1,계속,계속,7971400644,79714006440,47419,기타 의복 소매업
2075471,0,유진디자인,61410,광주 동구 밤실로 100,41999,건설업본사,45809,45809,4,4,계속,계속,7972402092,79724020920,41999,건설업본사
2075576,0,엠버스 베이크샵 광주동명점,61436,광주 동구 장동로 19-2,56150,제과점업,45771,45771,3,3,계속,계속,7973201588,79732015880,56150,제과점업
2076014,0,(주)파크웨이브,61472,광주광역시 동구 금남로 193-22,63991,데이터베이스 및 온라인정보 제공업,44378,44378,6,6,계속,계속,7978102061,79781020610,63991,데이터베이스 및 온라인정보 제공업
2077187,0,무등산초밥한정식,61446,광주 동구 무등로 592,56111,한식 일반 음식점업,44086,44086,6,6,계속,계속,7982600897,79826008970,56111,한식 일반 음식점업
2077294,0,러프나잇,61436,광주 동구 장동로 1-2,56123,서양식 음식점업,44348,44348,1,1,계속,계속,7983400679,79834006790,56123,서양식 음식점업
2077674,0,주식회사플로식스,61482,광주 동구 금남로 238,47911,전자상거래 소매 중개업,43282,43282,1,1,계속,계속,7988100839,79881008390,47911,전자상거래 소매 중개업
2077681,0,주식회사더태평디엔씨,61462,광주 동구 의재로 58,68129,기타 부동산 개발 및 공급업,43497,43497,0,0,계속,계속,7988100974,79881009740,68129,기타 부동산 개발 및 공급업
2077914,0,주식회사 디콕,61461,광주광역시 동구 증심천로 117,73203,시각 디자인업,43678,43678,1,1,계속,계속,7988601264,79886012640,73203,시각 디자인업
2078105,0,대성이엔지(주),61421,광주 동구 중흥로 224,41121,사무상업용 및 공공기관용 건물 건설업,44494,44494,1,1,일괄유기,일괄유기,7988702106,79887021066,41121,사무상업용 및 공공기관용 건물 건설업
2078402,0,오리궁뎅이,61494,광주광역시 동구 의재로 142,56113,한식 육류요리 전문점,43618,43618,1,1,계속,계속,7990201398,79902013980,56113,한식 육류요리 전문점
2079787,0,미디어광주주식회사,61482,광주광역시 동구 금남로 224,71310,광고 대행업,42905,42905,0,0,계속,계속,7998800559,79988005590,71310,광고 대행업
2079857,0,주식회산 태산엠와이,61470,광주 동구 제봉로  217,27192,치과기공물 제조업,44440,44440,11,11,계속,계속,7998801844,79988018440,27192,치과기공물 제조업
2079883,0,법무법인하이브,61445,광주 동구 동명로 92,71101,변호사업,45047,45047,9,9,계속,계속,7998802315,79988023150,71101,변호사업
2079900,0,주식회사 더바름,61424,광주광역시 동구 경양로 234,68222,부동산 투자자문업,45931,45931,3,3,계속,계속,7998802727,79988027270,68222,부동산 투자자문업
2080135,0,편한약국,61454,광주 동구 남문로744번길 23,47811,의약품 및 의료용품 소매업,42919,42919,3,3,계속,계속,8010600647,80106006470,47811,의약품 및 의료용품 소매업
2081561,0,주식회사 건축사사무소공간,61475,광주 동구 중앙로196번길 25,72111,건축설계 및 관련 서비스업,45323,45323,1,1,계속,계속,8018802883,80188028830,72111,건축설계 및 관련 서비스업
2081667,0,레인보우,61482,광주광역시 동구 충장로 97-1,47422,의복 액세서리 및 모조 장신구 소매업,45155,45155,1,1,계속,계속,8020101590,80201015900,47422,의복 액세서리 및 모조 장신구 소매업
2082012,0,카키노키,61436,광주광역시 동구 장동로 23-57,56122,일식 음식점업,45839,45839,3,3,계속,계속,8021602725,80216027250,56122,일식 음식점업
2082396,0,레브(Lev)NFT art gallery,61426,광주광역시 동구 제봉로 220,47912,전자상거래 소매업,45597,45597,2,2,계속,계속,8024501013,80245010130,47912,전자상거래 소매업
2082712,0,(유)비엠케이산업개발,61478,광주광역시 동구  천변우로 339,41999,건설업본사,44501,44501,1,1,계속,계속,8028102311,80281023110,41999,건설업본사
2082722,0,제이에스건축주식회사,61407,광주 동구 필문대로 143,41999,건설업본사,44501,44501,1,1,계속,계속,8028102475,80281024750,41999,건설업본사
2085234,0,오영미신경과의원,61409,광주 동구 갈마로 58,86201,일반 의원,44378,44378,5,5,계속,계속,8040901684,80409016840,86201,일반 의원
2085523,0,아피피,61477,광주 동구 독립로226번길 13-12,47912,전자상거래 소매업,44466,44466,1,1,계속,계속,8042701107,80427011070,47912,전자상거래 소매업
2086677,0,주식회사 짐플릭스충장점,61478,광주광역시 동구 구성로 147,91132,체력단련시설 운영업,45945,45945,1,1,계속,계속,8048803649,80488036490,91132,체력단련시설 운영업
2086970,0,정가네순대,61436,광주 동구 장동로 23-12,56111,한식 일반 음식점업,44562,44562,1,1,계속,계속,8050802073,80508020730,56111,한식 일반 음식점업
2087100,0,초필살 돼지구이 광주동명점,61465,광주 동구 제봉로110번길 5-1,56111,한식 일반 음식점업,45995,45995,2,2,계속,계속,8051402583,80514025830,56111,한식 일반 음식점업
2087373,0,라두피 아카데미,61484,광주 동구 서석로7번길  6-10,96112,두발 미용업,44198,44198,1,1,계속,계속,8053400768,80534007680,96112,두발 미용업
2087742,0,주식회사에스에이치코퍼레이션,61483,광주 동구 중앙로160번길 15-2,68212,비주거용 부동산 관리업,43526,43526,1,1,계속,계속,8058101271,80581012710,68212,비주거용 부동산 관리업
2087777,0,(주)천경건설,61414,광주 동구 동계로  61,41999,건설업본사,43892,43892,5,5,계속,계속,8058102057,80581020570,41999,건설업본사
2088788,0,충장로길맥주,61487,광주 동구 서석로 34-4,56213,생맥주 전문점,44296,44296,1,1,계속,계속,8061700842,80617008420,56213,생맥주 전문점
2088931,0,비쥬느와르(검은보석),61465,광주 동구 제봉로98번길 5,56229,기타 비알코올 음료점업,42705,42705,1,1,계속,계속,8062500060,80625000600,56229,기타 비알코올 음료점업
2088995,0,루나,61474,광주 동구 예술길  31-11,47611,서적,,,,,,,,,,
2089607,0,주식회사엠에스에듀장동지점,61436,광주 동구 장동로 23-45,85501,일반 교과 학원,44440,44440,8,8,계속,계속,8068501836,80685018360,85501,일반 교과 학원
2089939,0,주식회사동성메디칼,61461,광주광역시 동구 증심천로 117,47811,의약품 및 의료용품 소매업,42614,42614,5,5,계속,계속,8068800589,80688005890,47811,의약품 및 의료용품 소매업
2090450,0,제대루막창,61428,광주광역시 동구 구성로 234,56111,한식 일반 음식점업,45839,45839,4,4,계속,계속,8071200888,80712008880,56111,한식 일반 음식점업
2090649,0,연재,61432,광주광역시 동구 동명로 57-2,23229,기타 일반 도자기 제조업,45652,45652,1,1,계속,계속,8072201815,80722018150,23229,기타 일반 도자기 제조업
2090697,0,월넛투광주점,61470,광주 동구 독립로  268,56199,간이음식 포장 판매 전문점,45778,45778,2,2,계속,계속,8072501984,80725019840,56199,간이음식 포장 판매 전문점
2091967,0,최태환영수전문학원,61409,광주 동구 밤실로 152-1,85501,일반 교과 학원,43542,43542,0,0,계속,계속,8079900138,80799001380,85501,일반 교과 학원
2091996,0,연월,61417,광주 동구 무등로384번길 13,56111,한식 일반 음식점업,45170,45170,1,1,계속,계속,8080102845,80801028450,56111,한식 일반 음식점업
2092535,0,GS25광주GS점,61488,광주 동구 문화전당로35번길 17,47122,체인화 편의점,45810,45810,1,1,계속,계속,8083001865,80830018650,47122,체인화 편의점
2092580,0,김병원법무사,61445,광주광역시 동구  동명로 102-2,71103,법무사업,43922,43922,3,3,계속,계속,8083400734,80834007340,71103,법무사업
2092660,0,운림골농원(달달한레시피),61492,광주 동구 운림길 57-7,56111,한식 일반 음식점업,45019,45019,1,1,계속,계속,8084200103,80842001030,56111,한식 일반 음식점업
2092893,0,롯데광주닥스신사,61470,광주광역시 동구 독립로 268,47411,남자용 겉옷 소매업,45658,45658,1,1,계속,계속,8087400439,80874004390,47411,남자용 겉옷 소매업
2093082,0,주식회사프로블럼솔빙센터,61436,광주 동구 장동로 23-3,14191,셔츠 및 블라우스 제조업,45117,45117,1,1,계속,계속,8088102828,80881028280,14191,셔츠 및 블라우스 제조업
2093204,0,유앤미건설(주),61503,광주광역시 동구  소태길3번길 8,41999,건설업본사,42339,42339,0,1,계속,계속,8088600204,80886002040,41999,건설업본사
2093205,0,유앤미건설(주),61503,광주광역시 동구  소태길3번길 8,42499,그 외 기타 건축 마무리 공사업,42354,42354,2,2,일괄유기,일괄유기,8088600204,80886002046,42499,그 외 기타 건축 마무리 공사업
2093223,0,주식회사캠프파이어애니웍스,61475,광주광역시 동구 금남로 245,59112,애니메이션 영화 및 비디오물 제작업,42911,42911,43,43,계속,계속,8088600577,80886005770,59112,애니메이션 영화 및 비디오물 제작업
2093621,0,주식회사 좋은에프앤비,61475,광주 동구 금남로 231,71519,기타 산업 회사 본부,45231,45231,2,2,계속,계속,8088802768,80888027680,71519,기타 산업 회사 본부
2093694,0,대중치과의원,61473,광주광역시 동구  제봉로 187,86202,치과 의원,42669,42669,2,2,계속,계속,8089500282,80895002820,86202,치과 의원
2093901,0,짱어댁,61414,광주광역시 동구 계림로30번길 15,46315,신선,,,,,,,,,,
2094312,0,동양미싱,61478,광주 동구 천변우로  329-17,47859,그 외 기타 분류 안된 상품 전문 소매업,45555,45555,1,1,계속,계속,8092701330,80927013300,47859,그 외 기타 분류 안된 상품 전문 소매업
2094824,0,주식회사커피스타트,61494,광주 동구 의재로136번길 2-3,46599,그 외 기타 기계 및 장비 도매업,44655,44655,5,5,계속,계속,8098102568,80981025680,46599,그 외 기타 기계 및 장비 도매업
2095087,0,(주)해소,61419,광주광역시 동구 독립로 350,46431,생활용 가구 도매업,44998,44998,4,4,계속,계속,8098602700,80986027000,46431,생활용 가구 도매업
2095126,0,주식회사비피엘에스(광주),61483,광주 동구 중앙로160번길 3-6,47419,기타 의복 소매업,42339,42339,2,2,계속,계속,8098700238,80987002380,47419,기타 의복 소매업
2096228,0,본도시락 광주조선대점,61448,광주 동구 필문대로 265,56111,한식 일반 음식점업,43160,43160,9,8,계속,계속,8104300419,81043004190,56111,한식 일반 음식점업
2096558,0,명문건설 주식회사,61430,광주광역시 동구 동계로15번길 4,41999,건설업본사,44159,44159,1,2,계속,계속,8108102078,81081020780,41999,건설업본사
2096559,0,명문건설 주식회사,61430,광주 동구 동계로15번길 4,42191,조적 및 석 공사업,44214,44358,1,1,일괄유기,일괄유기,8108102078,81081020786,42191,조적 및 석 공사업
2096659,0,법무법인이인광주분사무소,61440,광주광역시 동구  동명로 107,71101,변호사업,42095,42095,1,1,계속,계속,8108500082,81085000820,71101,변호사업
2097719,0,랍스터바광주롯데백화점지점,61470,광주 동구 독립로 268,56123,서양식 음식점업,44317,44317,2,2,계속,계속,8112801169,81128011690,56123,서양식 음식점업
2098138,0,다정한노인재가복지센터,61411,광주 동구 필문대로159번길 1-10,87293,방문 복지서비스 제공업,44805,44805,32,22,계속,계속,8118002394,81180023940,87293,방문 복지서비스 제공업
2098187,0,(주)브이로이드,61472,광주 동구 금남로 193-22,58222,응용 소프트웨어 개발 및 공급업,44440,44440,1,1,계속,계속,8118101000,81181010000,58222,응용 소프트웨어 개발 및 공급업
2099584,0,삼거리고깃간,61413,광주광역시 동구 중앙로290번길 16,47212,육류 소매업,45255,45255,2,2,계속,계속,8123701261,81237012610,47212,육류 소매업
2099672,0,러블리베이비(lovelybaby),61420,광주광역시 동구 중흥로 237,46463,장난감 및 취미,,,,,,,,,,
2100710,0,베다라이프,61436,광주 동구 동계천로 150,47912,전자상거래 소매업,44409,44409,1,1,계속,계속,8130101775,81301017750,47912,전자상거래 소매업
2102523,0,샘물약국,61468,광주 동구 제봉로 52,47811,의약품 및 의료용품 소매업,45110,45110,1,1,계속,계속,8140402161,81404021610,47811,의약품 및 의료용품 소매업
2102527,0,메가엠지씨커피광주법원점,61445,광주 동구 동명로 114,56221,커피 전문점,45204,45204,1,1,계속,계속,8140402633,81404026330,56221,커피 전문점
2102658,0,상도초밥,61490,광주 동구 제봉로17번길 23-1,56122,일식 음식점업,44410,44410,2,2,계속,계속,8141001805,81410018050,56122,일식 음식점업
2103244,0,다가양조장,61436,광주 동구 장동로 5-5,56111,한식 일반 음식점업,45261,45261,1,1,계속,계속,8145600804,81456008040,56111,한식 일반 음식점업
2103678,0,유한회사엠에스통신,61421,광주 동구 무등로306번길 22,46522,통신,,,,,,,,,,
2103787,0,주식회사에이맥스미술학원,61431,광주 동구 중앙로 226,85629,기타 예술학원,42248,42248,50,50,계속,계속,8148700259,81487002590,85629,기타 예술학원
2104023,0,유한회사팜원,61402,광주광역시 동구 중앙로 358,46441,의약품 도매업,44928,44928,1,1,계속,계속,8148802384,81488023840,46441,의약품 도매업
2104544,0,동국기업,61400,광주광역시 동구 독립로384번길 5,33910,간판 및 광고물 제조업,45831,45831,1,1,계속,계속,8152000225,81520002250,33910,간판 및 광고물 제조업
2104762,0,동명라운지,61436,광주광역시 동구 장동로 7,56123,서양식 음식점업,45694,45694,1,1,계속,계속,8153501515,81535015150,56123,서양식 음식점업
2106060,0,애플파이오더,61431,광주광역시 동구 제봉로158번길 3,56221,커피 전문점,45733,45733,1,1,계속,계속,8160702891,81607028910,56221,커피 전문점
2106086,0,법률사무소법나루,61440,광주 동구 지산로 85,71101,변호사업,43255,43255,2,2,계속,계속,8160900669,81609006690,71101,변호사업
2106177,0,비비안웨스트우드,61470,광주 동구 독립로 268,47412,여자용 겉옷 소매업,43952,43952,1,1,계속,계속,8161301272,81613012720,47412,여자용 겉옷 소매업
2106260,0,황룡강드래곤,61483,광주광역시 동구 충장로안길 22,56121,중식 음식점업,45839,45839,5,5,계속,계속,8161602059,81616020590,56121,중식 음식점업
2106822,0,고우나어린이집,61514,광주 동구 남문로 307,87210,보육시설 운영업,43410,43410,7,7,계속,계속,8168001177,81680011770,87210,보육시설 운영업
2107468,0,주식회사가나산업개발,61432,광주 동구 동명로67번길 32-9,41999,건설업본사,44398,44398,1,1,계속,계속,8168802207,81688022070,41999,건설업본사
2107711,0,사랑채,61460,광주 동구 의재로 49,56111,한식 일반 음식점업,45628,45628,21,21,계속,계속,8170403188,81704031880,56111,한식 일반 음식점업
2107813,0,지에스(GS)25광주호반점,61514,광주광역시 동구 남문로 307,47122,체인화 편의점,43344,43344,1,0,계속,계속,8171000858,81710008580,47122,체인화 편의점
2108279,0,컷팅,61487,광주 동구 백서로125번길 34-2,47912,전자상거래 소매업,44992,44992,1,1,계속,계속,8174500961,81745009610,47912,전자상거래 소매업
2108315,0,폴리아,61434,광주 동구 동명로14번길 1,56111,한식 일반 음식점업,43891,43891,1,1,계속,계속,8175000382,81750003820,56111,한식 일반 음식점업
2108835,0,지역주택조합컨설팅주식회사,61441,광주광역시 동구 밤실로 39,71531,경영 컨설팅업,44036,44036,1,1,계속,계속,8178601191,81786011910,71531,경영 컨설팅업
2108856,0,고흥에너지주식회사,61474,광주 동구 서석로85번길 8-12,35114,태양력 발전업,43941,43941,1,1,계속,계속,8178601639,81786016390,35114,태양력 발전업
2109940,0,동부충전소,61499,광주광역시 동구 남문로 615,47723,가정용 가스연료 소매업,44197,44197,11,11,계속,계속,8183500820,81835008200,47723,가정용 가스연료 소매업
2110505,0,(주)광주그린섬,61474,광주 동구 중앙로 212,85629,기타 예술학원,42644,42644,7,7,계속,계속,8188600517,81886005170,85629,기타 예술학원
2110520,0,(주)공간플러스,61423,광주 동구 중앙로 281-1,41999,건설업본사,43132,43132,1,2,계속,계속,8188600856,81886008560,41999,건설업본사
2110521,0,(주)공간플러스,61423,광주 동구 중앙로 281-1,42412,도배,,,,,,,,,,
2111189,0,하프커피 익스프레스 광주롯데점,61470,광주광역시 동구 제봉로 221-31,56221,커피 전문점,45929,45929,4,4,계속,계속,8190503181,81905031810,56221,커피 전문점
2111332,0,열평집밥김치찌개,61434,광주광역시 동구 동계천로 157-1,56111,한식 일반 음식점업,43378,43378,1,1,계속,계속,8191200824,81912008240,56111,한식 일반 음식점업
2111358,0,디자인토리,61405,광주 동구 필문대로 110,47520,가구 소매업,43466,43466,1,1,계속,계속,8191301062,81913010620,47520,가구 소매업
2111710,0,지모바일,61482,광주 동구 충장로 101-5,46522,통신,,,,,,,,,,
2112452,0,주식회사카카오,61460,광주 동구 의재로 43,47121,슈퍼마켓,42186,42186,2,1,계속,계속,8198700026,81987000260,47121,슈퍼마켓
2112794,0,허니펀치,61434,광주 동구 동계천로 151,90191,공연 기획업,43640,44129,0,0,계속,계속,8199400456,81994004560,90191,공연 기획업
2112850,0,금호장례식장구내매점,61458,광주 동구 남문로 697,47129,기타 음ㆍ식료품 위주 종합 소매업,44562,44562,4,4,계속,계속,8200102170,82001021700,47129,기타 음ㆍ식료품 위주 종합 소매업
2113815,0,(주)제이엠하우징,61405,광주 동구 무등로 405,68129,기타 부동산 개발 및 공급업,44805,44805,1,1,계속,계속,8208101509,82081015090,68129,기타 부동산 개발 및 공급업
2114461,0,드렁큰베어,61434,광주 동구 동명로26번길 9-1,56219,기타 주점업,45778,45778,2,2,계속,계속,8210103298,82101032980,56219,기타 주점업
2114677,0,핏미톤미,61482,광주 동구 충장로 105,85709,기타 교육지원 서비스업,45205,45205,1,1,계속,계속,8211002398,82110023980,85709,기타 교육지원 서비스업
2114776,0,충장로커버낫,61483,광주 동구 충장로 94,47419,기타 의복 소매업,45139,45139,1,1,계속,계속,8211602181,82116021810,47419,기타 의복 소매업
2115331,0,고망고 광주 충장점,61483,광주 동구 충장로 94-9,56229,기타 비알코올 음료점업,45422,45422,5,5,계속,계속,8217100595,82171005950,56229,기타 비알코올 음료점업
2115349,0,최두진법률사무소,61444,광주 동구 준법로 10,71101,변호사업,44075,44075,1,1,계속,계속,8217600265,82176002650,71101,변호사업
2115401,0,보라방문간호센터,61514,광주광역시 동구 남문로 377,87293,방문 복지서비스 제공업,45231,45231,12,6,계속,계속,8218002483,82180024830,87293,방문 복지서비스 제공업
2116053,0,주식회사호호브라더스,61432,광주 동구 동명로 59,56111,한식 일반 음식점업,45109,45109,1,1,계속,계속,8218803004,82188030040,56111,한식 일반 음식점업
2116086,0,에브리독애견미용학원,61483,광주 동구 충장로 72,85669,기타 기술 및 직업훈련학원,43862,43862,2,2,계속,계속,8219001197,82190011970,85669,기타 기술 및 직업훈련학원
2116541,0,어트렉션,61482,광주 동구 금남로 242-5,47912,전자상거래 소매업,44986,44986,12,12,계속,계속,8221501290,82215012900,47912,전자상거래 소매업
2117104,0,광주은행 어린이집,61470,광주 동구 제봉로 225,87210,보육시설 운영업,43525,43525,14,14,계속,계속,8228001231,82280012310,87210,보육시설 운영업
2117283,0,사단법인 광주영화영상인연대,61474,광주 동구 예술길15번길 10-1,59141,영화관 운영업,43132,43132,5,5,계속,계속,8228200196,82282001960,59141,영화관 운영업
2117732,0,유한회사선건디앤씨,61418,광주 동구 경양로 383,68224,부동산 분양 대행업,44418,44418,1,1,계속,계속,8228802293,82288022930,68224,부동산 분양 대행업
2117950,0,왕빈자전통주막,61479,광주 동구 천변우로 361-24,56111,한식 일반 음식점업,45135,45135,1,1,계속,계속,8230302979,82303029790,56111,한식 일반 음식점업
2118473,0,인더하우스,61475,광주 동구 중앙로196번길 31-9,56229,기타 비알코올 음료점업,43606,43606,1,1,계속,계속,8233800600,82338006000,56229,기타 비알코올 음료점업
2119132,0,주식회사 포케이스토어,61470,광주 동구 독립로  268,47223,조리 반찬류 소매업,45733,45733,2,2,계속,계속,8238603383,82386033830,47223,조리 반찬류 소매업
2119789,0,메디치 컴퍼니(MEDICI COMPANY),61488,광주광역시 동구  문화전당로23번길 38-1,96999,그 외 기타 달리 분류되지 않은 개인 서비스업,42766,42766,3,3,계속,계속,8241200490,82412004900,96999,그 외 기타 달리 분류되지 않은 개인 서비스업
2120187,0,숨바꼭질 방탈출카페,61482,광주 동구 금남로 250-9,91229,기타 오락장 운영업,44593,44593,1,1,계속,계속,8244000794,82440007940,91229,기타 오락장 운영업
2120983,0,주식회사대양산업개발,61479,광주광역시 동구 구성로148번길 10-2,68122,비주거용 건물 개발 및 공급업,45474,45474,1,1,계속,계속,8248800520,82488005200,68122,비주거용 건물 개발 및 공급업
2121012,0,주식회사인그래픽스,61404,광주광역시 동구  필문대로 50-2,58190,기타 인쇄물 출판업,43503,43503,5,5,계속,계속,8248801043,82488010430,58190,기타 인쇄물 출판업
2121321,0,지에이치(GH)자연건강무등신통센타,61471,광주 동구 독립로264번길 12,47812,의료용 기구 소매업,43804,43804,2,2,계속,계속,8250601337,82506013370,47812,의료용 기구 소매업
2121554,0,정인정보,61445,광주 동구 동명로98번길 17-3,46510,컴퓨터 및 주변장치,,,,,,,,,,
2121585,0,성민디지털인쇄,61487,광주 동구 문화전당로 9,18111,경 인쇄업,43580,43580,1,1,계속,계속,8252000727,82520007270,18111,경 인쇄업
2121777,0,쎄쎄쎄,61434,광주 동구 동계천로 143-17,56161,피자,,,,,,,,,,
2122522,0,주식회사태산경호그룹,61423,광주광역시 동구  구성로 260,75310,경비 및 경호 서비스업,43617,43617,4,4,계속,계속,8258701035,82587010350,75310,경비 및 경호 서비스업
2122553,0,주식회사김송,61458,광주광역시 동구 남문로 693,68112,비주거용 건물 임대업,45354,45354,1,1,계속,계속,8258701675,82587016750,68112,비주거용 건물 임대업
2123501,0,텐퍼센트커피 광주무등로점,61405,광주광역시 동구 무등로 403,56221,커피 전문점,45817,45817,1,1,계속,계속,8263701542,82637015420,56221,커피 전문점
2123727,0,로드139,61483,광주 동구 중앙로160번길 25-2,47912,전자상거래 소매업,43466,43466,3,3,계속,계속,8267000176,82670001760,47912,전자상거래 소매업
2123819,0,(유)나노산업,61487,광주 동구 문화전당로 35-1,47591,전기용품 및 조명장치 소매업,43073,43073,0,0,계속,계속,8268100094,82681000940,47591,전기용품 및 조명장치 소매업
2124333,0,주식회사헬프포유,61475,광주 동구 금남로 245,47912,전자상거래 소매업,45108,45108,1,1,계속,계속,8268703190,82687031900,47912,전자상거래 소매업
2124534,0,소명한방병원,61404,광주 동구 참판로 27,86104,한방 병원,44512,44512,28,27,계속,계속,8269301679,82693016790,86104,한방 병원
2124788,0,하이드어웨이(Hideaway),61430,광주 동구 동계천로 107,56111,한식 일반 음식점업,44986,44986,1,1,계속,계속,8271001645,82710016450,56111,한식 일반 음식점업
2125120,0,이음새,61434,광주광역시 동구 동계천로 131,56111,한식 일반 음식점업,45566,45566,2,2,계속,계속,8273201536,82732015360,56111,한식 일반 음식점업
2125208,0,법률사무소이해,61441,광주 동구 지산로 74-8,71101,변호사업,42474,42474,2,2,계속,계속,8274100204,82741002040,71101,변호사업
2126066,0,주식회사코볶,61447,광주 동구 지호로 161-7,56221,커피 전문점,43344,43344,2,2,계속,계속,8278801232,82788012320,56221,커피 전문점
2126115,0,주식회사 이리바,61475,광주 동구 중앙로196번길 29,90199,그 외 기타 창작 및 예술관련 서비스업,44564,44564,1,1,계속,계속,8278802245,82788022450,90199,그 외 기타 창작 및 예술관련 서비스업
2126120,0,케이에이치개발주식회사,61413,광주 동구 중앙로290번길 2,41999,건설업본사,44652,44652,1,1,계속,계속,8278802376,82788023760,41999,건설업본사
2126303,0,산들가람 법률사무소,61445,광주 동구 동명로 110,71103,법무사업,45366,45366,1,1,계속,계속,8280103310,82801033100,71103,법무사업
2127390,0,숨(SOOM),61436,광주 동구 장동로 53-9,56221,커피 전문점,44851,44851,1,1,계속,계속,8288502228,82885022280,56221,커피 전문점
2127786,0,비앤비테크놀로지주식회사,61487,광주 동구 문화전당로 19-1,58221,시스템 소프트웨어 개발 및 공급업,44743,44743,1,1,계속,계속,8288801889,82888018890,58221,시스템 소프트웨어 개발 및 공급업
2128104,0,플래닉(PLANIC),61476,광주 동구 금남로 170-32,71531,경영 컨설팅업,44470,44470,1,1,계속,계속,8290701689,82907016890,71531,경영 컨설팅업
2128366,0,반조애광주점,61484,광주 동구 서석로 17,47830,시계 및 귀금속 소매업,43647,43647,1,1,계속,계속,8292100987,82921009870,47830,시계 및 귀금속 소매업
2128401,1,제일건설,61417,광주 동구 산수길39번길 20-4,,,43592,,1,0,일괄유기,,8292300787,82923007876,,
2128452,0,케이티(KT)광주빌딩구내식당,61431,광주 동구 제봉로 166,56130,기관 구내식당업,44893,44893,1,1,계속,계속,8292601472,82926014720,56130,기관 구내식당업
2128503,0,제로젯,61475,광주광역시 동구 금남로 245,58219,기타 게임 소프트웨어 개발 및 공급업,45778,45778,2,2,계속,계속,8293001523,82930015230,58219,기타 게임 소프트웨어 개발 및 공급업
2129108,0,법무법인 참진,61445,광주광역시 동구 동명로110번길 6,71101,변호사업,45778,45778,1,1,계속,계속,8298503031,82985030310,71101,변호사업
2129877,0,아이앤제이,61511,광주 동구 녹동길 94-8,47422,의복 액세서리 및 모조 장신구 소매업,44562,44562,1,1,계속,계속,8301102161,83011021610,47422,의복 액세서리 및 모조 장신구 소매업
2129993,0,월간맥주 계림점,61421,광주 동구 경양로 233,56213,생맥주 전문점,45078,45078,1,1,계속,계속,8301701640,83017016400,56213,생맥주 전문점
2130890,0,주식회사코체,61463,광주광역시 동구  남문로 692-1,59113,광고 영화 및 비디오물 제작업,44470,44470,1,1,계속,계속,8308602188,83086021880,59113,광고 영화 및 비디오물 제작업
2130891,1,주식회사 코체,61463,광주광역시 동구 남문로 692-1,,,45553,,1,0,일괄유기,,8308602188,83086021886,,
2131636,0,영진하우징,61415,광주광역시 동구 경양로 303-15,47513,벽지,,,,,,,,,,
2131871,0,커버낫(COVERNAT),61470,광주광역시 동구 독립로 268,47414,셔츠 및 블라우스 소매업,45677,45677,1,1,계속,계속,8312601719,83126017190,47414,셔츠 및 블라우스 소매업
2131894,0,Motoroutlet(모터아울렛),61470,광주 동구 제봉로 207-1,45302,모터사이클 및 부품 소매업,43647,43647,1,1,계속,계속,8312900273,83129002730,45302,모터사이클 및 부품 소매업
2132185,0,박지현부동산,61468,광주 동구 제봉로 58,68221,부동산 중개 및 대리업,44927,44927,1,1,계속,계속,8316500344,83165003440,68221,부동산 중개 및 대리업
2132215,0,법무사황영수사무소,61441,광주 동구 지산로78번길 13,71103,법무사업,44317,44317,1,1,계속,계속,8317100404,83171004040,71103,법무사업
2132671,0,주식회사원이엔텍,61410,광주 동구 밤실로136번길 4-1,41999,건설업본사,42989,42989,4,4,계속,계속,8318700628,83187006280,41999,건설업본사
2132672,0,주식회사원이엔텍,61410,광주 동구 밤실로136번길 4-1,42202,건물용 기계장비 설치 공사업,43243,43243,4,4,일괄유기,일괄유기,8318700628,83187006286,42202,건물용 기계장비 설치 공사업
2132881,0,법무법인동명파트너스,61445,광주 동구 지산로 73,71101,변호사업,44410,44410,4,4,계속,계속,8318802303,83188023030,71101,변호사업
2133225,0,미로,61432,광주 동구 동명로67번길 32-3,56111,한식 일반 음식점업,45337,45337,1,1,계속,계속,8320902015,83209020150,56111,한식 일반 음식점업
2133242,0,SM엔지니어링,61514,광주광역시 동구 남문로 377,72121,건물 및 토목 엔지니어링 서비스업,44781,44781,1,1,계속,계속,8321000920,83210009200,72121,건물 및 토목 엔지니어링 서비스업
2133544,0,황솔촌충장점,61484,광주 동구 중앙로160번길 16-10,56111,한식 일반 음식점업,42614,42614,30,30,계속,계속,8322900349,83229003490,56111,한식 일반 음식점업
2133566,0,그린산업,61490,광주 동구 제봉로17번길 13-6,47513,벽지,,,,,,,,,,
2133593,0,카페이솝,61469,광주 동구 제봉로 14,56229,기타 비알코올 음료점업,42371,42371,1,1,계속,계속,8323300064,83233000640,56229,기타 비알코올 음료점업
2133618,0,하이스포츠,61470,광주 동구 독립로 268,46464,운동 및 경기용품 도매업,44927,44927,3,3,계속,계속,8323501257,83235012570,46464,운동 및 경기용품 도매업
2133912,0,스마일 가정의학과,61508,광주광역시 동구 용산3길 4,86201,일반 의원,45720,45720,3,3,계속,계속,8327700603,83277006030,86201,일반 의원
2134896,0,홈타운커피스탠드,61465,광주 동구 제봉로82번길 13-11,56221,커피 전문점,45017,45017,3,3,계속,계속,8330802398,83308023980,56221,커피 전문점
2135446,0,제이솜메이크업,61484,광주광역시 동구 서석로7번길 6-27,96113,피부 미용업,45914,45914,4,4,계속,계속,8335101167,83351011670,96113,피부 미용업
2135876,0,대인개발 주식회사,61432,광주 동구 동명로67번길 18-2,41999,건설업본사,42492,42492,1,1,계속,계속,8338600501,83386005010,41999,건설업본사
2135877,0,대인개발(주),61432,광주 동구 동명로67번길 18-2,42110,건물 및 구축물 해체 공사업,42656,42656,2,2,일괄유기,일괄유기,8338600501,83386005016,42110,건물 및 구축물 해체 공사업
2136400,0,카페달링계림직영점,61424,광주광역시 동구 경양로 234,56111,한식 일반 음식점업,45413,45413,3,3,계속,계속,8340103237,83401032370,56111,한식 일반 음식점업
2136444,0,세움진로학습코칭센터,61475,광주 동구 금남로 245,85701,교육관련 자문 및 평가업,44137,44137,1,1,계속,계속,8340302187,83403021870,85701,교육관련 자문 및 평가업
2138318,0,지에스25산수광명점,61438,광주 동구 무등로 530-1,47122,체인화 편의점,44866,44866,6,6,계속,계속,8351402018,83514020180,47122,체인화 편의점
2138642,0,삼구식당조선대점,61449,광주 동구 필문대로287번길 26,56111,한식 일반 음식점업,44567,44567,3,3,계속,계속,8353600889,83536008890,56111,한식 일반 음식점업
2139493,0,(유)디커피스토리,61466,광주 동구 서남로  1,56221,커피 전문점,43159,43159,1,1,계속,계속,8358800990,83588009900,56221,커피 전문점
2140117,0,곰로지스,61415,광주 동구 계림로20번길 16-9,49301,일반 화물자동차 운송업,44124,44124,1,1,계속,계속,8362500741,83625007410,49301,일반 화물자동차 운송업
2141487,0,오공이(502),61483,광주 동구 중앙로160번길 15-2,47412,여자용 겉옷 소매업,43742,43742,0,0,계속,계속,8370701147,83707011470,47412,여자용 겉옷 소매업
2142221,0,동구리채뜰어린이집,61514,광주 동구 육판서길 17,87210,보육시설 운영업,44075,44075,11,11,계속,계속,8378001849,83780018490,87210,보육시설 운영업
2142364,0,주식회사호시정키친,61411,광주 동구 밤실로 105-2,56123,서양식 음식점업,45170,45170,1,1,계속,계속,8378102995,83781029950,56123,서양식 음식점업
2142601,0,주식회사아로마무드랩(AROMAMOODLABInc.),61436,광주광역시 동구 동계천로 150,47813,화장품,,,,,,,,,,
2143131,0,싸움의고수,61480,광주 동구 중앙로 163,56111,한식 일반 음식점업,44348,44348,1,1,계속,계속,8380401983,83804019830,56111,한식 일반 음식점업
2143288,0,비에이와이(BAY),61474,광주광역시 동구 예술길 31-11,47813,화장품,,,,,,,,,,
2143533,0,기분좋은푸드마켓,61464,광주 동구 남문로 687,47121,슈퍼마켓,45413,45413,5,5,계속,계속,8382701774,83827017740,47121,슈퍼마켓
2143725,0,제일엔지니어링,61451,광주 동구 지호로70번길 11,42500,시설물 유지관리 공사업,44725,44725,0,0,일괄유기,일괄유기,8384700827,83847008276,42500,시설물 유지관리 공사업
2143750,0,뽐뿌집 남원추어탕2,61462,광주광역시 동구 의재로 64,56111,한식 일반 음식점업,45962,45962,1,1,계속,계속,8385001210,83850012100,56111,한식 일반 음식점업
2143884,0,뽁식당 광주동명동,61436,광주광역시 동구 동계천로 126-5,56123,서양식 음식점업,45901,45901,4,4,계속,계속,8387600623,83876006230,56123,서양식 음식점업
2144321,0,주식회사 리게인,61475,광주광역시 동구 금남로 245,58222,응용 소프트웨어 개발 및 공급업,45483,45483,1,1,계속,계속,8388603236,83886032360,58222,응용 소프트웨어 개발 및 공급업
2144619,0,주식회사 휴먼러벗,61445,광주광역시 동구 지산로 73,58222,응용 소프트웨어 개발 및 공급업,45444,45444,1,1,계속,계속,8388803166,83888031660,58222,응용 소프트웨어 개발 및 공급업
2146175,0,유한회사 탑이에스,61498,광주 동구 남문로622번길 11-21,46593,정밀기기 및 과학기기 도매업,44257,44257,2,2,계속,계속,8398801026,83988010260,46593,정밀기기 및 과학기기 도매업
2146648,0,스페이스플래닝,61472,광주 동구 금남로 193-12,63120,포털 및 기타 인터넷 정보매개 서비스업,44713,44713,2,2,계속,계속,8401301940,84013019400,63120,포털 및 기타 인터넷 정보매개 서비스업
2146719,0,더블디,61484,광주 동구 서석로7번길 6-35,47419,기타 의복 소매업,44652,44652,1,1,계속,계속,8401700463,84017004630,47419,기타 의복 소매업
2146881,0,맷도리,61434,광주 동구 동명로 18,56111,한식 일반 음식점업,43831,43831,3,3,계속,계속,8402800246,84028002460,56111,한식 일반 음식점업
2147999,0,강영희부동산(면세),61450,광주광역시 동구  지산로38번길 9,68112,비주거용 건물 임대업,44972,44972,2,2,계속,계속,8409301355,84093013550,68112,비주거용 건물 임대업
2148153,0,우미관,61511,광주 동구 화산로350번길 69,56111,한식 일반 음식점업,45108,45108,6,6,계속,계속,8410402407,84104024070,56111,한식 일반 음식점업
2148203,0,에이씨씨주차장,61487,광주 동구 남동,52915,주차장 운영업,43995,43995,1,1,계속,계속,8410601834,84106018340,52915,주차장 운영업
2148268,0,달콤메이크업,61488,광주 동구 서석로 6,96113,피부 미용업,43724,43724,1,1,계속,계속,8410900909,84109009090,96113,피부 미용업
2148392,0,청기와가스 판매소,61495,광주광역시 동구 소태길 72,47723,가정용 가스연료 소매업,45670,45670,2,2,계속,계속,8411502626,84115026260,47723,가정용 가스연료 소매업
2149709,0,광주그랜드치과의원,61437,광주광역시 동구 필문대로 179,86202,치과 의원,45911,45911,5,5,계속,계속,8419601868,84196018680,86202,치과 의원
2149884,0,광카롱,61470,광주 동구 독립로  268,10603,과자류 및 코코아 제품 제조업,45398,45398,3,3,계속,계속,8420602229,84206022290,10603,과자류 및 코코아 제품 제조업
2150265,0,할리스커피,61449,광주 동구 필문대로273번길 12,56221,커피 전문점,42191,42191,1,1,계속,계속,8423000115,84230001150,56221,커피 전문점
2150454,0,커볶,61447,광주광역시 동구 지호로 161-7,56221,커피 전문점,45962,45962,8,8,계속,계속,8424800992,84248009920,56221,커피 전문점
2150991,0,주식회사더유성메탈,61400,광주 동구 서암대로 308-8,46622,철물,,,,,,,,,,
2151017,0,파도유한책임회사,61455,광주광역시 동구 남문로753번길 20,58212,모바일 게임 소프트웨어 개발 및 공급업,45139,45139,1,1,계속,계속,8428602594,84286025940,58212,모바일 게임 소프트웨어 개발 및 공급업
2151960,0,보보식당,61430,광주 동구 동계로15번길 7,56123,서양식 음식점업,43862,43862,1,1,계속,계속,8432900562,84329005620,56123,서양식 음식점업
2152118,0,희피희피,61436,광주 동구 동명로 8-6,56111,한식 일반 음식점업,44349,44349,1,1,계속,계속,8434300495,84343004950,56111,한식 일반 음식점업
2152286,0,무등산지역주택조합,61410,광주 동구 밤실로116번길 7,68121,주거용 건물 개발 및 공급업,44713,44713,1,1,계속,계속,8436900461,84369004610,68121,주거용 건물 개발 및 공급업
2152845,0,주식회사씨디엠,61481,광주광역시 동구 금남로 202,47912,전자상거래 소매업,45474,45474,1,1,계속,계속,8438702406,84387024060,47912,전자상거래 소매업
2153949,1,덕건기업/건설일괄,61504,광주광역시 동구 화산로351번길 4,,,45978,,5,0,일괄유기,,8446100492,84461004926,,
2154763,0,주식회사 종합건축사사무소태건,61474,광주 동구 제봉로 137,72111,건축설계 및 관련 서비스업,45901,45901,3,3,계속,계속,8448803346,84488033460,72111,건축설계 및 관련 서비스업
2155374,0,계림동잔치집,61419,광주 동구 무등로306번길 6-1,56111,한식 일반 음식점업,44287,44287,3,3,계속,계속,8452700924,84527009240,56111,한식 일반 음식점업
2155691,0,으뜸플러스안경 광주충장로점,61484,광주 동구 중앙로 158-1,46493,안경,,,,,,,,,,
2156054,0,(주)에스씨에이아카데미광주,61482,광주 동구 금남로 238,85669,기타 기술 및 직업훈련학원,42471,42471,13,13,계속,계속,8458600386,84586003860,85669,기타 기술 및 직업훈련학원
2157023,0,법무사박장운사무소,61444,광주 동구 준법로 32-2,71103,법무사업,44200,44200,2,2,계속,계속,8462101429,84621014290,71103,법무사업
2157184,0,법무사 송승주사무소,61444,광주광역시 동구 준법로 10-1,71103,법무사업,45383,45383,2,2,계속,계속,8463401579,84634015790,71103,법무사업
2157274,0,빵과장미,61480,광주광역시 동구 충장로46번길 8,56150,제과점업,45861,45861,1,1,계속,계속,8464201195,84642011950,56150,제과점업
2157325,0,대풍쪽갈비,61436,광주 동구 장동로43번길 7,56111,한식 일반 음식점업,44317,44317,1,1,계속,계속,8465000304,84650003040,56111,한식 일반 음식점업
2157327,0,코지코지,61436,광주 동구 장동로 7,56121,중식 음식점업,43977,43977,3,3,계속,계속,8465000468,84650004680,56121,중식 음식점업
2157627,0,주식회사푸른하늘,61472,광주 동구 구성로 180,75210,여행사업,45139,45139,2,1,계속,계속,8468102723,84681027230,75210,여행사업
2158057,0,유한회사엠앤엔테크,61452,광주 동구 조선대길 184,20119,석탄화학계 화합물 및 기타 기초 유기화학물질 제조업,42705,42705,0,0,계속,계속,8468800480,84688004800,20119,석탄화학계 화합물 및 기타 기초 유기화학물질 제조업
2158145,0,주식회사예술약방,61478,광주 동구 천변우로 339,85701,교육관련 자문 및 평가업,44805,44805,1,1,계속,계속,8468802644,84688026440,85701,교육관련 자문 및 평가업
2158541,0,법무사박순일사무소,61441,광주 동구 지산로 70,71103,법무사업,42172,42172,1,1,계속,계속,8471200061,84712000610,71103,법무사업
2158771,0,요긴한가게,61494,광주 동구 의재로136번길 6,47912,전자상거래 소매업,45323,45323,1,1,계속,계속,8472401495,84724014950,47912,전자상거래 소매업
2158991,0,법무사 류재석 사무소,61433,광주 동구 필문대로218번길 9-1,71109,기타 법무관련 서비스업,43496,43496,2,2,계속,계속,8474200393,84742003930,71109,기타 법무관련 서비스업
2159123,0,변호사조인형법률사무소,61445,광주광역시 동구 지산로73,71101,변호사업,42083,42083,4,4,계속,계속,8475700024,84757000240,71101,변호사업
2159982,0,점프스타줄넘기클럽(계림동),61413,광주광역시 동구 동계로 71,85612,기타 스포츠 교육기관,45870,45870,4,4,계속,계속,8479002257,84790022570,85612,기타 스포츠 교육기관
2160192,0,에그드랍충장점,61484,광주 동구 중앙로160번길 30-1,56111,한식 일반 음식점업,43626,43626,6,4,계속,계속,8480601266,84806012660,56111,한식 일반 음식점업
2160730,0,일등건설중기,61489,광주 동구 양림로119번길 7,42600,건설장비 운영업,44075,44075,1,1,계속,계속,8484300660,84843006600,42600,건설장비 운영업
2160935,0,두산위브도담어린이집,61412,광주광역시 동구 무등로 374,87210,보육시설 운영업,43344,43344,4,4,계속,계속,8488001039,84880010390,87210,보육시설 운영업
2161137,0,사단법인 광주환경운동연합,61401,광주 동구 중앙로 349-8,94931,환경운동 단체,44562,44562,3,3,계속,계속,8488200432,84882004320,94931,환경운동 단체
2163934,0,하남돼지집충장로점,61487,광주 동구 서석로 40,56111,한식 일반 음식점업,45200,45200,8,8,계속,계속,8502501843,85025018430,56111,한식 일반 음식점업
2164643,0,주식회사엘에이치엔컴퍼니,61482,광주 동구 충장로 71,47190,그 외 기타 종합 소매업,43040,43040,0,0,계속,계속,8508600729,85086007290,47190,그 외 기타 종합 소매업
2164913,0,주식회사 볼러스,61402,광주 동구 중앙로 358,91134,볼링장 운영업,44990,44990,5,5,계속,계속,8508702821,85087028210,91134,볼링장 운영업
2165116,0,노영창수학학원,61436,광주 동구 동계천로 136,85501,일반 교과 학원,43101,43101,1,1,계속,계속,8509500115,85095001150,85501,일반 교과 학원
2166128,0,주식회사지디엘컴퍼니,61445,광주광역시 동구 필문대로241번길 5,68221,부동산 중개 및 대리업,44743,44743,1,1,계속,계속,8518102012,85181020120,68221,부동산 중개 및 대리업
2166294,0,주식회사 털보의커피놀이터,61435,광주 동구 필문대로 242-7,10891,커피 가공업,43670,43670,2,2,계속,계속,8518601037,85186010370,10891,커피 가공업
2166321,0,주식회사 이코르,61472,광주광역시 동구  금남로 193-22,58221,시스템 소프트웨어 개발 및 공급업,43983,43983,1,1,계속,계속,8518601599,85186015990,58221,시스템 소프트웨어 개발 및 공급업
2166908,0,달려라휘트니스 문화전당점 파나타 오피셜센터,61487,광주 동구 서석로 40,91132,체력단련시설 운영업,45481,45481,1,1,계속,계속,8520503081,85205030810,91132,체력단련시설 운영업
2167106,0,알뤼르 & 폰드,61484,광주광역시 동구 서석로7번길 6-11,47414,셔츠 및 블라우스 소매업,43525,43525,1,1,계속,계속,8521500462,85215004620,47414,셔츠 및 블라우스 소매업
2167229,0,원로그카페,61416,광주광역시 동구 동계로 38,56221,커피 전문점,45108,45108,1,1,계속,계속,8522201682,85222016820,56221,커피 전문점
2167248,0,칠링,61436,광주광역시 동구 장동로 5-3,56219,기타 주점업,45505,45505,4,4,계속,계속,8522301923,85223019230,56219,기타 주점업
2167608,0,인생갈비847,61419,광주 동구 무등로304번길 9,56111,한식 일반 음식점업,43853,43853,4,4,계속,계속,8526200355,85262003550,56111,한식 일반 음식점업
2167737,0,(유)더원주택건설,61477,광주 동구 독립로226번길 11,41999,건설업본사,42523,42523,3,3,계속,계속,8528100017,85281000170,41999,건설업본사
2168448,0,비트원디제이아카데미학원,61432,광주 동구 동명로 49,85621,음악학원,44682,44682,3,3,계속,계속,8529500144,85295001440,85621,음악학원
2168464,0,아톰1초어학원,61475,광주 동구 중앙로196번길 31-10,85631,외국어학원,43697,43697,0,0,계속,계속,8529700828,85297008280,85631,외국어학원
2168768,0,대명 인터내셔널,61474,광주 동구 예술길 31-11,33999,그 외 기타 달리 분류되지 않은 제품 제조업,45065,45065,1,1,계속,계속,8531301489,85313014890,33999,그 외 기타 달리 분류되지 않은 제품 제조업
2169388,0,동구천사노인복지센터,61462,광주 동구 증심천로33번길 6,87111,노인 요양 복지시설 운영업,44193,44193,31,25,계속,계속,8538002006,85380020060,87111,노인 요양 복지시설 운영업
2170458,0,변호사배준영법률사무소,61444,광주광역시 동구  준법로 28,71101,변호사업,42189,42189,1,1,계속,계속,8541400078,85414000780,71101,변호사업
2170557,0,래트바이티롯데광주,61470,광주광역시 동구 독립로 268,47412,여자용 겉옷 소매업,45658,45658,1,1,계속,계속,8541900530,85419005300,47412,여자용 겉옷 소매업
2170646,0,토마카츠충장점,61483,광주광역시 동구  중앙로160번길 3,56229,기타 비알코올 음료점업,43792,43792,3,3,계속,계속,8542400801,85424008010,56229,기타 비알코올 음료점업
2170664,0,에프원드론요트,61452,광주광역시 동구 서남동 (서석동),31312,무인 항공기 및 무인 비행장치 제조업,43678,43678,1,1,계속,계속,8542500467,85425004670,31312,무인 항공기 및 무인 비행장치 제조업
2171022,0,생생대패,61405,광주 동구 무등로 399,56111,한식 일반 음식점업,44870,44870,1,1,계속,계속,8546900476,85469004760,56111,한식 일반 음식점업
2171391,0,주식회사 미향지주,61492,광주 동구 의재로 161,68221,부동산 중개 및 대리업,43740,43740,1,1,계속,계속,8548601467,85486014670,68221,부동산 중개 및 대리업
2171467,0,(유)홍일점,61484,광주 동구 서석로7번길 12-35,56150,제과점업,45717,45717,4,4,계속,계속,8548603335,85486033350,56150,제과점업
2171999,0,인아웃프로젝트,61429,광주광역시 동구 동계천로 87,73203,시각 디자인업,42865,42865,1,1,계속,계속,8550500540,85505005400,73203,시각 디자인업
2172640,0,피스커피랩,61434,광주광역시 동구 동명로14번길 6,56221,커피 전문점,45778,45778,2,2,계속,계속,8555300949,85553009490,56221,커피 전문점
2172682,0,디에스인프라(DSInfra),61417,광주 동구 무등로 408-1,22299,그 외 기타 플라스틱 제품 제조업,43739,43739,1,1,계속,계속,8556000331,85560003310,22299,그 외 기타 플라스틱 제품 제조업
2172850,0,케이탑개발주식회사,61445,광주광역시 동구 지산로 67,68122,비주거용 건물 개발 및 공급업,43739,43739,1,1,계속,계속,8558100428,85581004280,68122,비주거용 건물 개발 및 공급업
2173425,0,(주)백상주택건설,61482,광주광역시 동구 금남로 220,68129,기타 부동산 개발 및 공급업,42982,42982,3,3,계속,계속,8558800596,85588005960,68129,기타 부동산 개발 및 공급업
2174005,0,투썸플레이스광주계림스테이션점,61405,광주 동구 무등로 405,56221,커피 전문점,44635,44635,8,7,계속,계속,8561801654,85618016540,56221,커피 전문점
2174080,0,멀티솔 ( Multi-sole ),61451,광주 동구 지호로 68,47912,전자상거래 소매업,45376,45376,1,1,계속,계속,8562202174,85622021740,47912,전자상거래 소매업
2175972,0,곰이네,61482,광주 동구 충장로 93-10,56191,김밥 및 기타 간이 음식점업,43586,43586,3,3,계속,계속,8574200522,85742005220,56191,김밥 및 기타 간이 음식점업
2176231,0,동구피망어린이집,61401,광주 동구 무등로 319,87210,보육시설 운영업,44927,44927,10,10,계속,계속,8578002347,85780023470,87210,보육시설 운영업
2176750,0,법무법인 인의로,61445,광주 동구 지산로63번길  3,71101,변호사업,45778,45778,8,8,계속,계속,8578703608,85787036080,71101,변호사업
2176964,0,오킴스치과의원,61468,광주 동구 백서로175번길 12-4,86202,치과 의원,43556,43556,4,4,계속,계속,8579700779,85797007790,86202,치과 의원
2177107,0,여성크로커다일금남로점,61485,광주 동구 서석로 56,47412,여자용 겉옷 소매업,43102,43102,1,1,계속,계속,8580600755,85806007550,47412,여자용 겉옷 소매업
2177218,0,지(G)삼성보일러,61406,광주 동구 필문대로 142-1,25121,산업용 난방보일러 및 방열기 제조업,43559,43559,0,0,계속,계속,8581100725,85811007250,25121,산업용 난방보일러 및 방열기 제조업
2177219,0,지(G)삼성보일러,61406,광주광역시 동구 필문대로 142-1,42209,기타 건물 관련설비 설치 공사업,43628,43628,1,1,일괄유기,일괄유기,8581100725,85811007256,42209,기타 건물 관련설비 설치 공사업
2177406,0,1623푸드,61419,광주 동구 중흥로 219-17,47129,기타 음ㆍ식료품 위주 종합 소매업,43831,43831,1,1,계속,계속,8582100777,85821007770,47129,기타 음ㆍ식료품 위주 종합 소매업
2177410,0,솔리,61480,광주광역시 동구 충장로58번길 8-7,47912,전자상거래 소매업,45953,45953,4,4,계속,계속,8582101795,85821017950,47912,전자상거래 소매업
2177472,0,믿음의료기,61401,광주 동구 무등로307번길 6-19,47812,의료용 기구 소매업,43881,43881,1,1,계속,계속,8582600277,85826002770,47812,의료용 기구 소매업
2177651,0,고기듬뿍대왕비빔밥&냉면,61433,광주 동구 필문대로192번길 6-8,56111,한식 일반 음식점업,44245,44245,3,3,계속,계속,8583900660,85839006600,56111,한식 일반 음식점업
2179234,0,땡기요동구점,61437,광주 동구 필문대로191번길 5-29,56111,한식 일반 음식점업,42380,42380,0,0,계속,계속,8593000108,85930001080,56111,한식 일반 음식점업
2180057,0,주식회사 학명건설,61473,광주 동구 구성로194번길 7,41999,건설업본사,43209,43209,2,3,계속,계속,8598701004,85987010040,41999,건설업본사
2180058,0,주식회사 학명건설,61473,광주 동구 구성로194번길 7,41119,기타 공동 주택 건설업,43266,43266,6,5,일괄유기,일괄유기,8598701004,85987010046,41119,기타 공동 주택 건설업
2180224,0,유한회사새무광주,61473,광주 동구 구성로 194-1,62090,기타 정보기술 및 컴퓨터운영 관련 서비스업,45148,45148,1,1,계속,계속,8598801414,85988014140,62090,기타 정보기술 및 컴퓨터운영 관련 서비스업
2180990,0,지에스(GS)25충장아트점,61481,광주 동구 중앙로 179,47122,체인화 편의점,44683,44683,8,8,계속,계속,8603301073,86033010730,47122,체인화 편의점
2181129,0,매일빵긋,61414,광주광역시 동구 계림로30번길 15,56150,제과점업,43992,43992,2,2,계속,계속,8604800613,86048006130,56150,제과점업
2181223,0,르딕255,61424,광주 동구 경양로  234,47912,전자상거래 소매업,45859,45859,1,1,계속,계속,8606500769,86065007690,47912,전자상거래 소매업
2181347,0,주식회사티와이홀딩스,61473,광주 동구 구성로204번길 13,41999,건설업본사,43437,43437,6,6,계속,계속,8608100696,86081006960,41999,건설업본사
2181476,0,주식회사헬프티처,61472,광주광역시 동구 금남로 193-22,58222,응용 소프트웨어 개발 및 공급업,45316,45316,1,1,계속,계속,8608103257,86081032570,58222,응용 소프트웨어 개발 및 공급업
2182317,0,매담,61436,광주 동구 동계천로 168,56122,일식 음식점업,45860,45860,4,4,계속,계속,8610803223,86108032230,56122,일식 음식점업
2182409,0,제이원케어,61496,광주광역시 동구  학소로76번길 11,46442,의료용품 도매업,43731,43731,1,1,계속,계속,8611401075,86114010750,46442,의료용품 도매업
2182633,0,불노리야,61449,광주 동구 필문대로287번길 15-14,56111,한식 일반 음식점업,44931,44931,4,4,계속,계속,8612701075,86127010750,56111,한식 일반 음식점업
2183364,0,주식회사루이스,61455,광주 동구 남문로753번길 20,71531,경영 컨설팅업,43586,43586,1,1,계속,계속,8618601131,86186011310,71531,경영 컨설팅업
2183423,0,주식회사 수란,61451,광주광역시 동구 지호로 92,41999,건설업본사,45717,45717,2,2,계속,계속,8618602431,86186024310,41999,건설업본사
2183942,0,리치메디칼,61421,광주 동구 독립로 338,46441,의약품 도매업,43617,43617,1,1,계속,계속,8620400293,86204002930,46441,의약품 도매업
2184299,0,로레나,61470,광주 동구 독립로 268,47419,기타 의복 소매업,43891,43891,1,1,계속,계속,8622201054,86222010540,47419,기타 의복 소매업
2184469,0,한솥도시락조선대정문점,61468,광주 동구 백서로176번길 10,56111,한식 일반 음식점업,43252,43252,3,3,계속,계속,8623400290,86234002900,56111,한식 일반 음식점업
2184958,0,유한회사진인사,61473,광주광역시 동구 구성로 194-1,46441,의약품 도매업,45597,45597,2,2,계속,계속,8628102818,86281028180,46441,의약품 도매업
2185030,0,히노아지 롯데광주점,61470,광주 동구 독립로 268,56111,한식 일반 음식점업,43528,43528,1,1,계속,계속,8628500934,86285009340,56111,한식 일반 음식점업
2185972,0,풍국면광주학동점,61464,광주 동구 남문로 689,56111,한식 일반 음식점업,45292,45292,1,1,계속,계속,8632002033,86320020330,56111,한식 일반 음식점업
2185986,0,벨에포크,61484,광주 동구 서석로 17,47411,남자용 겉옷 소매업,43983,43983,2,2,계속,계속,8632100901,86321009010,47411,남자용 겉옷 소매업
2186053,0,씨유문화전당점,61465,광주 동구 제봉로 98,47122,체인화 편의점,43832,43832,3,3,계속,계속,8632600833,86326008330,47122,체인화 편의점
2186079,0,랩(LAB)온라인마케팅,61472,광주광역시 동구 금남로 195-1,71310,광고 대행업,45737,45737,3,3,계속,계속,8632801592,86328015920,71310,광고 대행업
2186258,0,더시락,61463,광주 동구 남문로 686,56111,한식 일반 음식점업,44136,44136,1,1,계속,계속,8634800553,86348005530,56111,한식 일반 음식점업
2186635,0,(유)디커피스토리(학동점),61498,광주광역시 동구 남문로 646,56221,커피 전문점,45363,45363,1,1,계속,계속,8638501751,86385017510,56221,커피 전문점
2186802,0,주식회사 그섬,61508,광주 동구 용산4길 5,68129,기타 부동산 개발 및 공급업,45323,45323,1,1,계속,계속,8638603299,86386032990,68129,기타 부동산 개발 및 공급업
2187531,0,카페점보,61483,광주 동구 중앙로160번길 15-2,56229,기타 비알코올 음료점업,43014,43014,1,1,계속,계속,8641700493,86417004930,56229,기타 비알코올 음료점업
2187848,0,머핀,61432,광주 동구 동명로 35,56211,일반 유흥주점업,45231,45231,1,1,계속,계속,8644001001,86440010010,56211,일반 유흥주점업
2187964,0,미송,61460,광주광역시 동구 의재로 59,47419,기타 의복 소매업,45689,45689,1,1,계속,계속,8645800216,86458002160,47419,기타 의복 소매업
2187982,0,법무사양동실사무소,61441,광주 동구 준법로 3-10,71103,법무사업,42500,42500,1,1,계속,계속,8646300073,86463000730,71103,법무사업
2189033,0,홍여사,61433,광주광역시 동구 필문대로192번길 3,56111,한식 일반 음식점업,45497,45497,1,1,계속,계속,8650802624,86508026240,56111,한식 일반 음식점업
2189192,0,이끌림풋앤타이,61484,광주 동구 천변우로 405-6,47813,화장품,,,,,,,,,,
2189447,0,동부인테리어,61456,광주 동구 학동안길 46,41129,기타 비주거용 건물 건설업,44783,44783,1,1,일괄유기,일괄유기,8653700043,86537000436,41129,기타 비주거용 건물 건설업
2190413,0,약손한의원,61460,광주 동구 의재로 77,86203,한의원,42641,42641,8,7,계속,계속,8659400240,86594002400,86203,한의원
2190562,0,신세계 식자재,61463,광주 동구 남문로 686,47129,기타 음ㆍ식료품 위주 종합 소매업,44627,44627,5,5,계속,계속,8660402497,86604024970,47129,기타 음ㆍ식료품 위주 종합 소매업
2191232,0,사보타지,61430,광주 동구 동계천로95번길 12,56123,서양식 음식점업,44203,44203,1,3,계속,계속,8665500550,86655005500,56123,서양식 음식점업
2191350,0,보조개1,61436,광주 동구 동명로 8-3,56111,한식 일반 음식점업,44958,44958,1,1,계속,계속,8667700402,86677004020,56111,한식 일반 음식점업
2191885,0,주식회사 빠리꼬미,61484,광주 동구 서석로7번길 12-14,56161,피자,,,,,,,,,,
2192912,0,광주메디텍,61421,광주 동구 독립로 338,47811,의약품 및 의료용품 소매업,44896,44896,1,1,계속,계속,8675900605,86759006050,47811,의약품 및 의료용품 소매업
2193288,0,(주)태영포스타,61508,광주광역시 동구 용산1로 4,68122,비주거용 건물 개발 및 공급업,42431,42431,1,1,계속,계속,8678600047,86786000470,68122,비주거용 건물 개발 및 공급업
2193688,0,주식회사편안,61508,광주광역시 동구 용산4길 22,46442,의료용품 도매업,45139,45139,2,2,계속,계속,8678802452,86788024520,46442,의료용품 도매업
2193690,0,(주)한국산업안전연구원,61452,광주광역시 동구 조선대1길 17,33910,간판 및 광고물 제조업,45029,45029,1,1,계속,계속,8678802506,86788025060,33910,간판 및 광고물 제조업
2193850,0,디자인포유(designforyou),61465,광주 동구 장동로 2,46799,그 외 기타 상품 전문 도매업,44568,44568,3,3,계속,계속,8680202238,86802022380,46799,그 외 기타 상품 전문 도매업
2194750,0,새만금관광레저주식회사,61474,광주 동구 서석로85번길 8-12,68129,기타 부동산 개발 및 공급업,43132,43132,1,1,계속,계속,8688100841,86881008410,68129,기타 부동산 개발 및 공급업
2195038,0,주식회사 원인터내셔널,61436,광주 동구 동계천로 150,26299,그 외 기타 전자부품 제조업,44621,44621,8,8,계속,계속,8688602349,86886023490,26299,그 외 기타 전자부품 제조업
2195328,0,주식회사제이앤메디칼,61514,광주광역시 동구 남문로 347-1,46441,의약품 도매업,44013,44013,6,6,계속,계속,8688801742,86888017420,46441,의약품 도매업
2195548,0,대화세무회계,61445,광주 동구 동명로 110,71202,세무사업,43605,43605,1,0,계속,계속,8690401027,86904010270,71202,세무사업
2195599,0,이지클린,61502,광주 동구 지원로12번길 1,74212,산업설비,,,,,,,,,,
2195769,0,태원메디칼,61487,광주 동구 문화전당로 15,46441,의약품 도매업,44958,44958,1,1,계속,계속,8691501168,86915011680,46441,의약품 도매업
2197028,0,주식회사 프리퀀시,61474,광주 동구 제봉로  157,59112,애니메이션 영화 및 비디오물 제작업,45505,45505,3,3,계속,계속,8698802671,86988026710,59112,애니메이션 영화 및 비디오물 제작업
2197880,0,프롬프트,61436,광주 동구 동명로 6,56123,서양식 음식점업,45566,45566,1,1,계속,계속,8705000966,87050009660,56123,서양식 음식점업
2199120,0,슈퍼마켓 자연숲 충장점,61479,광주 동구 구성로152번길 18,47121,슈퍼마켓,45323,45323,4,4,계속,계속,8711302507,87113025070,47121,슈퍼마켓
2199229,0,전일약국,61409,광주 동구 갈마로 46,47811,의약품 및 의료용품 소매업,45474,45474,1,1,계속,계속,8712002029,87120020290,47811,의약품 및 의료용품 소매업
2199288,0,365문화전당약국,61487,광주 동구 서석로 46,47811,의약품 및 의료용품 소매업,43898,43898,1,1,계속,계속,8712500759,87125007590,47811,의약품 및 의료용품 소매업
2199363,0,미니스톱구시청점,61487,광주 동구 문화전당로35번길 15,47122,체인화 편의점,44107,44107,0,0,계속,계속,8713100629,87131006290,47122,체인화 편의점
2200204,0,주식회사비율(B-YUL),61436,광주 동구 제봉로110번길 17,41999,건설업본사,44211,44211,4,4,계속,계속,8718702003,87187020030,41999,건설업본사
2200205,0,주식회사비율(B-YUL),61436,광주 동구 제봉로110번길 17,42412,도배,,,,,,,,,,
2201952,0,주식회사엔에스트레이딩,61447,광주광역시 동구  지호로 154,46329,기타 가공식품 도매업,42430,42430,3,3,계속,계속,8728800271,87288002710,46329,기타 가공식품 도매업
2202032,0,(유)대한전기안전관리,61501,광주 동구 학소로76번길 14,72129,기타 엔지니어링 서비스업,44365,44365,13,13,계속,계속,8728802003,87288020030,72129,기타 엔지니어링 서비스업
2202079,0,유한회사 충지로,61483,광주 동구 중앙로160번길 15-18,56111,한식 일반 음식점업,45821,45821,1,1,계속,계속,8728803036,87288030360,56111,한식 일반 음식점업
2202548,0,주명당 광주동명본점,61436,광주광역시 동구 장동로 15-2,56219,기타 주점업,45931,45931,4,4,계속,계속,8731602557,87316025570,56219,기타 주점업
2202605,0,해안식당 광주동명점,61465,광주광역시 동구 제봉로98번길 11-19,56111,한식 일반 음식점업,45627,45627,2,2,계속,계속,8731902091,87319020910,56111,한식 일반 음식점업
2202629,0,씨엠맘삼성병원,61464,광주 동구 남문로 689,86102,일반 병원,43258,43258,89,89,계속,계속,8732100704,87321007040,86102,일반 병원
2202723,0,겸손,61434,광주 동구 동계천로 151-31,56221,커피 전문점,45261,45261,1,1,계속,계속,8732801513,87328015130,56221,커피 전문점
2202756,0,명솔촌,61426,광주광역시 동구 제봉로222번길 6,56111,한식 일반 음식점업,45659,45659,1,1,계속,계속,8733001684,87330016840,56111,한식 일반 음식점업
2202794,0,안경더하기,61455,광주 동구 남문로753번길 20,47822,안경 및 렌즈 소매업,42919,42919,1,1,계속,계속,8733400378,87334003780,47822,안경 및 렌즈 소매업
2202804,0,본플뤼,61467,광주 동구 백서로 220,56111,한식 일반 음식점업,45170,45170,3,3,계속,계속,8733401343,87334013430,56111,한식 일반 음식점업
2202883,0,면식당 광주 충장로점,61483,광주광역시 동구 충장로 106,56112,한식 면요리 전문점,45992,45992,4,4,계속,계속,8734301379,87343013790,56112,한식 면요리 전문점
2203555,0,주식회사에스디메디칼,61508,광주 동구 용산2길 25,46442,의료용품 도매업,43800,43800,1,1,계속,계속,8738701451,87387014510,46442,의료용품 도매업
2204134,0,오아시타,61434,광주 동구 동명로20번길 20,55109,기타 일반 및 생활 숙박시설 운영업,43082,43082,1,1,계속,계속,8741000093,87410000930,55109,기타 일반 및 생활 숙박시설 운영업
2204408,0,우송산업,61410,광주 동구 밤실로 100,42500,시설물 유지관리 공사업,44761,44761,1,1,일괄유기,일괄유기,8742500971,87425009716,42500,시설물 유지관리 공사업
2204910,0,(주)세종씨앤씨,61478,광주광역시 동구 천변우로 339,68121,주거용 건물 개발 및 공급업,42471,42471,5,5,계속,계속,8748100434,87481004340,68121,주거용 건물 개발 및 공급업
2205076,0,인정세무법인 광주지점,61484,광주 동구 중앙로 150,71202,세무사업,42370,42370,6,6,계속,계속,8748500204,87485002040,71202,세무사업
2205589,0,주식회사 정고고,61481,광주광역시 동구 중앙로 183,14499,그 외 기타 의복액세서리 제조업,45505,45505,1,1,계속,계속,8748803051,87488030510,14499,그 외 기타 의복액세서리 제조업
2205773,0,에끌레르(Eclair),61484,광주 동구 서석로7번길 6-35,91299,그 외 기타 분류 안된 오락관련 서비스업,45022,45022,1,1,계속,계속,8750401833,87504018330,91299,그 외 기타 분류 안된 오락관련 서비스업
2206470,0,미림액자,61475,광주 동구 예술길 14,47841,예술품 및 골동품 소매업,44607,44607,1,1,계속,계속,8755500554,87555005540,47841,예술품 및 골동품 소매업
2207516,0,라코스테광주점,61482,광주 동구 충장로 97,46413,남녀용 겉옷 및 셔츠 도매업,42982,42982,1,1,계속,계속,8760700686,87607006860,46413,남녀용 겉옷 및 셔츠 도매업
2207662,0,금동봉자순대국밥,61487,광주 동구 백서로125번길 28-1,56111,한식 일반 음식점업,44081,44081,3,3,계속,계속,8761301181,87613011810,56111,한식 일반 음식점업
2207923,0,깁미타코,61436,광주 동구 장동로 19-1,56129,기타 외국식 음식점업,45170,45170,8,7,계속,계속,8762901654,87629016540,56129,기타 외국식 음식점업
2208219,0,패러슈트,61465,광주광역시 동구 장동로 4-1,56111,한식 일반 음식점업,43466,43466,7,7,계속,계속,8766600169,87666001690,56111,한식 일반 음식점업
2210566,0,아이오씨(주),61484,광주 동구 중앙로160번길  18-1,71519,기타 산업 회사 본부,44927,44927,1,1,계속,계속,8778702845,87787028450,71519,기타 산업 회사 본부
2211017,0,더더더헬프,61462,광주 동구 증심천로 33-7,47912,전자상거래 소매업,45078,45078,1,1,계속,계속,8780702337,87807023370,47912,전자상거래 소매업
2211242,0,브뤼셀프라이 광주충장점,61483,광주광역시 동구 중앙로160번길 31,56199,간이음식 포장 판매 전문점,45766,45766,8,8,계속,계속,8781602488,87816024880,56199,간이음식 포장 판매 전문점
2211499,0,행복식당,61441,광주광역시 동구 밤실로 45,56111,한식 일반 음식점업,45505,45505,1,1,계속,계속,8783401218,87834012180,56111,한식 일반 음식점업
2211507,0,무등한정식,61422,광주 동구 경양로 245,56111,한식 일반 음식점업,43789,43789,2,2,계속,계속,8783500569,87835005690,56111,한식 일반 음식점업
2211728,0,엄마네빵집,61426,광주 동구 제봉로 220,56150,제과점업,44013,44013,1,1,계속,계속,8785900401,87859004010,56150,제과점업
2212239,0,주식회사 톡톡교육연구소,61471,광주 동구 독립로 258,85709,기타 교육지원 서비스업,43891,43891,1,1,계속,계속,8788701363,87887013630,85709,기타 교육지원 서비스업
2213017,0,헤어12.5본점,61436,광주 동구 제봉로110번길 19,96112,두발 미용업,45309,45309,1,1,계속,계속,8792201993,87922019930,96112,두발 미용업
2213286,0,디딤,61406,광주 동구 필문대로 150,42420,유리 및 창호 공사업,44440,44440,1,1,일괄유기,일괄유기,8794900652,87949006526,42420,유리 및 창호 공사업
2213431,0,주안미술관,61473,광주 동구 제봉로 197,90221,박물관 운영업,42339,42339,4,4,계속,계속,8798000238,87980002380,90221,박물관 운영업
2213686,0,디어미크충장로점,61483,광주 동구 중앙로160번길 15-11,56199,간이음식 포장 판매 전문점,45566,45566,2,2,계속,계속,8798502963,87985029630,56199,간이음식 포장 판매 전문점
2214573,0,지에스25광주대중,61473,광주광역시 동구 제봉로 187,47122,체인화 편의점,43715,43715,4,1,계속,계속,8801800930,88018009300,47122,체인화 편의점
2214624,0,카페세상,61437,광주 동구 필문대로191번길 35-2,47912,전자상거래 소매업,44986,44986,1,1,계속,계속,8802101230,88021012300,47912,전자상거래 소매업
2214688,0,올데이피크닉,61436,광주 동구 제봉로110번길 20,56123,서양식 음식점업,44501,44501,1,1,계속,계속,8802401129,88024011290,56123,서양식 음식점업
2215230,0,주식회사고기팜,61494,광주 동구 의재로136번길 26,47919,기타 통신 판매업,44371,44371,2,2,계속,계속,8808101705,88081017050,47919,기타 통신 판매업
2215488,0,주식회사에듀야,61474,광주광역시 동구  예술길 31-16,85640,사회교육시설,44540,44540,5,5,계속,계속,8808602238,88086022380,85640,사회교육시설
2215727,0,주식회사상단스튜디오,61475,광주광역시 동구 금남로 239,59112,애니메이션 영화 및 비디오물 제작업,43556,43556,20,20,계속,계속,8808801266,88088012660,59112,애니메이션 영화 및 비디오물 제작업
2216523,0,에이스메디칼,61421,광주 동구 독립로 338,47811,의약품 및 의료용품 소매업,44158,44158,3,3,계속,계속,8813800775,88138007750,47811,의약품 및 의료용품 소매업
2216616,0,메가MGC커피광주용산점,61508,광주 동구 용산2로 3,56221,커피 전문점,43955,43955,3,3,계속,계속,8814900470,88149004700,56221,커피 전문점
2217244,0,주식회사제이앤에스메디칼,61511,광주 동구 칠전길 14-2,47811,의약품 및 의료용품 소매업,42654,42654,4,4,계속,계속,8818700564,88187005640,47811,의약품 및 의료용품 소매업
2217881,0,모정,61459,광주 동구 의재로 15,68212,비주거용 부동산 관리업,45231,45231,1,1,계속,계속,8821301658,88213016580,68212,비주거용 부동산 관리업
2218104,0,에이미,61484,광주 동구 천변우로 393-3,73301,인물사진 및 행사용 영상 촬영업,43754,43754,1,1,계속,계속,8822900698,88229006980,73301,인물사진 및 행사용 영상 촬영업
2218476,0,동행복재가복지센터,61439,광주광역시 동구 필문대로191번길 8,87293,방문 복지서비스 제공업,45931,45931,4,4,계속,계속,8828003361,88280033610,87293,방문 복지서비스 제공업
2218797,0,주식회사에브리웨어,61487,광주 동구 문화전당로 41,47912,전자상거래 소매업,44562,44562,8,8,계속,계속,8828602480,88286024800,47912,전자상거래 소매업
2219909,0,네일 ON,61483,광주 동구 중앙로 162,96113,피부 미용업,43525,43525,1,1,계속,계속,8834400485,88344004850,96113,피부 미용업
2220412,0,유한회사 평화축산마트,61464,광주 동구 남문로 679-1,47212,육류 소매업,43770,43770,7,7,계속,계속,8838601505,88386015050,47212,육류 소매업
2220638,0,주식회사바숲텐서,61472,광주 동구 금남로  193-12,58222,응용 소프트웨어 개발 및 공급업,44531,44531,4,4,계속,계속,8838702312,88387023120,58222,응용 소프트웨어 개발 및 공급업
2220684,0,주식회사 태일조명,61452,광주 동구 조선대길 184,28422,일반용 전기 조명장치 제조업,42865,42865,0,0,계속,계속,8838800247,88388002470,28422,일반용 전기 조명장치 제조업
2221312,0,코르코르디자인Corcordesign,61467,광주 동구 서남로  33,41999,건설업본사,44795,44795,1,1,계속,계속,8841901239,88419012390,41999,건설업본사
2221660,0,파리바게뜨광주소태역,61499,광주광역시 동구 남문로 589,56150,제과점업,45234,45234,4,4,계속,계속,8845100832,88451008320,56150,제과점업
2221946,0,주식회사홍익주택개발,61477,광주 동구 독립로226번길 13-2,68129,기타 부동산 개발 및 공급업,44562,44562,1,1,계속,계속,8848102045,88481020450,68129,기타 부동산 개발 및 공급업
2222189,0,유한회사 더리치컴퍼니,61488,광주 동구 서석로 14,75210,여행사업,45383,45383,3,3,계속,계속,8848602472,88486024720,75210,여행사업
2222317,0,주식회사 제이에이치산업개발,61447,광주 동구 밤실로4번길 43,41999,건설업본사,44378,44378,1,1,계속,계속,8848702106,88487021060,41999,건설업본사
2222318,0,주식회사 제이에이치산업개발,61447,광주광역시 동구 밤실로4번길 43,42209,기타 건물 관련설비 설치 공사업,45267,45267,1,1,일괄유기,일괄유기,8848702106,88487021066,42209,기타 건물 관련설비 설치 공사업
2222973,0,현순당구장,61471,광주 동구 독립로264번길 6,91135,당구장 운영업,44291,44291,1,1,계속,계속,8851901149,88519011490,91135,당구장 운영업
2223003,0,모노브로계림센트럴점,61417,광주 동구 무등로 406-1,96111,이용업,45139,45139,2,2,계속,계속,8852002178,88520021780,96111,이용업
2223037,0,저스트월드,61475,광주 동구 금남로 245,62010,컴퓨터 프로그래밍 서비스업,44896,44896,1,1,계속,계속,8852201737,88522017370,62010,컴퓨터 프로그래밍 서비스업
2223862,0,유한회사제이앤디자인,61448,광주 동구 필문대로273번길 13,71399,그 외 기타 광고 관련 서비스업,44409,44409,7,7,계속,계속,8858602005,88586020050,71399,그 외 기타 광고 관련 서비스업
2224267,0,한국공조덕트,61511,광주 동구 칠전길 57-8,25112,구조용 금속 판제품 및 공작물 제조업,43101,43101,1,1,계속,계속,8860100959,88601009590,25112,구조용 금속 판제품 및 공작물 제조업
2224623,1,지에스25계림그랜드점,61422,광주 동구 경양로 245,,,43831,,3,0,계속,,8861701094,88617010940,,
2224952,0,문화없는도시,61436,광주 동구 장동로 7,56111,한식 일반 음식점업,44805,44805,2,2,계속,계속,8864300833,88643008330,56111,한식 일반 음식점업
2226188,0,우,61430,광주광역시 동구 동명로25번길 9-1,56219,기타 주점업,45968,45968,4,4,계속,계속,8871002743,88710027430,56219,기타 주점업
2226365,0,니혼만땅,61470,광주 동구 독립로 268,56122,일식 음식점업,42461,42461,0,0,계속,계속,8872100270,88721002700,56122,일식 음식점업
2226394,0,불닭발땡초동대문엽기떡볶이조선대점,61449,광주 동구 필문대로273번길 18,56191,김밥 및 기타 간이 음식점업,43617,43617,5,5,계속,계속,8872200942,88722009420,56191,김밥 및 기타 간이 음식점업
2226723,0,메가엠지씨커피광주계림점,61413,광주광역시 동구 중앙로290번길 16,56221,커피 전문점,44600,44600,7,7,계속,계속,8875300776,88753007760,56221,커피 전문점
2226729,0,베트남플레이,61510,광주 동구 화산로238번길 19-3,75210,여행사업,45809,45809,1,1,계속,계속,8875400749,88754007490,75210,여행사업
2226958,0,(주)인비전,61488,광주 동구 백서로 121-1,18111,경 인쇄업,43466,43466,1,1,계속,계속,8878101481,88781014810,18111,경 인쇄업
2227159,0,유한회사 고산조경,61454,광주광역시 동구 남문로 780-1,41999,건설업본사,43571,43571,1,1,계속,계속,8878601564,88786015640,41999,건설업본사
2227160,0,유한회사고산조경,61454,광주 동구 남문로  780-1,41226,조경 건설업,43627,43627,8,1,일괄유기,일괄유기,8878601564,88786015646,41226,조경 건설업
2227350,0,(주)나눔공간,61472,광주 동구 금남로 193-22,58222,응용 소프트웨어 개발 및 공급업,44228,44228,2,2,계속,계속,8878701824,88787018240,58222,응용 소프트웨어 개발 및 공급업
2227629,0,공증인주철수사무소,61441,광주 동구 지산로 74-8,71109,기타 법무관련 서비스업,44054,44054,3,3,계속,계속,8879001353,88790013530,71109,기타 법무관련 서비스업
2227912,0,한솔건축,61422,광주 동구 중흥로 232-1,41999,건설업본사,44691,44691,1,1,계속,계속,8880901362,88809013620,41999,건설업본사
2227913,1,한솔건축,61422,광주 동구 중흥로 232-1,,,44901,,1,0,일괄유기,,8880901362,88809013626,,
2228277,0,변호사이정학법률사무소,61440,광주 동구 동명로 115,71101,변호사업,42977,42977,5,5,계속,계속,8883300432,88833004320,71101,변호사업
2228602,0,제이원 차선도색공사,61492,광주 동구 운림길 71,41999,건설업본사,44531,44531,4,4,계속,계속,8887800317,88878003170,41999,건설업본사
2228699,0,주식회사원코리아,61487,광주 동구 문화전당로 19-1,71511,제조업 회사 본부,44348,44348,1,1,계속,계속,8888101280,88881012800,71511,제조업 회사 본부
2228801,0,광주광역시동구학교밖청소년지원센터,61502,광주 동구 지원로 34,87299,그 외 기타 비거주 복지 서비스업,42309,42309,5,5,계속,계속,8888200105,88882001050,87299,그 외 기타 비거주 복지 서비스업
2229715,0,어떤약사,61489,광주광역시 동구 제봉로 29,47912,전자상거래 소매업,45646,45646,2,2,계속,계속,8891302395,88913023950,47912,전자상거래 소매업
2229736,0,씨유동명푸른길점,61434,광주 동구 동계천로 171,47122,체인화 편의점,45325,45325,3,3,계속,계속,8891402636,88914026360,47122,체인화 편의점
2230535,0,(주)광주그린섬,61474,광주 동구 중앙로 212-1,85629,기타 예술학원,42647,42647,3,3,계속,계속,8898500491,88985004910,85629,기타 예술학원
2230720,0,주식회사 공사중푸드마켓,61473,광주 동구 구성로194번길 15-10,56111,한식 일반 음식점업,44153,44153,2,2,계속,계속,8898700030,88987000300,56111,한식 일반 음식점업
2231113,0,코엔박이비인후과,61421,광주 동구 경양로235번길 1,86201,일반 의원,44896,44896,4,4,계속,계속,8899401662,88994016620,86201,일반 의원
2231422,0,송현약국,61487,광주광역시 동구 백서로 133,47811,의약품 및 의료용품 소매업,44999,44999,3,3,계속,계속,8901101510,89011015100,47811,의약품 및 의료용품 소매업
2231454,0,세븐일레븐 광주동명낭만점,61436,광주광역시 동구 장동로 13,47122,체인화 편의점,45894,45894,4,4,계속,계속,8901202665,89012026650,47122,체인화 편의점
2231660,0,디.와이글로벌,61451,광주 동구 지호로52번길 6,47320,가전제품 소매업,43832,43832,1,1,계속,계속,8902500240,89025002400,47320,가전제품 소매업
2232012,0,광주충장로점새마을식당육,61488,광주 동구 문화전당로35번길 21-1,56113,한식 육류요리 전문점,44198,44198,2,2,계속,계속,8906600262,89066002620,56113,한식 육류요리 전문점
2232115,0,동구골드키즈어린이집,61499,광주 동구 남문로 589,87210,보육시설 운영업,44835,44835,11,11,계속,계속,8908002626,89080026260,87210,보육시설 운영업
2232320,0,지한초등학교(대표관리번호),61513,광주 동구 남계길 37,85120,초등학교,42767,42767,20,20,일괄계속,계속,8908300013,89083000130,85120,초등학교
2232420,0,주식회사 더현윤,61400,광주광역시 동구 무등로 295,56111,한식 일반 음식점업,43253,43253,1,1,계속,계속,8908601274,89086012740,56111,한식 일반 음식점업
2232722,0,주식회사에이치엠타워,61454,광주 동구 남문로 780,68112,비주거용 건물 임대업,44470,44470,4,3,계속,계속,8908800696,89088006960,68112,비주거용 건물 임대업
2233077,0,쿠로시로,61475,광주 동구 금남로 241-7,56122,일식 음식점업,44775,44775,6,6,계속,계속,8910602293,89106022930,56122,일식 음식점업
2233325,0,홍문장칼집,61436,광주 동구 동계천로 132,56111,한식 일반 음식점업,44858,44858,1,1,계속,계속,8912001868,89120018680,56111,한식 일반 음식점업
2233643,0,보울레시피 충장점,61483,광주 동구 중앙로160번길 31-35,56161,피자,,,,,,,,,,
2233984,0,유한회사 심스대부,61483,광주 동구 중앙로160번길 15-3,66199,그 외 기타 금융지원 서비스업,45017,45017,2,2,계속,계속,8918102908,89181029080,66199,그 외 기타 금융지원 서비스업
2234080,0,캐치스피자,61431,광주 동구 동명로 3,56123,서양식 음식점업,44921,44921,19,19,계속,계속,8918502279,89185022790,56123,서양식 음식점업
2234711,0,헤이키커피학동점,61463,광주광역시 동구 남문로 678,56221,커피 전문점,45839,45839,2,2,계속,계속,8920303431,89203034310,56221,커피 전문점
2235144,0,오늘도감자탕에만족한다,61406,광주 동구 무등로 419,56111,한식 일반 음식점업,44927,44927,1,1,계속,계속,8922601484,89226014840,56111,한식 일반 음식점업
2235147,0,이철헤어커커광주롯데백화점점,61470,광주광역시 동구 독립로 268,96112,두발 미용업,45870,45870,4,4,계속,계속,8922601975,89226019750,96112,두발 미용업
2235183,0,파랑새 안경,61486,광주광역시 동구 문화전당로26번길 6,47822,안경 및 렌즈 소매업,45649,45649,1,1,계속,계속,8922901582,89229015820,47822,안경 및 렌즈 소매업
2235330,0,라온스터디카페산수점,61406,광주 동구 무등로 419,90212,독서실 운영업,45345,45345,1,1,계속,계속,8924200786,89242007860,90212,독서실 운영업
2236101,0,(주)비엠에스,61488,광주 동구 천변우로 453,47812,의료용 기구 소매업,42917,42917,3,3,계속,계속,8928800649,89288006490,47812,의료용 기구 소매업
2238097,0,시어링 동명,61432,광주광역시 동구 동명로67번길 14-1,56111,한식 일반 음식점업,45383,45383,3,3,계속,계속,8940502994,89405029940,56111,한식 일반 음식점업
2238274,0,현스냅,61473,광주광역시 동구 제봉로 197,73301,인물사진 및 행사용 영상 촬영업,43617,43617,2,2,계속,계속,8941500281,89415002810,73301,인물사진 및 행사용 영상 촬영업
2238333,0,용산카서비스,61507,광주 동구 화산로335번길 3,95211,자동차 종합 수리업,43377,43377,1,1,계속,계속,8941800899,89418008990,95211,자동차 종합 수리업
2238576,0,엘리스의원,61479,광주 동구 중앙로 157,86201,일반 의원,42856,42856,7,7,계속,계속,8943400244,89434002440,86201,일반 의원
2239064,0,(주)금정유통,61424,광주 동구 경양로 234,47121,슈퍼마켓,45840,45840,9,9,계속,계속,8948103662,89481036620,47121,슈퍼마켓
2240180,0,보름기업,61411,광주광역시 동구 필문대로153번길 22,41999,건설업본사,43878,43878,2,2,계속,계속,8952800270,89528002700,41999,건설업본사
2240260,0,현동건설,61445,광주광역시 동구 동명로98번길 7-54,42131,철골 및 관련 구조물 공사업,45812,45812,1,1,일괄유기,일괄유기,8953501184,89535011846,42131,철골 및 관련 구조물 공사업
2240298,0,법률사무소무진,61445,광주광역시 동구 동명로 102-2,71101,변호사업,42786,42786,3,3,계속,계속,8954000253,89540002530,71101,변호사업
2240495,0,노블이엔티,61492,광주광역시 동구 의재로 149-7,47519,페인트,,,,,,,,,,
2240544,0,라온어린이집,61514,광주광역시 동구 남문로 307,87210,보육시설 운영업,43210,43210,3,3,계속,계속,8958000958,89580009580,87210,보육시설 운영업
2241287,0,소태동지역주택조합,61498,광주 동구 남문로634번길 1-13,68129,기타 부동산 개발 및 공급업,42675,42675,1,1,계속,계속,8960100617,89601006170,68129,기타 부동산 개발 및 공급업
2242183,0,스튜디오오하(STUDIO_OHA),61419,광주 동구 무등로304번길 34,73201,인테리어 디자인업,44749,44749,3,4,계속,계속,8967300410,89673004100,73201,인테리어 디자인업
2242590,0,주식회사치른시빌,61474,광주 동구 서석로85번길 10,85622,미술학원,44742,44742,2,2,계속,계속,8968602382,89686023820,85622,미술학원
2242910,0,(주)우리하우징,61424,광주광역시 동구 경양로 234,68121,주거용 건물 개발 및 공급업,45280,45280,1,1,계속,계속,8968802746,89688027460,68121,주거용 건물 개발 및 공급업
2243062,0,알짜법률사무소,61444,광주 동구 준법로 10-1,71101,변호사업,45261,45261,1,1,계속,계속,8970103126,89701031260,71101,변호사업
2243641,0,꾸시닭,61506,광주 동구 천변좌로630번길 2,56111,한식 일반 음식점업,42797,42797,3,3,계속,계속,8973700128,89737001280,56111,한식 일반 음식점업
2243657,0,로운세무회계사무소,61475,광주 동구 예술길 2,71202,세무사업,45257,45257,1,1,계속,계속,8973701340,89737013400,71202,세무사업
2243720,0,정일건업,61513,광주 동구 육판서길  142,49301,일반 화물자동차 운송업,44090,44090,16,16,계속,계속,8974300532,89743005320,49301,일반 화물자동차 운송업
2243806,0,스튜디오진(STUDIO JIN),61445,광주광역시 동구 동명로98번길 7-20,59112,애니메이션 영화 및 비디오물 제작업,45413,45413,2,2,계속,계속,8975800730,89758007300,59112,애니메이션 영화 및 비디오물 제작업
2244299,0,주식회사 와이제이프로젝트,61474,광주 동구 예술길  31-11,58222,응용 소프트웨어 개발 및 공급업,45444,45444,2,2,계속,계속,8978603119,89786031190,58222,응용 소프트웨어 개발 및 공급업
2244315,0,주식회사 지티에이컴퍼니,61433,광주 동구 필문대로218번길 4-26,10832,천연 및 혼합조제 조미료 제조업,45901,45901,4,4,계속,계속,8978603424,89786034240,10832,천연 및 혼합조제 조미료 제조업
2244440,0,빅아이미디어주식회사,61429,광주 동구 중앙로 248,59111,일반 영화 및 비디오물 제작업,45292,45292,1,1,계속,계속,8978702500,89787025000,59111,일반 영화 및 비디오물 제작업
2244884,0,시스살롱,61466,광주광역시 동구 백서로 219,56221,커피 전문점,45665,45665,1,1,계속,계속,8980800010,89808000100,56221,커피 전문점
2244920,0,베러뷰티(betterbeauty),61464,광주 동구 남문로693번길 11,46443,화장품 및 화장용품 도매업,45281,45281,1,1,계속,계속,8980902465,89809024650,46443,화장품 및 화장용품 도매업
2244935,0,바다양푼이동태탕,61401,광주 동구 무등로307번길 26,56111,한식 일반 음식점업,44596,44596,1,1,계속,계속,8981001079,89810010790,56111,한식 일반 음식점업
2244952,0,카라네일샵,61406,광주 동구 필문대로 172,96119,기타 미용업,44440,44440,2,1,계속,계속,8981100738,89811007380,96119,기타 미용업
2245423,0,임대사업,61432,광주 동구 동명로67번길 22-26,68119,기타 부동산 임대업,45170,45170,1,1,계속,계속,8984600652,89846006520,68119,기타 부동산 임대업
2246543,1,지에스(GS)25학동주공점,61464,광주 동구 남문로693번길 11,,,44378,,1,0,계속,,8990802006,89908020060,,
2246736,0,모다인,61482,광주 동구 중앙로 182,14192,근무복,,,,,,,,,,
2247057,1,남경건축,61405,광주광역시 동구 무등로433번길 30-1,,,44382,,1,0,일괄유기,,8994200598,89942005986,,
2247600,0,법무사법인 무등,61445,광주 동구 동명로 110,71103,법무사업,43161,43161,8,8,계속,계속,8998601062,89986010620,71103,법무사업
2250316,0,광주동구지역자활센터,61475,광주 동구 금남로 231,87299,그 외 기타 비거주 복지 서비스업,37073,37073,11,10,계속,계속,4088211857,90700093271,87299,그 외 기타 비거주 복지 서비스업
2251183,0,제일건설(주),61478,광주광역시 동구 천변우로 339,41999,건설업본사,37773,37773,269,111,계속,계속,1248609636,90700137121,41999,건설업본사
2258742,0,(합자)삼화건설,61473,광주 동구 구성로194번길 15-21,41999,건설업본사,36708,35855,5,11,계속,계속,4088105284,90700537081,41999,건설업본사
2258748,0,(주)협진개발,61503,광주 동구 학소로 12,41999,건설업본사,30621,34881,13,13,계속,계속,4088109164,90700537221,41999,건설업본사
2258760,0,대창건설(주),61472,광주 동구 금남로 181,41999,건설업본사,33848,35796,5,13,계속,계속,4088118436,90700537841,41999,건설업본사
2258773,0,(주)제일풍경채,61478,광주광역시 동구 천변우로 339,41999,건설업본사,33970,34881,3,3,계속,계속,4088125688,90700538421,41999,건설업본사
2258779,0,우린산업개발(주),61478,광주 동구 천변우로 339,41999,건설업본사,36708,35855,2,2,계속,계속,4088128609,90700538681,41999,건설업본사
2258801,0,(주)한성종합조경,61488,광주 동구 천변우로 421,41999,건설업본사,36708,35796,7,15,계속,계속,4088144744,90700539791,41999,건설업본사
2258814,0,(주)거북상사,61507,광주 동구 천변좌로 682-1,41999,건설업본사,37348,37348,11,11,계속,계속,4088151847,90700541201,41999,건설업본사
2258833,0,(재단법인)광주기독교청년회유지재단,61482,광주광역시 동구  금남로 246,94939,기타 시민운동 단체,36708,35796,11,9,계속,계속,4088200063,90700542151,94939,기타 시민운동 단체
2258839,0,빛고을종합사회복지관,61507,광주 동구 천변좌로 656,87131,아동 및 부녀자 거주 복지시설 운영업,35796,34881,23,24,계속,계속,4088209458,90700542321,87131,아동 및 부녀자 거주 복지시설 운영업
2258850,0,광주광역시동구청(대표관리번호),61466,광주 동구 서남로 1,84113,지방행정 집행기관,34121,36526,561,656,일괄계속,계속,4088300041,90700543191,84113,지방행정 집행기관
2258851,0,광주고등검찰청(대표관리번호),61441,광주 동구 준법로 7-12,84409,기타 사법 및 공공질서 행정,37742,36526,182,218,일괄계속,계속,4088300231,90700543411,84409,기타 사법 및 공공질서 행정
2258858,0,광주광역시상수도사업본부정수사업소(대표관리번호),61512,광주 동구 선교로 84-10,36010,생활용수 공급업,37622,39365,24,23,일괄계속,계속,4088301263,90700545241,36010,생활용수 공급업
2258870,0,(주)삼원전력,61475,광주 동구 금남로 227,41999,건설업본사,36161,35796,11,36,계속,계속,4098107742,90700546711,41999,건설업본사
2258876,0,현대환경개발(주),61420,광주 동구 중흥로 237,74211,건축물 일반 청소업,34700,35178,34,33,일괄계속,계속,4098121972,90700547221,74211,건축물 일반 청소업
2258891,0,건도기업(주),61421,광주 동구 독립로 324,75121,임시 및 일용 인력 공급업,35735,35735,286,313,일괄계속,계속,4098133217,90700547751,75121,임시 및 일용 인력 공급업
2258957,0,(주)케이디,61421,광주 동구 독립로 324,74211,건축물 일반 청소업,37623,37623,401,423,일괄계속,계속,4098172700,90700550721,74211,건축물 일반 청소업
2259281,0,(주)동평토건,61421,광주 동구 독립로 324,41999,건설업본사,35798,35855,2,8,계속,계속,4128112353,90700573411,41999,건설업본사
2263428,0,대한미용사회광주광역시동구지회,61475,광주광역시 동구 중앙로196번길 11,94939,기타 시민운동 단체,36708,36069,1,1,계속,계속,4088275695,90700810681,94939,기타 시민운동 단체
2263511,0,광주전남지방법무사회광주지부,61427,광주 동구 제봉로194번길 5-9,71103,법무사업,36708,36069,1,1,계속,계속,4088275792,90700820011,71103,법무사업
2263604,0,해광맨션관리사무소,61408,광주 동구 필문대로145번길 11-12,74100,사업시설 유지관리 서비스업,36708,36526,1,1,계속,계속,8888888888,90700831731,74100,사업시설 유지관리 서비스업
2263717,0,조선대학교 총동창회,61483,광주광역시 동구  충장로 100-1,94990,그 외 기타 협회 및 단체,38348,38348,2,2,계속,계속,4088266594,90700851311,94990,그 외 기타 협회 및 단체
2263882,1,(주)현대환경개발(본사),61420,광주 동구 중흥로 237,,,36892,,0,0,계속,,4098121972,90700864091,,
2264819,1,현대주택관리(주)-롯데백화점,61470,광주 동구 독립로 268,,,38838,,36,0,계속,,4088116476,90700906311,,
2265181,1,(주)에이블씨앤씨 호남지사,61475,광주 동구 예술길 2-1,,,37987,,2,0,계속,,1198134685,90700923671,,
2265660,1,(주)목림,61418,광주 동구 무등로 466,,,34015,,3,0,계속,,4098118711,90700946361,,
2266174,1,건도기업(주),61421,광주 동구 독립로 324,,,37257,,0,0,계속,,4098133217,90700972051,,
2266568,1,현대주택관리(주)-본사,61478,광주 동구 천변우로 339,,,36161,,6,0,계속,,4088116476,90700992611,,
2266646,1,(주)케이디,61421,광주 동구 독립로 324,,,38353,,7,0,계속,,4098172700,90700995691,,
2269266,0,광주광역시교육청창의융합교육원(대표관리번호),61491,광주 동구 의재로109번길 10,84211,교육 행정,36892,36526,12,11,일괄계속,계속,4088300338,90800306561,84211,교육 행정
2269694,0,(사단법인)대한노인회동구지회,61468,광주광역시 동구  서남로 14,87111,노인 요양 복지시설 운영업,39448,39448,4,4,계속,계속,4088214612,90800472081,87111,노인 요양 복지시설 운영업
2270941,0,한솔상사,61509,광주 동구 화산로350번길 18,18111,경 인쇄업,39600,39600,1,0,계속,계속,4081384806,90800853651,18111,경 인쇄업
2270983,2,무풍빌딩,61483,광주광역시 동구 충장로 106,68112,비주거용 건물 임대업,,39264,0,1,,계속,4081316633,90800864891,68112,비주거용 건물 임대업
2271117,0,광주동구지역자활센터 조은복지간병사업,61475,광주 동구 금남로 231,96993,개인 간병 및 유사 서비스업,39692,39692,2,0,계속,계속,4088211857,90800908841,96993,개인 간병 및 유사 서비스업
2271447,1,소망화장품/이마트(동광주)(주),61402,광주 동구 중앙로 358,,,38108,,1,0,계속(일괄전환),,1398111288,90800985121,,
2273247,0,(주)은성라이프,61478,광주광역시 동구  천변우로 339,66202,보험 대리 및 중개업,39826,39826,1,1,계속,계속,4088179919,90900184031,66202,보험 대리 및 중개업
2273383,1,(주)영기획 광주지점,61424,광주 동구 동계천로 3,,,38741,,2,0,계속,,3148176261,90900220761,,
2274595,0,(주)파인자산관리,61474,광주 동구 서석로85번길 8-12,41999,건설업본사,39379,39379,16,20,계속,계속,4088175679,90900659401,41999,건설업본사
2275093,1,(주)줌테크,61417,광주 동구 무등로 434,,,39766,,1,0,계속,,3018165394,90900975481,,
2275996,1,(주)파인자산관리(건물등의종합관리사업),61474,광주 동구 서석로85번길 8-12,,,39965,,7,0,일괄계속,,4088175679,90901262761,,
2276017,0,소화유치원,61486,광주 동구 제봉로 67,85110,유아 교육기관,40060,40060,4,7,계속,계속,4088202741,90901268351,85110,유아 교육기관
2277096,1,(주)케이디,61421,광주 동구 독립로 324,,,40075,,1,0,일괄계속,,4098172700,90905130457,,
2277112,1,건도기업(주) 위생및 유사서비스,61421,광주 동구 독립로 324,,,40100,,1,0,일괄계속,,4098133217,90905290487,,
2277436,0,해맑은 지역아동센터,61443,광주광역시 동구  밤실로4번길 16,87299,그 외 기타 비거주 복지 서비스업,40179,40179,2,2,계속,계속,4088007096,91000044171,87299,그 외 기타 비거주 복지 서비스업
2277451,1,광주축협하나로마트,61454,광주 동구 학동,,,35986,,8,0,계속(일괄전환),,4088207580,91000049981,,
2277806,0,샤론플라워랜드,61477,광주 동구 충장로 6-1,47851,화초 및 식물 소매업,40210,40210,1,1,계속,계속,4084362605,91000156541,47851,화초 및 식물 소매업
2278052,0,사단법인숲해설가광주전남협회,61459,광주광역시 동구  의재로 19,94120,전문가 단체,40179,40179,2,2,계속,계속,7548200137,91000225971,94120,전문가 단체
2278105,0,광주시민단체협의회,61477,광주 동구  독립로226번길 13-3,94939,기타 시민운동 단체,36708,36220,1,1,계속,계속,4088260737,91000243421,94939,기타 시민운동 단체
2278346,0,(주)이행전자,61473,광주 동구 구성로204번길 6,41999,건설업본사,40249,40249,1,1,계속,계속,4088184988,91000356501,41999,건설업본사
2279235,0,도서출판바로,61487,광주 동구 문화전당로23번길 8-3,18111,경 인쇄업,40014,40014,1,1,계속,계속,4080963750,91000642401,18111,경 인쇄업
2279613,0,（주）건국패밀리생유산균,61458,광주 동구 남문로 699,46329,기타 가공식품 도매업,40330,40330,1,1,계속,계속,4108155375,91000756691,46329,기타 가공식품 도매업
2281093,1,현대네트워크(유)-조선대학교,61452,광주 동구 조선대길 184,,,40299,,13,0,계속,,4088185463,91001247931,,
2282789,0,（사）무등산보호단체협의회,61496,광주광역시 동구  의재로96번길 26-1,94939,기타 시민운동 단체,40544,40544,1,1,계속,계속,4108208791,91100170151,94939,기타 시민운동 단체
2283087,0,광주생명의전화,61434,광주광역시 동구  동명로 60,87299,그 외 기타 비거주 복지 서비스업,40575,40575,1,2,계속,계속,4088262429,91100230931,87299,그 외 기타 비거주 복지 서비스업
2283274,0,도원약국,61449,광주 동구 필문대로 295,47811,의약품 및 의료용품 소매업,40483,40483,1,1,계속,계속,4082222307,91100271981,47811,의약품 및 의료용품 소매업
2283295,0,만리향,61488,광주 동구 문화전당로35번길 38,56121,중식 음식점업,40551,40551,7,7,계속,계속,4081284361,91100274871,56121,중식 음식점업
2283847,0,(주)공산태양광발전소,61478,광주 동구 천변우로 339,35119,기타 발전업,40634,40634,1,1,계속,계속,4088183257,91100447921,35119,기타 발전업
2284103,0,안경매니져,61485,광주 동구 서석로 지하 56,47822,안경 및 렌즈 소매업,40625,40625,1,1,계속,계속,4081711752,91100528141,47822,안경 및 렌즈 소매업
2284374,0,변호사최정익법률사무소,61444,광주 동구 준법로 10-1,71101,변호사업,40634,40634,1,1,계속,계속,4081486500,91100596271,71101,변호사업
2285568,0,한결세무회계사무소,61475,광주 동구 중앙로196번길 3,71202,세무사업,40725,40725,3,3,계속,계속,1140333529,91100835481,71202,세무사업
2286366,0,지성계(知性界),61487,광주 동구 문화전당로23번길 5-16,58190,기타 인쇄물 출판업,40801,40801,1,1,계속,계속,4090141700,91101048571,58190,기타 인쇄물 출판업
2286603,2,한국수목평가연구소,61438,광주광역시 동구  밤실로 82,2040,임업 관련 서비스업,,40821,0,2,,계속,4080330562,91101119961,2040,임업 관련 서비스업
2286804,0,(주)대승건설,61473,광주 동구 구성로204번길 15-8,47190,그 외 기타 종합 소매업,40599,40599,3,2,계속,계속,4088188567,91101177031,47190,그 외 기타 종합 소매업
2288134,1,건도기업,61421,광주 동구 독립로 324,,,40886,,0,0,일괄계속,,4098133217,91107060807,,
2288502,0,선덕사,61411,광주 동구 필문대로171번길 17-13,94911,불교 단체,40575,40575,1,1,계속,계속,4088901611,91201453591,94911,불교 단체
2289136,0,주식회사모든기업,61415,광주광역시 동구 경양로00293-00001,41999,건설업본사,40940,40940,1,1,계속,계속,4098199145,91201598171,41999,건설업본사
2290148,0,퍼스트의원,61502,광주 동구  지원로 2,86201,일반 의원,40992,40992,3,3,계속,계속,4099135932,91201873251,86201,일반 의원
2290181,1,현대네트워크(유),61478,광주 동구 천변우로 339,,,40969,,3,0,일괄유기,,4088185463,91201881467,,
2290228,0,변호사진용태법률사무소,61440,광주광역시 동구 동명로 101-1,71101,변호사업,41001,41001,2,2,계속,계속,4081455123,91201899801,71101,변호사업
2290422,0,연화유치원,61444,광주 동구 지산로 60,85110,유아 교육기관,41000,41000,2,2,계속,계속,4088207810,91201955161,85110,유아 교육기관
2291004,0,삼성택배동구영업소(CJ GLS광주지점),61458,광주광역시 동구 학동안길7,49401,택배업,41030,43160,1,1,계속,계속,4100756205,91202082601,49401,택배업
2293050,0,광주속기학원,61482,광주 동구  금남로 250-8,85699,그 외 기타 분류 안된 교육기관,41155,41155,1,1,계속,계속,4089008717,91202526011,85699,그 외 기타 분류 안된 교육기관
2293471,1,현대네트워크（유）,61478,광주광역시 동구 천변우로339,,,40969,,3,0,일괄계속,,4088185463,91202594261,,
2294040,0,(주)지썬스,61481,광주광역시 동구 금남로186,41999,건설업본사,40575,40575,1,1,계속,계속,4088123716,91202709031,41999,건설업본사
2294169,0,부림문고,61430,광주 동구 동계로 1,47611,서적,,,,,,,,,,
2294599,0,문창인쇄카렌다,61487,광주 동구  문화전당로35번길 3-6,18119,기타 인쇄업,41228,41228,1,1,계속,계속,4081068519,91202834971,18119,기타 인쇄업
2295302,0,한화방염필름,61400,광주 동구 서암대로 308,47513,벽지,,,,,,,,,,
2296029,0,국윤미술관,61496,광주광역시 동구 의재로82,90221,박물관 운영업,41264,41264,1,1,계속,계속,4089132266,91303013951,90221,박물관 운영업
2296136,0,정진,61488,광주광역시 동구  백서로 125,18119,기타 인쇄업,40266,40266,1,1,계속,계속,4081065958,91303048201,18119,기타 인쇄업
2296526,0,무등유치원,61463,광주광역시 동구  학소로 125,85110,유아 교육기관,41261,41261,1,1,계속,계속,4088021841,91303139001,85110,유아 교육기관
2296655,0,(유）케이씨씨스포아트,61445,광주광역시 동구 지산로63번길3,41999,건설업본사,41295,41295,1,1,계속,계속,4088187331,91303168311,41999,건설업본사
2296686,0,（주）그린알로에,61426,광주 동구 독립로 282-2,47222,건강보조식품 소매업,41183,41183,71,71,일괄계속,계속,4088129985,91303174691,47222,건강보조식품 소매업
2298152,0,광주전남지방병무청(대표관리번호),61489,광주 동구 양림로119번길 8,84120,정부기관 일반 보조 행정,37414,37414,2,5,일괄계속,계속,4088300605,91303556311,84120,정부기관 일반 보조 행정
2298328,1,건화기업（주）-각급사무소,61419,광주 동구 무등로304번길 24,,,41379,,1,0,계속,,4088199268,91303594191,,
2298494,0,제일제본,61487,광주광역시 동구  문화전당로23번길 9-1,18111,경 인쇄업,41386,41386,9,9,계속,계속,4081536822,91303633641,18111,경 인쇄업
2299258,1,에스엠인더스트리주식회사-광주전시장,61470,광주 동구 제봉로,,,41426,,1,0,계속,,6228100191,91303813911,,
2299709,0,이화맨션자치위원회,61442,광주 동구 밤실로 38,68211,주거용 부동산 관리업,36708,36069,4,4,계속,계속,4088024227,91303927461,68211,주거용 부동산 관리업
2299892,0,지원2의1구역주택재개발정비사업조합,61462,광주 동구 학소로 130,68129,기타 부동산 개발 및 공급업,41275,41275,1,1,계속,계속,4088216129,91303977581,68129,기타 부동산 개발 및 공급업
2299996,0,(주)서하,61507,광주 동구 화산로335번길 14,41999,건설업본사,41442,41442,3,4,계속,계속,3148609637,91304003221,41999,건설업본사
2300398,0,코코뷰티,61419,광주 동구 중흥로227번길 5,47599,그 외 기타 분류 안된 가정용품 소매업,41456,41456,1,1,계속,계속,4081177029,91304112211,47599,그 외 기타 분류 안된 가정용품 소매업
2301705,0,SK 정수기,61439,광주 동구 밤실로 49,47599,그 외 기타 분류 안된 가정용품 소매업,41568,41568,1,1,계속,계속,4080786929,91304422581,47599,그 외 기타 분류 안된 가정용품 소매업
2302489,0,경보환경주식회사,61478,광주 동구 천변우로 339,41999,건설업본사,41611,41611,7,7,계속,계속,4108683347,91304632701,41999,건설업본사
2303807,0,현대방역,61498,광주광역시 동구 남문로622번길3,74220,소독,,,,,,,,,,
2304098,0,(주)사운드,61471,광주광역시 동구 구성로189,47620,음반 및 비디오물 소매업,41640,41640,1,1,계속,계속,4088121644,91404847841,47620,음반 및 비디오물 소매업
2304638,0,유한회사 청보개발,61483,광주 동구 충장로안길 12,59141,영화관 운영업,41640,41640,35,34,계속,계속,4088144856,91404976631,59141,영화관 운영업
2305910,0,（사）들불열사기념사업회,61440,광주 동구 필문대로205번길 10-1,94990,그 외 기타 협회 및 단체,39814,39814,1,1,계속,계속,4098212131,91405318531,94990,그 외 기타 협회 및 단체
2306189,0,양만휘해물생합칼국수,61447,광주 동구 지호로 158,56111,한식 일반 음식점업,41744,41744,1,1,계속,계속,4081498627,91405376371,56111,한식 일반 음식점업
2306299,0,동림엔지니어링（주）,61400,광주광역시 동구 독립로366,68112,비주거용 건물 임대업,41640,41640,2,2,계속,계속,4098139147,91405403641,68112,비주거용 건물 임대업
2306664,0,광주광역시동구장애인복지관(장애인일자리-참여형),61467,광주 동구 백서로198번길 7,75919,기타 사무지원 서비스업,41760,41760,106,106,계속,계속,4088276618,91405494451,75919,기타 사무지원 서비스업
2306750,0,광주광역시동구장애인복지관(장애인알자리-특화형),61467,광주 동구 백서로198번길 7,75919,기타 사무지원 서비스업,41760,41760,14,14,계속,계속,4088276618,91405511021,75919,기타 사무지원 서비스업
2306985,0,금남맨션,61475,광주광역시 동구  중앙로196번길 14,74100,사업시설 유지관리 서비스업,41649,41649,0,0,계속,계속,8888888888,91405575171,74100,사업시설 유지관리 서비스업
2308411,1,주식회사 큐디에스 광주고객지원센터,61468,광주 동구 백서로 153,,,41730,,8,0,계속(일괄전환),,2118841405,91405898231,,
2308533,0,한양풀,61507,광주광역시 동구 화산로317,20493,접착제 및 젤라틴 제조업,41821,41821,3,3,계속,계속,4082418355,91405921701,20493,접착제 및 젤라틴 제조업
2309375,0,광주광역시동구장애인복지관(초록여행),61467,광주광역시 동구 백서로198번길7,75290,기타 여행 보조 및 예약 서비스업,41897,41897,1,1,계속,계속,4088276618,91406104431,75290,기타 여행 보조 및 예약 서비스업
2309885,0,법무법인소리,61445,광주광역시 동구  동명로 110,71101,변호사업,41365,41365,2,2,계속,계속,4168189970,91406221721,71101,변호사업
2310562,0,나재호법률사무소,61440,광주광역시 동구 동명로105,71101,변호사업,41944,41944,3,3,계속,계속,4080744915,91406377201,71101,변호사업
2310747,0,일등,61400,광주광역시 동구 무등로307번길11,56111,한식 일반 음식점업,41958,41958,1,1,계속,계속,4084771330,91406422441,56111,한식 일반 음식점업
2311642,0,참한의원,61503,광주광역시 동구 남문로564,86203,한의원,41974,41974,2,2,계속,계속,4109141977,91406597571,86203,한의원
2312892,0,학동4구역주택재개발정비사업조합,61454,광주광역시 동구  남문로 764,68121,주거용 건물 개발 및 공급업,42005,42005,3,3,계속,계속,4088175188,91506704661,68121,주거용 건물 개발 및 공급업
2313527,0,광주정우웨딩,61484,광주 동구 서석로7번길 6-12,96999,그 외 기타 달리 분류되지 않은 개인 서비스업,42036,42036,10,10,계속,계속,4081849842,91506842191,96999,그 외 기타 달리 분류되지 않은 개인 서비스업
2313688,0,평화환경,61419,광주 동구 중흥로 225,74220,소독,,,,,,,,,,
2314282,0,법무사　송종원사무소,61488,광주광역시 동구 천변우로453,71103,법무사업,42064,42064,3,3,계속,계속,4080328538,91507011221,71103,법무사업
2314434,0,(주)이스터건설,61413,광주 동구 계림로 5-1,41999,건설업본사,40940,40940,10,9,계속,계속,3168118501,91507052861,41999,건설업본사
2314684,0,동구어린이집,61425,광주광역시 동구  구성로 229,87210,보육시설 운영업,42064,42064,15,15,계속,계속,4088002034,91507115721,87210,보육시설 운영업
2315246,0,경원문화（주）월남호반 베르디움 1차 관리사무소,61511,광주광역시 동구  남문로 377,68211,주거용 부동산 관리업,42090,42090,4,4,계속,계속,2148190245,91507274041,68211,주거용 부동산 관리업
2315633,0,（주）씨아이하우징,61474,광주 동구 중앙로 218,68121,주거용 건물 개발 및 공급업,42111,42111,4,3,계속,계속,4088171921,91507354101,68121,주거용 건물 개발 및 공급업
2315694,0,삼양물류（주）,61421,광주광역시 동구 계림1동(계림동),49401,택배업,42095,44378,0,0,일괄계속,계속,4108156597,91507371381,49401,택배업
2316632,0,신호개발주식회사,61401,광주 동구 무등로321번길 1,74211,건축물 일반 청소업,42156,42156,10,10,계속,계속,4088179092,91507639631,74211,건축물 일반 청소업
2317236,0,유광빌딩,61482,광주 동구 금남로 234,68112,비주거용 건물 임대업,42186,42186,1,1,계속,계속,4140390022,91507809611,68112,비주거용 건물 임대업
2317609,0,헤어 아모르 란(Hair Amor.Ran),61402,광주 동구 중앙로 358,96112,두발 미용업,42191,42191,0,0,계속,계속,4080322965,91507900671,96112,두발 미용업
2317649,0,（주）클랍핸즈스토어 광주1호점,61483,광주 동구 중앙로160번길 31-11,46413,남녀용 겉옷 및 셔츠 도매업,42186,42186,5,5,계속,계속,2178126005,91507912201,46413,남녀용 겉옷 및 셔츠 도매업
2317965,1,주식회사씨앰디,61491,광주 동구 의재로 117,,,42186,,2,0,계속,,4168170433,91508004361,,
2319416,0,대영가구,61477,광주 동구 독립로 236,46591,사무용 가구 및 기기 도매업,42248,42248,1,1,계속,계속,4084262796,91508339491,46591,사무용 가구 및 기기 도매업
2319522,0,성희수선,61477,광주광역시 동구  충장로22번길 8-8,95391,의복 및 기타 가정용 직물제품 수리업,42254,42254,0,0,계속,계속,4081241800,91508367291,95391,의복 및 기타 가정용 직물제품 수리업
2320522,0,수풀림수학전문학원,61464,광주 동구 남문로 687,85501,일반 교과 학원,42309,42309,1,1,계속,계속,4089125111,91508638641,85501,일반 교과 학원
2320655,0,이마트24광주유정점,61421,광주 동구 무등로306번길 35-1,18119,기타 인쇄업,42310,42310,0,0,계속,계속,4091394651,91508680371,18119,기타 인쇄업
2321085,0,(주)뉴로젠,61472,광주광역시 동구  금남로 193-12,73903,사업 및 무형 재산권 중개업,42333,42333,7,7,계속,계속,3608800327,91508793911,73903,사업 및 무형 재산권 중개업
2321779,0,(주)한세21,61493,광주 동구 증심사길 2,74211,건축물 일반 청소업,42309,42309,5,5,계속,계속,4088149152,91508986761,74211,건축물 일반 청소업
2322852,0,（주）성민메디칼,61510,광주광역시 동구  화산로238번길 34-6,46442,의료용품 도매업,42401,42401,3,3,계속,계속,4098194738,91609025281,46442,의료용품 도매업
2322918,1,빛고을종합사회복지관-자활사업,61507,광주 동구 천변좌로 656,,,42370,,23,0,계속,,4088209458,91609039241,,
2323277,0,광주동구지역자활센터(동구-라미 복지지원),61475,광주 동구 금남로 231,87299,그 외 기타 비거주 복지 서비스업,42373,45047,17,17,계속,계속,4088211857,91609112821,87299,그 외 기타 비거주 복지 서비스업
2323850,0,광주동구지역자활센터(동구 신나는 가공),61475,광주 동구 금남로 231,52993,화물 포장,,,,,,,,,,
2324717,0,농업법인 정직한 주식회사,61496,광주광역시 동구  학소로106번길 6,46313,육류 도매업,40080,40080,3,3,계속,계속,4088182559,91609485731,46313,육류 도매업
2325181,0,꽃피는춘삼월,61512,광주 동구 선교로 50,56129,기타 외국식 음식점업,39326,39326,5,5,계속,계속,4081336420,91609645391,56129,기타 외국식 음식점업
2325201,0,청진해장국,61467,광주 동구 서남로 31,56111,한식 일반 음식점업,42370,42370,1,1,계속,계속,4080773569,91609650671,56111,한식 일반 음식점업
2325268,0,（주）삼호관광,61485,광주 동구 서석로 56,75210,여행사업,42371,42371,1,1,계속,계속,4088162024,91609674051,75210,여행사업
2325536,1,광주광역시동구장애인복지관-문화예술교육지원사업,61467,광주 동구 백서로198번길 7,,,42460,,1,0,계속,,4088276618,91609761321,,
2326690,0,CJGLS동구영업소,61450,광주 동구 지호로 50,49401,택배업,42036,44378,11,0,계속,계속,4160357280,91610110071,49401,택배업
2326951,0,(주)쿱스토어광주 산수점,61407,광주광역시 동구 갈마로 6,47121,슈퍼마켓,42491,42491,8,8,계속,계속,4168189776,91610196011,47121,슈퍼마켓
2327151,0,금양오피스텔자치관리,61480,광주 동구 충장로46번길 7-1,68211,주거용 부동산 관리업,43300,43300,1,1,계속,계속,4088262322,91610243141,68211,주거용 부동산 관리업
2327428,0,플러스AD,61486,광주 동구 문화전당로 18-1,18111,경 인쇄업,42501,42501,1,1,계속,계속,4081535629,91610323481,18111,경 인쇄업
2329051,0,유한회사 전남가스,61511,광주 동구 남문로 415-5,47723,가정용 가스연료 소매업,42005,42005,1,1,계속,계속,4088136962,91610792441,47723,가정용 가스연료 소매업
2329209,0,노후를돕는사람들,61474,광주 동구 예술길 31-11,87299,그 외 기타 비거주 복지 서비스업,42611,43284,1,1,계속,계속,4088026429,91610843391,87299,그 외 기타 비거주 복지 서비스업
2330137,0,주식회사남도용역,61482,광주 동구 금남로 238,74211,건축물 일반 청소업,42644,42644,0,0,계속,계속,1298167844,91611135851,74211,건축물 일반 청소업
2330852,1,디비씨에이에스 손해사정주식회사-광주지점,61471,광주광역시 동구  금남로 157,,,41275,,48,0,계속,,1048634107,91611367111,,
2331187,0,춘부집,61430,광주 동구 동계로 17-1,56111,한식 일반 음식점업,42014,42014,1,0,계속,계속,4080530886,91611471131,56111,한식 일반 음식점업
2333573,0,헬스케어슬링센터,61419,광주 동구 독립로 352,91132,체력단련시설 운영업,42736,42736,1,1,계속,계속,4091475438,91711878601,91132,체력단련시설 운영업
2334178,0,스튜디오호감광주층장점,61483,광주 동구 충장로안길 3,73301,인물사진 및 행사용 영상 촬영업,42736,42736,3,3,계속,계속,1872600122,91712014741,73301,인물사진 및 행사용 영상 촬영업
2334469,0,광주동구지역자활센터(광주콜세차),61475,광주 동구 금남로 231,95213,자동차 세차업,42767,45047,5,5,계속,계속,4088211857,91712077631,95213,자동차 세차업
2335100,1,(주)한효라이프-광주사무소,61502,광주 동구 소태동,,,41426,,1,0,계속,,6088161417,91712250431,,
2336315,0,광주동구시니어클럽(임대주택),61489,광주광역시 동구  양림로 105-6,74211,건축물 일반 청소업,42826,43284,18,18,계속,계속,4088276199,91712577271,74211,건축물 일반 청소업
2337015,0,주식회사 다담정보,61430,광주광역시 동구 동계천로 105,29299,그 외 기타 특수목적용 기계 제조업,42807,42807,1,1,계속,계속,6868100287,91712768231,29299,그 외 기타 특수목적용 기계 제조업
2337754,0,(유)그랜드종합개발,61488,광주 동구 서석로 24,74100,사업시설 유지관리 서비스업,42796,42796,0,0,계속,계속,4108687590,91712992831,74100,사업시설 유지관리 서비스업
2338107,0,크라이스,61480,광주 동구 충장로46번길 3,46492,시계 및 귀금속제품 도매업,42887,42887,1,1,계속,계속,4081664252,91713086131,46492,시계 및 귀금속제품 도매업
2338263,0,최호진국어학원,61464,광주 동구 남문로 669,85501,일반 교과 학원,42887,42887,2,2,계속,계속,4089129887,91713121621,85501,일반 교과 학원
2338465,0,지엠아이(오일릴리),61470,광주 동구 독립로 268,47411,남자용 겉옷 소매업,42901,42901,1,2,계속,계속,4080452879,91713180521,47411,남자용 겉옷 소매업
2339050,0,디자인 미,61487,광주 동구 백서로137번길 10,18111,경 인쇄업,40844,40844,1,1,계속,계속,4081793093,91713354211,18111,경 인쇄업
2339192,0,전남악기교육교재사,61407,광주 동구 필문대로 125,47593,악기 소매업,42919,42919,1,1,계속,계속,4081127155,91713385421,47593,악기 소매업
2341053,0,씨티엠코리아（주）,61496,광주 동구 학소로76번길 7-11,59114,방송 프로그램 제작업,42948,42948,1,1,계속,계속,1018160386,91713857591,59114,방송 프로그램 제작업
2341377,0,파랑새지역아동센터,61462,광주 동구 학소로 138,87299,그 외 기타 비거주 복지 서비스업,42979,42979,1,1,계속,계속,4808000265,91713934711,87299,그 외 기타 비거주 복지 서비스업
2341506,0,뉴발란스키즈,61470,광주 동구 독립로 268,47430,신발 소매업,42917,42917,1,1,계속,계속,5121518292,91713963891,47430,신발 소매업
2341605,0,조선대학교어린이집,61452,광주 동구 조선대길 184,87210,보육시설 운영업,42978,42978,25,25,계속,계속,4088027087,91713987301,87210,보육시설 운영업
2343985,1,주식회사우리청구경매,61482,광주 동구 금남로 224,,,43066,,5,0,계속,,3118152028,91714583681,,
2344187,0,남원골추어탕,61407,광주 동구 필문대로123번길 5-10,56111,한식 일반 음식점업,43037,43949,1,1,계속,계속,4080598440,91714634811,56111,한식 일반 음식점업
2345549,0,광은비지니스(주),61470,광주 동구 제봉로 225,42322,내부 통신배선 공사업,42398,42398,1,0,일괄유기,일괄유기,4088117816,91809223047,42322,내부 통신배선 공사업
2346246,0,(유)원남주택건설,61477,광주 동구 독립로226번길 11,41119,기타 공동 주택 건설업,43435,43435,1,1,일괄유기,일괄유기,4108640197,91813956427,41119,기타 공동 주택 건설업
2347682,0,사단법인광주재능기부센터나눔엔죠이,61488,광주 동구 천변우로 447,94990,그 외 기타 협회 및 단체,43101,43101,2,2,계속,계속,4088219863,91814907391,94990,그 외 기타 협회 및 단체
2347747,0,행복한쓰임협동조합,61440,광주 동구 필문대로 209,47429,섬유 원단,,,,,,,,,,
2348207,0,명성아파트 입주자 자치회,61438,광주 동구 밤실로 56-3,68211,주거용 부동산 관리업,43101,43101,2,2,계속,계속,6228002625,91815001191,68211,주거용 부동산 관리업
2348355,0,광주전남지방병무청복지위원회(구내식당),61489,광주 동구 양림로119번길 8,56130,기관 구내식당업,43101,43101,2,2,계속,계속,3098263344,91815030351,56130,기관 구내식당업
2348379,0,광주동구지역자활센터(한땀공방),61475,광주 동구 금남로 231,16300,코르크 및 조물제품 제조업,43136,43136,3,1,계속,계속,4088211857,91815034361,16300,코르크 및 조물제품 제조업
2348467,0,송하금융대부（주）,61445,광주광역시 동구 동명로 100-7,64132,상호저축은행 및 기타 저축기관,43101,43101,1,1,계속,계속,4088142237,91815050571,64132,상호저축은행 및 기타 저축기관
2348926,0,동부경찰서(복지회),61474,광주 동구 예술길 33,56130,기관 구내식당업,43101,43101,2,2,계속,계속,8888888888,91815131811,56130,기관 구내식당업
2349489,0,미래메디온(주),61421,광주광역시 동구 독립로 338,46441,의약품 도매업,42979,42979,2,2,계속,계속,7268600130,91815256571,46441,의약품 도매업
2349775,0,주식회사 아이비파트너스,61473,광주 동구 제봉로 197,71531,경영 컨설팅업,43132,43132,3,3,계속,계속,4088615093,91815315271,71531,경영 컨설팅업
2351116,0,이안커뮤니케이션,61429,광주 동구 동계천로 87,71310,광고 대행업,43202,43202,2,2,계속,계속,1835200172,91815646701,71310,광고 대행업
2351199,0,도장이야기,61418,광주 동구 무등로  470,47912,전자상거래 소매업,43132,43132,0,0,계속,계속,4081130932,91815665271,47912,전자상거래 소매업
2352168,0,(주)퍼스트이앤씨,61475,광주광역시 동구 중앙로196번길 31-6,72129,기타 엔지니어링 서비스업,43210,43210,43,42,계속,계속,4088134547,91815926461,72129,기타 엔지니어링 서비스업
2352250,0,정선아리아리닭강정(광주롯데백화점),61470,광주 동구 독립로 268,56162,치킨 전문점,43101,43101,2,2,계속,계속,2201027636,91815952071,56162,치킨 전문점
2352649,2,은성복지회,61507,광주 동구 천변좌로 656,87299,그 외 기타 비거주 복지 서비스업,,43101,0,1,,계속,4088204943,91816073621,87299,그 외 기타 비거주 복지 서비스업
2352650,1,은성복지회,61507,광주 동구 천변좌로 656,,,43101,,1,0,계속,,4088204943,91816073631,,
2353394,0,바이네르 금남점,61476,광주 동구 금남로 158,47430,신발 소매업,43253,43253,1,1,계속,계속,2361500277,91816260721,47430,신발 소매업
2354772,1,(주)세정-롯데백화점광주점,61470,광주 동구 독립로 268,,,43101,,2,0,계속,,6218119659,91816589531,,
2355826,0,서종손해사정(주)광주,61487,광주 동구 문화전당로 1,66201,손해 사정업,43332,43332,0,0,계속,계속,4088530758,91816859901,66201,손해 사정업
2355883,0,계림1구역도시환경정비사업조합,61423,광주 동구 중앙로 281-1,68121,주거용 건물 개발 및 공급업,43333,43333,2,2,계속,계속,4088180357,91816878591,68121,주거용 건물 개발 및 공급업
2356038,0,월간&단골,61441,광주 동구 지산로 90-2,56221,커피 전문점,43101,43101,1,1,계속,계속,4081966737,91816921141,56221,커피 전문점
2356094,0,주식회사우리메디컬,61421,광주광역시 동구  독립로 338,46441,의약품 도매업,43313,43313,2,2,계속,계속,4098635277,91816935551,46441,의약품 도매업
2356164,0,광주동구지역자활센터(청년D프로젝트),61475,광주 동구 금남로 231,85699,그 외 기타 분류 안된 교육기관,43346,45047,7,8,유기,계속,4088211857,91816949991,85699,그 외 기타 분류 안된 교육기관
2356762,0,경수산업（주）,61428,광주광역시 동구  구성로238번길 13,46699,그 외 기타 건축자재 도매업,43344,43344,0,0,계속,계속,4088195132,91817081701,46699,그 외 기타 건축자재 도매업
2356915,0,케이제이자산관리대부(주),61445,광주 동구 동명로 110,66199,그 외 기타 금융지원 서비스업,43374,43374,2,2,계속,계속,4088194958,91817120031,66199,그 외 기타 금융지원 서비스업
2357569,0,고이비토광주롯데점,61471,광주 동구 독립로264번길 4-1,47869,기타 중고 상품 소매업,43374,43374,1,1,계속,계속,4081750191,91817267381,47869,기타 중고 상품 소매업
2357689,0,（주）e-조은산업,61504,광주 동구 소태동,38220,지정 폐기물 처리업,42736,42736,1,1,계속,계속,4088173201,91817304321,38220,지정 폐기물 처리업
2357917,0,천지양복,61512,광주 동구 주남길 20-15,14111,남자용 겉옷 제조업,43383,43383,1,1,계속,계속,4081909788,91817364821,14111,남자용 겉옷 제조업
2359364,0,고상서림,61442,광주 동구 밤실로 40-1,46453,서적,,,,,,,,,,
2359910,0,대호식당,61493,광주 동구 증심사길30번길 37,56111,한식 일반 음식점업,43458,43458,1,1,계속,계속,4082352638,91817854981,56111,한식 일반 음식점업
2360590,0,미지건설(주),61478,광주 동구 천변우로 339 제일오피스텔 1213,42491,미장,,,,,,,,,,
2360906,1,손가네인테리어,61417,광주 동구 산수길25번길,,,43612,,1,0,일괄유기,,4080356335,91905274387,,
2361816,0,가필,61437,광주 동구 필문대로187번길 19-2,42412,도배,,,,,,,,,,
2362574,0,조선대학교병원-내분비내과 연구실,61453,광주광역시 동구  필문대로 365,70113,의학 및 약학 연구개발업,43132,43132,1,1,계속,계속,5555555555,91917989471,70113,의학 및 약학 연구개발업
2363587,0,주식회사더디앤시,61478,광주광역시 동구 천변우로 339,68129,기타 부동산 개발 및 공급업,43535,43535,1,1,계속,계속,2208658570,91918162161,68129,기타 부동산 개발 및 공급업
2364420,0,포토메카,61483,광주 동구 충장로안길 4,73301,인물사진 및 행사용 영상 촬영업,43282,43282,1,1,계속,계속,4081889242,91918295281,73301,인물사진 및 행사용 영상 촬영업
2364657,0,브라이덜 쥬노,61484,광주 동구 서석로  7,76292,의류 임대업,43497,43497,1,1,계속,계속,4080882653,91918341771,76292,의류 임대업
2364981,0,다비수수학학원,61417,광주 동구 산수길 15,85501,일반 교과 학원,43525,43525,1,1,계속,계속,4099086638,91918423761,85501,일반 교과 학원
2365347,0,광주동구시니어클럽클린환경(우리학교깔끄미),61489,광주광역시 동구  양림로 105-6,74211,건축물 일반 청소업,43528,43528,67,67,계속,계속,4088276199,91918503441,74211,건축물 일반 청소업
2365514,0,불타는쟁반짜장&서태후,61506,광주 동구 천변좌로604번길 9,56121,중식 음식점업,43526,43526,1,1,계속,계속,8426000335,91918540111,56121,중식 음식점업
2365857,0,주식회사안산,61487,광주 동구 서석로 42,68112,비주거용 건물 임대업,43525,43525,2,3,계속,계속,4088153637,91918621451,68112,비주거용 건물 임대업
2367394,0,영진산업,61500,광주 동구 학소로 77-1,41999,건설업본사,43557,43557,1,1,계속,계속,6111092707,91919044101,41999,건설업본사
2368403,0,한우물,61411,광주 동구 밤실로 99,56111,한식 일반 음식점업,43587,43587,1,1,계속,계속,4090933701,91919303201,56111,한식 일반 음식점업
2368485,0,광주동구지역자활센터(우리동구카페),61475,광주 동구 금남로 231,56229,기타 비알코올 음료점업,43586,45047,9,9,계속,계속,4088211857,91919323771,56229,기타 비알코올 음료점업
2369278,0,더문,61496,광주 동구 학소로86번길 13-23,47912,전자상거래 소매업,43466,43466,11,11,계속,계속,6043980956,91919513401,47912,전자상거래 소매업
2369981,0,주식회사 정원피아,61494,광주광역시 동구  의재로136번길 4,73201,인테리어 디자인업,43276,43276,3,3,계속,계속,4088613611,91919694691,73201,인테리어 디자인업
2370291,0,세이화장품,61485,광주 동구 서석로 56,47813,화장품,,,,,,,,,,
2370647,0,주식회사 더비케이,61419,광주 동구 무등로304번길 34,46699,그 외 기타 건축자재 도매업,43132,43132,2,0,계속,계속,2168141527,91919855811,46699,그 외 기타 건축자재 도매업
2370830,1,베이지모드,61476,광주 동구 충장로 19,,,43640,,0,0,계속,,4084505909,91919889931,,
2370838,0,(주)우리이앤씨,61494,광주 동구 동산길 73-3,46612,골재,,,,,,,,,,
2371102,0,드림미디어,61472,광주 동구 구성로194번길 8,18111,경 인쇄업,43617,43617,1,1,계속,계속,4080389573,91919965241,18111,경 인쇄업
2371169,0,주식회사청원종합관리/광주 용산LH1단지 관리사무소,61508,광주광역시 동구  용산2로 20,68211,주거용 부동산 관리업,43661,43661,5,5,계속,계속,1348132406,91919988431,68211,주거용 부동산 관리업
2371352,1,중앙헤어스튜디오,61483,광주 동구 중앙로 168,,,43647,,1,0,계속,,4081328731,91920038811,,
2372477,0,콜핑광주무등산점,61493,광주 동구 증심사길30번길 23,47411,남자용 겉옷 소매업,43709,43709,1,1,계속,계속,1020751648,91920333041,47411,남자용 겉옷 소매업
2372734,0,나산식당,61470,광주 동구 제봉로213번길 6,56111,한식 일반 음식점업,43709,43709,1,1,계속,계속,4083933286,91920398631,56111,한식 일반 음식점업
2373761,0,(주)참조은푸드 광주고등법원점,61441,광주광역시 동구  준법로 7-12,56130,기관 구내식당업,43745,43745,4,4,계속,계속,2998100706,91920659251,56130,기관 구내식당업
2374041,0,타이어클럽,61440,광주 동구 필문대로 211,45211,자동차 신품 타이어 및 튜브 판매업,43745,43745,1,1,계속,계속,4160558319,91920728021,45211,자동차 신품 타이어 및 튜브 판매업
2374075,0,계림3구역도시환경정비사업조합,61429,광주 동구 동계천로 77,68121,주거용 건물 개발 및 공급업,43710,43710,2,2,계속,계속,4088265993,91920737851,68121,주거용 건물 개발 및 공급업
2374258,0,무등문화사,61486,광주 동구 문화전당로 16,18111,경 인쇄업,43689,43689,1,1,계속,계속,4080259484,91920795671,18111,경 인쇄업
2374353,0,태미헤어샵,61484,광주 동구 중앙로160번길 30,96112,두발 미용업,43709,43709,1,1,계속,계속,4081868500,91920830931,96112,두발 미용업
2377798,0,금광기획,61423,광주 동구 중앙로 281-1,42499,그 외 기타 건축 마무리 공사업,44127,44127,1,1,일괄유기,일괄유기,4080984018,92021222357,42499,그 외 기타 건축 마무리 공사업
2378518,0,(주)올에이씨엔디,61486,광주 동구 문화전당로26번길 10-1,68224,부동산 분양 대행업,43800,43800,1,1,계속,계속,2118746664,92021517461,68224,부동산 분양 대행업
2378976,1,주식회사케이비개발-학1마을아파트,61457,광주광역시 동구  남문로 734,,,43832,,7,0,계속,,4108705616,92021579181,,
2379203,1,(주)포하우스롯데백화점광주점,61470,광주 동구 독립로 268,,,43831,,1,0,계속,,5828601015,92021622001,,
2379293,0,비어스탑,61449,광주 동구 필문대로287번길 11,56129,기타 외국식 음식점업,43831,43831,1,1,계속,계속,5784700018,92021639221,56129,기타 외국식 음식점업
2379600,0,광주광역시동구장애인복지관(장애아가족양육지원),61467,광주 동구 백서로198번길 7,87299,그 외 기타 비거주 복지 서비스업,43862,43862,136,136,계속,계속,4088276618,92021689191,87299,그 외 기타 비거주 복지 서비스업
2379758,0,주식회사무등파크리조트,61447,광주 동구 지호로164번길 14-10,91210,유원지 및 테마파크 운영업,43831,43831,2,2,계속,계속,4088161796,92021723411,91210,유원지 및 테마파크 운영업
2380242,1,삼진맨파워주식회사/광주스마일,61477,광주 동구 구성로 163,,,43833,,1,0,계속,,4538600998,92021791821,,
2380508,1,(주)굿모닝월드 광주지점,61423,광주 동구 중앙로 273,,,43831,,1,0,계속,,3128608063,92021833321,,
2381826,0,사단법인아이티케어복지회,61492,광주 동구 의재로 151,23999,그 외 기타 분류 안된 비금속 광물제품 제조업,43906,43906,34,26,계속,계속,4108217489,92022151311,23999,그 외 기타 분류 안된 비금속 광물제품 제조업
2383404,0,사단법인 남도문화디자인,61478,광주 동구 천변우로 339,85709,기타 교육지원 서비스업,43906,43906,1,1,계속,계속,4088216323,92022596091,85709,기타 교육지원 서비스업
2383778,0,（주）한국영재에듀（수학지점）,61429,광주 동구 경양로 288,85501,일반 교과 학원,43678,43678,0,0,계속,계속,4088524386,92022710511,85501,일반 교과 학원
2383861,0,컴퓨터뱅크,61470,광주 동구 독립로264번길 25,46510,컴퓨터 및 주변장치,,,,,,,,,,
2384131,0,생활문화지원센터협동조합,61432,광주 동구 동명로67번길 30,94990,그 외 기타 협회 및 단체,43892,43892,1,1,계속,계속,4088199915,92022786391,94990,그 외 기타 협회 및 단체
2384761,0,본죽&비빔밥cafe광주학동점,61489,광주 동구 제봉로 33,56111,한식 일반 음식점업,43834,43834,3,3,계속,계속,4081439744,92022969181,56111,한식 일반 음식점업
2385711,0,대신수산(유통),61427,광주 동구 제봉로194번길 14,46315,신선,,,,,,,,,,
2387282,0,(주)시그널,61401,광주 동구 무등로 329,71531,경영 컨설팅업,44036,44036,1,1,계속,계속,3858701008,92023582431,71531,경영 컨설팅업
2387970,0,정원일루이스,61452,광주 동구 필문대로 303,56221,커피 전문점,44014,44014,1,1,계속,계속,4101880356,92023741561,56221,커피 전문점
2388419,0,(주)수려건설,61434,광주 동구 동명로  56,41999,건설업본사,44044,44044,1,1,계속,계속,4088162515,92023836191,41999,건설업본사
2389359,1,주식회사케이비개발-동명동센트럴파크오피스텔,61429,광주광역시 동구  중앙로 248,,,44075,,5,0,계속,,4108705616,92024061271,,
2389676,0,광주동구지역자활센터(우리 동구 밥집),61475,광주 동구 금남로 231,56111,한식 일반 음식점업,44088,45047,27,26,계속,계속,4088211857,92024145891,56111,한식 일반 음식점업
2389693,0,리치정보,61500,광주 동구 남문로 590,46522,통신,,,,,,,,,,
2389821,0,마네키 동명본점,61436,광주광역시 동구 동계천로 132,56122,일식 음식점업,44075,44075,1,1,계속,계속,6567100327,92024186251,56122,일식 음식점업
2389842,1,(주)삼산기공,61478,광주 동구 천변우로 339,,,43983,,1,0,계속,,4108106286,92024192151,,
2391075,0,삼일빌딩,61483,광주 동구 충장로 94-9,68122,비주거용 건물 개발 및 공급업,44136,44136,1,1,계속,계속,4081316351,92024502841,68122,비주거용 건물 개발 및 공급업
2391171,2,세븐일레븐 광주그랜드점,61487,광주 동구 서석로 26,47122,체인화 편의점,,44094,0,1,,계속,3505700419,92024523101,47122,체인화 편의점
2391232,0,（주）효반,61483,광주 동구 충장로1가,68112,비주거용 건물 임대업,43466,43466,0,0,계속,계속,4088142770,92024536641,68112,비주거용 건물 임대업
2391260,0,대한불교조계종문빈정사,61493,광주 동구 증심사길 81,94911,불교 단체,44124,44124,1,1,계속,계속,4088261925,92024543221,94911,불교 단체
2391835,0,이화타이루,61400,광주 동구 계림동,46699,그 외 기타 건축자재 도매업,44109,44109,1,1,계속,계속,4090724173,92024657481,46699,그 외 기타 건축자재 도매업
2391914,0,심리건강연구소,61457,광주광역시 동구 남문로 734,87299,그 외 기타 비거주 복지 서비스업,44137,44137,1,1,계속,계속,4089173710,92024678961,87299,그 외 기타 비거주 복지 서비스업
2392339,0,보문빌딩,61454,광주 동구 남문로 746-1,74211,건축물 일반 청소업,44137,44137,1,1,계속,계속,4080856854,92024792241,74211,건축물 일반 청소업
2392488,1,사회복지법인월드비전 광주전남지역본부 사랑의도시락,61433,광주 동구 필문대로218번길 9,,,43101,,2,0,계속,,1168200276,92024826191,,
2392674,0,국제결혼에덴정보센타,61471,광주 동구 독립로264번길 2-1,96994,결혼 상담 및 준비 서비스업,44175,44175,1,1,계속,계속,4089086839,92024861691,96994,결혼 상담 및 준비 서비스업
2393615,0,국제광고,61458,광주 동구 남문로701번길 11-1,42110,건물 및 구축물 해체 공사업,43282,43539,1,0,일괄유기,일괄유기,4080392476,92102505087,42110,건물 및 구축물 해체 공사업
2393859,0,주식회사삼진에이치에스,61419,광주 동구 중흥로213번길 6-32,42201,배관 및 냉ㆍ난방 공사업,44323,44323,2,16,일괄유기,일괄유기,7828701607,92105401167,42201,배관 및 냉ㆍ난방 공사업
2394079,0,한양상사/일괄,61406,광주 동구 무등로433번길 2,42412,도배,,,,,,,,,,
2394100,1,플리즈,61423,광주 동구 중앙로  281,,,44378,,0,0,계속,,5443500220,92110122247,,
2394106,0,케이지모빌리티 광주중앙판매대리점,61448,광주 동구 필문대로 255,45110,자동차 신품 판매업,44378,44378,12,0,계속,계속,4094960903,92110124227,45110,자동차 신품 판매업
2395787,0,아모레미림특약점,61407,광주 동구 필문대로 147,47813,화장품,,,,,,,,,,
2396928,0,삼성택배동구영업소(CJ GLS광주지점),61496,광주 동구 학소로 108,49401,택배업,44378,44378,23,0,계속,계속,4100756205,92110246237,49401,택배업
2397116,0,현대학동판매대리점,61502,광주 동구 남문로 576,45110,자동차 신품 판매업,44378,44378,12,0,계속,계속,4080340736,92110248867,45110,자동차 신품 판매업
2397325,0,유한회사충장,61450,광주광역시 동구  지호로 50,49401,택배업,44378,44378,0,0,계속,계속,4088608156,92110251757,49401,택배업
2397832,1,(주)광주은행,61470,광주 동구 제봉로 225,,,44378,,1765,0,일괄계속,,4088608817,92110258797,,
2398675,0,기아자동차두암대리점(유),61405,광주 동구 필문대로 104,45110,자동차 신품 판매업,44378,44378,0,0,계속,계속,4098127641,92110270957,45110,자동차 신품 판매업
2398730,0,기아자동차예향대리점(주),61484,광주 동구 천변우로 393-3,45110,자동차 신품 판매업,44378,44378,0,0,계속,계속,4088129326,92110271797,45110,자동차 신품 판매업
2398855,0,(주)유스트로,61421,광주 동구 독립로 324,66202,보험 대리 및 중개업,44378,44378,0,0,계속,계속,4098183304,92110273527,66202,보험 대리 및 중개업
2399054,0,광주우체국(대표관리번호),61470,광주 동구 제봉로 211,61100,공영 우편업,44378,44378,15,0,일괄계속,계속,4088300075,92110276327,61100,공영 우편업
2400515,0,에스지에이(주),61481,광주 동구 금남로 180,66209,기타 보험 및 연금관련 서비스업,44378,44378,0,0,계속,계속,4108642837,92110297437,66209,기타 보험 및 연금관련 서비스업
2400567,0,씨제이지엘에스（CJ GLS）,61450,광주 동구 지호로  50,49401,택배업,44378,44378,5,0,계속,계속,4160399636,92110298207,49401,택배업
2400862,2,무등현대미술관/예술인,61493,광주 동구 증심사길 9,90221,박물관 운영업,,44355,0,0,,계속,,92112042337,90221,박물관 운영업
2400939,2,(재)지역문화교류호남재단/예술인,61475,광주 동구 중앙로196번길 3,94990,그 외 기타 협회 및 단체,,44197,0,0,,계속,,92112241527,94990,그 외 기타 협회 및 단체
2401201,2,(사)빛소리오페라단/예술인,61484,광주 동구 중앙로160번길 22,90122,무용 및 음악단체,,44256,0,0,,계속,,92112661987,90122,무용 및 음악단체
2401218,0,광주광역시교육청(광주중앙초등학교 방과후학교 강사),61474,광주 동구 제봉로 167,85120,초등학교,45292,44378,10,10,계속,계속,4088301303,92112676427,85120,초등학교
2401240,0,광주광역시교육청(광주학운초등학교 방과후학교 강사),61492,광주 동구 의재로 181,85120,초등학교,45292,44378,15,15,계속,계속,4088301467,92112689697,85120,초등학교
2401438,0,광주광역시교육청(광주남초등학교 방과후학교 강사),61500,광주 동구 지원로5번길 20,85120,초등학교,45292,44378,17,17,계속,계속,4088301486,92112834967,85120,초등학교
2401484,0,광주광역시교육청(율곡초등학교 방과후학교 강사),61409,광주 동구 밤실로 142,85120,초등학교,45292,44378,17,17,계속,계속,4088304668,92112835607,85120,초등학교
2401658,2,광주광역시교육청(광주충장중학교 방과후학교 강사),61418,광주 동구 경양로379번길 19,85211,중학교,,44378,0,0,,계속,4088301341,92112838637,85211,중학교
2401830,0,광주광역시교육청(광주서석초등학교 방과후학교 강사),61466,광주 동구 제봉로82번길 26,85120,초등학교,45292,44378,11,11,계속,계속,4088301360,92112840977,85120,초등학교
2401841,0,광주광역시교육청(광주장원초등학교 방과후학교 강사),61410,광주 동구 무등로 533,85120,초등학교,45292,44378,13,13,계속,계속,4088301356,92112849807,85120,초등학교
2402843,0,광주광역시교육청(광주산수초등학교 방과후학교 강사),61418,광주 동구 산수길 28,85120,초등학교,45292,44378,13,13,계속,계속,4088301337,92113298597,85120,초등학교
2402931,2,광주광역시교육청(무등중학교 방과후학교 강사),61500,광주 동구 지원로5번길 12,85211,중학교,,44378,0,0,,계속,4088301472,92113313507,85211,중학교
2403945,2,극단 토박이/예술인,61430,광주 동구 동계천로 111,90121,연극단체,,44270,0,0,,계속,,92113613917,90121,연극단체
2403988,0,광주광역시교육청(광주동산초등학교 방과후학교 강사),61444,광주 동구 준법로 16,85120,초등학교,45292,44378,10,10,계속,계속,4088301318,92113646927,85120,초등학교
2404365,0,광주광역시교육청(광주계림초등학교 방과후학교 강사),61412,광주 동구 중앙로 320,85120,초등학교,45292,44378,23,23,계속,계속,4088302433,92113862647,85120,초등학교
2404447,0,광주광역시교육청(지한초등학교 방과후학교 강사),61514,광주 동구 남계길 37,85120,초등학교,45292,44378,14,14,계속,계속,8908300013,92113866157,85120,초등학교
2404666,2,주식회사숲더프리/예술인,61436,광주 동구 동명로 8-9,2040,임업 관련 서비스업,,44378,0,0,,계속,,92114048967,2040,임업 관련 서비스업
2408360,0,에듀프라임 광주남부지사,61457,광주 동구 남문로 710,47611,서적,,,,,,,,,,
2408421,0,필스토리,61463,광주 동구 남문로 676,47993,방문 판매업,44378,44378,3,0,계속,계속,2609201421,92115500007,47993,방문 판매업
2408839,2,남광건설(주),61459,광주 동구 의재로 23-1,42600,건설장비 운영업,,44378,0,0,,계속,4088100391,92115693427,42600,건설장비 운영업
2408979,2,주식회사 제이와이에스프로덕션/예술인,61434,광주 동구 동명로14번길 29-3,58112,만화 출판업,,44378,0,0,,계속,,92115790927,58112,만화 출판업
2409646,0,인셀덤스타원,61462,광주 동구 증심천로43번길 8,46443,화장품 및 화장용품 도매업,44378,44378,4,0,계속,계속,5200901807,92116112797,46443,화장품 및 화장용품 도매업
2410025,0,인셀덤나라,61455,광주 동구 남문로753번길 20,47813,화장품,,,,,,,,,,
2410040,2,푸른숲조경 주식회사,61479,광주 동구 천변우로 361-15,42600,건설장비 운영업,,44378,0,0,,계속,7818101771,92116408297,42600,건설장비 운영업
2410407,0,주식회사 검화건설,61477,광주 동구 독립로226번길 13-2,42600,건설장비 운영업,45108,44378,0,0,계속,계속,6948601604,92116587997,42600,건설장비 운영업
2411206,0,인셀덤 B&B 대리점,61423,광주 동구 경양로277번길 16-3,47813,화장품,,,,,,,,,,
2411377,2,(주)금성석재산업,61511,광주 동구 칠전길 57-2,42600,건설장비 운영업,,44378,0,0,,계속,1458701905,92117052957,42600,건설장비 운영업
2412130,2,연극문화공동체DIC/예술인,61405,광주 동구 필문대로 112,90121,연극단체,,44197,0,0,,계속,,92117334487,90121,연극단체
2412187,0,유한회사르노삼성자동차무등대리점,61487,광주 동구 문화전당로  41,45110,자동차 신품 판매업,44378,44378,0,0,계속,계속,3298500567,92117375907,45110,자동차 신품 판매업
2412776,2,한아름개발(주),61444,광주 동구 밤실로 13,42600,건설장비 운영업,,44378,0,0,,계속,2608100367,92117952327,42600,건설장비 운영업
2412948,2,학교법인조선대학교/부속중학교(방과후강사),61452,광주 동구 조선대길 184,85211,중학교,,44378,0,0,,계속,4088200568,92118062727,85211,중학교
2413486,2,창진이앤씨 주식회사,61493,광주 동구 의재로 221,42600,건설장비 운영업,,44378,0,0,,계속,1118191722,92118518047,42600,건설장비 운영업
2413651,2,극단청춘/예술인,61481,광주 동구 중앙로 183,90121,연극단체,,44256,0,0,,계속,,92118670527,90121,연극단체
2414038,2,빛고을 댄서스/예술인,61487,광주 동구 문화전당로35번길 8-5,90122,무용 및 음악단체,,44409,0,0,,계속,,92119127837,90122,무용 및 음악단체
2414779,2,광주연우회/예술인,61408,광주 동구 필문대로145번길 11-12,90122,무용 및 음악단체,,44453,0,0,,계속,,92120358317,90122,무용 및 음악단체
2415755,1,모아콜동구지사,61449,광주 동구 필문대로273번길 18,,,44470,,0,0,계속,,6044071550,92122995207,,
2415839,2,유한회사 펀스토리/예술인,61421,광주 동구 무등로306번길  22,90191,공연 기획업,,44463,0,0,,계속,,92123328667,90191,공연 기획업
2416283,2,사진공방끼(공방사진학원)/예술인,61434,광주 동구 동계천로 163-3,90199,그 외 기타 창작 및 예술관련 서비스업,,44175,0,0,,계속,,92125018531,90199,그 외 기타 창작 및 예술관련 서비스업
2416653,0,(주)채널코리아,61478,광주 동구 천변우로 329-5,70209,기타 인문 및 사회과학 연구개발업,44197,44197,1,1,계속,계속,4088185968,92125084271,70209,기타 인문 및 사회과학 연구개발업
2417482,0,유한회사섭,61484,광주 동구 천변우로 407,55102,여관업,44106,44106,4,4,계속,계속,1548101324,92125186301,55102,여관업
2417936,0,가나다협동조합,61487,광주 동구 백서로137번길 9-1,18111,경 인쇄업,43525,43525,1,1,계속,계속,4088607268,92125249251,18111,경 인쇄업
2418155,0,롯데백화점마인,61470,광주 동구 독립로 268,47419,기타 의복 소매업,44166,44166,1,1,계속,계속,4081483876,92125280821,47419,기타 의복 소매업
2418284,0,김진복(태양광 시공중개업체),61422,광주 동구 중흥로 232,75919,기타 사무지원 서비스업,43678,43678,0,0,계속,계속,5555555555,92125298961,75919,기타 사무지원 서비스업
2418325,0,롯데６층잭니클라우스,61470,광주 동구 독립로 268,47419,기타 의복 소매업,44198,44198,1,1,계속,계속,4090768486,92125304631,47419,기타 의복 소매업
2418425,0,이디야 학운점,61462,광주 동구 의재로 46,56221,커피 전문점,44195,44195,6,6,계속,계속,6262601174,92125317591,56221,커피 전문점
2419099,1,한국마사회시설관리(주) 광주,61422,광주 동구 구성로 257,,,43831,,57,0,계속,,6308101605,92125422901,,
2419381,1,삼동흥산(주)광주,61471,광주 동구 금남로 157,,,44228,,5,0,계속,,1208115510,92125457711,,
2419636,0,베스킨라빈스(조대점),61448,광주 동구 필문대로 271,56191,김밥 및 기타 간이 음식점업,44197,44197,2,2,계속,계속,4100641331,92125493331,56191,김밥 및 기타 간이 음식점업
2419867,0,이경수부동산,61482,광주 동구 충장로 75,68122,비주거용 건물 개발 및 공급업,44197,44197,1,1,계속,계속,4081528017,92125535541,68122,비주거용 건물 개발 및 공급업
2420489,2,주식회사루이웍스미디어/예술인,61475,광주 동구 금남로 245,59114,방송 프로그램 제작업,,44257,0,0,,계속,,92125655851,59114,방송 프로그램 제작업
2421728,0,소호메이크업,61484,광주광역시 동구 서석로 23,96119,기타 미용업,44256,44256,1,1,계속,계속,4081696230,92125865601,96119,기타 미용업
2421946,2,광주오페라단/예술인,61409,광주 동구 갈마로 50,90199,그 외 기타 창작 및 예술관련 서비스업,,44271,0,0,,계속,,92125919661,90199,그 외 기타 창작 및 예술관련 서비스업
2422299,0,주식회사 씨엔플랜,61478,광주광역시 동구 천변우로 339,58221,시스템 소프트웨어 개발 및 공급업,44287,44287,1,1,계속,계속,4088600299,92126009111,58221,시스템 소프트웨어 개발 및 공급업
2422430,0,광주동구시니어클럽(아파트),61489,광주 동구 양림로 105-6,74212,산업설비,,,,,,,,,,
2422467,0,성지,61470,광주 동구 독립로264번길 25,45120,중고 자동차 판매업,44287,44287,1,1,계속,계속,4081276430,92126045941,45120,중고 자동차 판매업
2422584,0,유한회사경원우드,61415,광주 동구 계림로 6,46611,원목 및 건축관련 목제품 도매업,44105,44105,3,3,계속,계속,4088600080,92126073111,46611,원목 및 건축관련 목제품 도매업
2422810,0,카발레로（Caballero）,61488,광주 동구 서석로 12,14111,남자용 겉옷 제조업,44265,44265,1,1,계속,계속,4081883971,92126116991,14111,남자용 겉옷 제조업
2423330,0,우래옥모밀,61468,광주 동구 백서로153번길 16-8,56121,중식 음식점업,44301,44301,1,1,계속,계속,4081068182,92126203661,56121,중식 음식점업
2423648,2,소년의서/예술인,61480,광주 동구 충장로46번길 8,58122,잡지 및 정기간행물 발행업,,44287,0,0,,계속,,92126268451,58122,잡지 및 정기간행물 발행업
2424683,1,주식회사고기팜,61494,광주 동구 의재로136번길 26,,,44482,,0,0,계속,,8808101705,92126467007,,
2424734,1,주식회사케이비개발-무등산명지로드힐,61438,광주광역시 동구  밤실로90번길 20,,,44317,,9,0,계속,,4108705616,92126474691,,
2424992,0,파리바게뜨,61411,광주 동구 무등로 479,56150,제과점업,44319,44319,1,1,계속,계속,4081944091,92126511851,56150,제과점업
2425364,2,극단예린소극장/예술인,61474,광주 동구 예술길 23-1,90121,연극단체,,44326,0,0,,계속,,92126573001,90121,연극단체
2425396,0,FM기획,61423,광주 동구 경양로259번길 1,75992,전시,,,,,,,,,,
2425444,0,글라시에홍,61484,광주 동구 서석로7번길 12-24,56191,김밥 및 기타 간이 음식점업,44317,44317,1,1,계속,계속,3290300391,92126587431,56191,김밥 및 기타 간이 음식점업
2425470,2,놀이패신명/예술인,61487,광주 동구 문화전당로 29-1,90121,연극단체,,44326,0,0,,계속,,92126593471,90121,연극단체
2425901,2,극단 연우랑/예술인,61420,광주 동구 중앙로 305-4,90121,연극단체,,44303,0,0,,계속,,92126679031,90121,연극단체
2426217,0,인셀덤스타,61426,광주 동구 동계천로6번길 2,47813,화장품,,,,,,,,,,
2426359,2,문화창작소그레이스/예술인,61472,광주 동구 구성로 182,90122,무용 및 음악단체,,44327,0,0,,계속,,92126759941,90122,무용 및 음악단체
2426963,0,반도,61470,광주 동구 독립로264번길 25,56111,한식 일반 음식점업,44336,44336,1,1,계속,계속,4081685238,92126842991,56111,한식 일반 음식점업
2427294,0,이일성노원,61503,광주 동구 소태길 11,87111,노인 요양 복지시설 운영업,44348,44348,3,3,계속,계속,4088213438,92126891721,87111,노인 요양 복지시설 운영업
2427741,0,삼화전자,61470,광주 동구 독립로264번길 21,46521,가전제품 및 부품 도매업,44368,44368,1,1,계속,계속,4082173546,92126972831,46521,가전제품 및 부품 도매업
2427876,0,모두가,61434,광주 동구 동계천로 171,56111,한식 일반 음식점업,43831,43831,2,2,계속,계속,5091128874,92126998181,56111,한식 일반 음식점업
2428207,0,강동기업,61462,광주광역시 동구 학소로 138-3,41999,건설업본사,44270,44270,1,1,계속,계속,7820501824,92127055951,41999,건설업본사
2428692,0,박기범부동산,61504,광주 동구 남문로 523,68119,기타 부동산 임대업,45170,45170,1,1,계속,계속,4081133808,92127150511,68119,기타 부동산 임대업
2429247,0,반도인쇄,61487,광주광역시 동구  문화전당로23번길 5-16,17901,문구용 종이제품 제조업,44354,44354,1,1,계속,계속,4080398709,92127269381,17901,문구용 종이제품 제조업
2429287,0,광주동구지역자활센터(어깨동무),61475,광주 동구 금남로 231,28909,그 외 기타 전기장비 제조업,44378,45047,19,19,계속,계속,4088211857,92127285981,28909,그 외 기타 전기장비 제조업
2429443,0,동구선거관리위원회(대표관리번호),61427,광주 동구 제봉로 186,84119,기타 일반 공공 행정,41365,41365,3,3,일괄계속,계속,4088300420,92127327421,84119,기타 일반 공공 행정
2429502,0,(주)쿱스토어광주 학동점,61464,광주 동구 남문로 669,47215,채소,,,,,,,,,,
2429522,0,신전떡볶이(광주충장점),61483,광주 동구 중앙로160번길 15-2,56191,김밥 및 기타 간이 음식점업,43466,43466,2,2,계속,계속,4242400196,92127349351,56191,김밥 및 기타 간이 음식점업
2430008,0,리베도,61470,광주 동구 독립로 268,47412,여자용 겉옷 소매업,44378,44378,1,1,계속,계속,4080949855,92127459071,47412,여자용 겉옷 소매업
2430398,0,일등건설중기（유진크레인）,61489,광주 동구 양림로119번길 7,42600,건설장비 운영업,44348,44348,1,1,계속,계속,4081799122,92127537391,42600,건설장비 운영업
2431174,0,미니스톱조선대점,61448,광주 동구 필문대로273번길 1,47122,체인화 편의점,44379,44379,1,1,계속,계속,3630100363,92127692621,47122,체인화 편의점
2431433,0,치카치카,61427,광주 동구 제봉로184번길 13-11,75992,전시,,,,,,,,,,
2431590,0,주식회사민투어,61478,광주광역시 동구 천변우로 339,75210,여행사업,45768,45768,1,1,계속,계속,6268100795,92127770661,75210,여행사업
2431668,0,합정뭉티기,61436,광주 동구 동명로 8-1,56111,한식 일반 음식점업,44288,44288,1,1,계속,계속,2292302855,92127788431,56111,한식 일반 음식점업
2431944,1,유한회사진일디앤씨,61477,광주 동구 충장로 14,,,44441,,1,0,계속,,4528102299,92127837181,,
2433320,0,학교법인살레시오수녀학원(방과후학교강사),61448,광주 동구 필문대로273번길 21,84211,교육 행정,45292,44378,40,40,계속,계속,4088203395,92128082727,84211,교육 행정
2433735,0,김영편입학원,61474,광주 동구 예술길 31-16,85632,기타 교습학원,44415,44415,3,3,계속,계속,4089130555,92128159631,85632,기타 교습학원
2433818,2,주식회사 잇다/예술인,61417,광주 동구 산수길35번길 20-6,59113,광고 영화 및 비디오물 제작업,,44470,0,0,,계속,,92128174547,59113,광고 영화 및 비디오물 제작업
2434068,2,광주남성합창단/예술인,61434,광주 동구 동계천로 151,90122,무용 및 음악단체,,44501,0,0,,계속,,92128213547,90122,무용 및 음악단체
2434528,2,그루밍엔터테인먼트/예술인,61420,광주 동구 중흥로227번길 10-2,90199,그 외 기타 창작 및 예술관련 서비스업,,44348,0,0,,계속,,92128313037,90199,그 외 기타 창작 및 예술관련 서비스업
2435593,0,삼익세라믹APT입주자대표회,61463,광주 동구 남문로 676,47190,그 외 기타 종합 소매업,44501,44501,14,14,계속,계속,4088260891,92128535471,47190,그 외 기타 종합 소매업
2435605,0,주식회사 캠코에프엠씨 광주동구복합청사,61427,광주 동구 제봉로 186,74100,사업시설 유지관리 서비스업,44488,44488,4,4,계속,계속,5338101264,92128537721,74100,사업시설 유지관리 서비스업
2435629,0,올리비아로렌광주금남로점,61485,광주 동구 서석로 56,46413,남녀용 겉옷 및 셔츠 도매업,44508,44508,1,1,계속,계속,4081137105,92128542201,46413,남녀용 겉옷 및 셔츠 도매업
2436629,2,(주)한성종합조경-특고,61488,광주 동구 천변우로 421,42600,건설장비 운영업,,44378,0,0,,계속,4088144744,92128722467,42600,건설장비 운영업
2436774,0,투탑스기구필라테스&PT,61481,광주 동구 금남로 202,71531,경영 컨설팅업,44368,44368,1,1,계속,계속,2511601200,92128752211,71531,경영 컨설팅업
2436775,0,투탑스짐휘트니스 3호점,61421,광주 동구 무등로306번길 36,71531,경영 컨설팅업,42553,42553,4,4,계속,계속,4081893519,92128752371,71531,경영 컨설팅업
2437106,0,경성유리,61415,광주 동구 경양로 315,41999,건설업본사,44348,44348,1,1,계속,계속,4081246668,92128804611,41999,건설업본사
2437360,1,주식회사 그린누리 지인전시자 광주점,61470,광주 동구 독립로 268,,,44530,,1,0,계속,,7108601022,92128842071,,
2438437,2,향산주소연판소리보존회/예술인,61465,광주 동구 제봉로98번길 1-2,90122,무용 및 음악단체,,44197,0,0,,계속,,92129171807,90122,무용 및 음악단체
2438882,0,인셀덤스타링클,61505,광주 동구 소태길 22-16,47813,화장품,,,,,,,,,,
2440353,2,문예정터/예술인,61419,광주 동구 중흥로209번길 8,90110,공연시설 운영업,,44197,0,0,,계속,,92129978877,90110,공연시설 운영업
2441004,1,공유다계림중흥총판,61418,광주 동구 무등로 454-2,,,44378,,0,0,계속,,4024904666,92200112307,,
2441045,2,국립아시아문화전당/예술인,61485,광주 동구 문화전당로 38,90191,공연 기획업,,44562,0,0,,계속,,92200135047,90191,공연 기획업
2441660,0,인셀덤 퀸즈,61508,광주 동구 용산1길 2,47813,화장품,,,,,,,,,,
2441991,0,광주광역시교육청(광주용산초등학교 방과후학교 강사),61509,광주 동구 화산로 334,85120,초등학교,45292,44378,7,7,계속,계속,4088303373,92200519147,85120,초등학교
2442181,1,조선대학교/학생연구자,61452,광주 동구 조선대길 184,,,44562,,1403,0,계속,,4088200516,92200595797,,
2442279,1,현대홈쇼핑 흥국화재(IN/광주)_금융,61482,광주 동구 금남로 230,,,44378,,0,0,계속,,2118676540,92200632687,,
2442627,1,조선이공대학교/학생연구자,61453,광주광역시 동구 조선이공대길 11,,,44562,,193,0,계속,,4088200549,92201072177,,
2443235,0,엄마곰케어,61487,광주 동구 문화전당로35번길 3-9,47813,화장품,,,,,,,,,,
2443740,0,(주)아모스금남점,61471,광주 동구 금남로 161-6,47813,화장품,,,,,,,,,,
2443927,1,동구북구디플러스배달대행,61438,광주 동구 밤실로 76-2,,,44593,,0,0,계속,,3192101534,92202199917,,
2444312,2,5.18민중항쟁기념행사위원회/예술인,61475,광주 동구 금남로 245,75992,전시,,,,,,,,,,
2444510,0,인셀덤 비앤비 킹덤대리점,61423,광주 동구 경양로277번길 16-3,47813,화장품,,,,,,,,,,
2445097,2,(주)홍진건설,61473,광주 동구 구성로204번길 13,42600,건설장비 운영업,,44378,0,0,,계속,3068137705,92203213067,42600,건설장비 운영업
2445451,0,광주용산신용협동조합,61499,광주광역시 동구 남문로 589,64131,신용조합,44387,44387,0,0,계속,계속,4088206596,92203554487,64131,신용조합
2446492,1,계림개발,61403,광주 동구 무등로375번길 15-11,,,44671,,1,0,일괄유기,,4080975687,92204345557,,
2446630,0,모아콜(동남구지사),61454,광주 동구 남문로 756-1,49402,늘찬 배달업,44669,44669,0,0,계속,계속,5910802174,92204519267,49402,늘찬 배달업
2446637,2,푸른연극마을/예술인,61473,광주 동구 구성로204번길 1-1,90191,공연 기획업,,44562,0,0,,계속,,92204538577,90191,공연 기획업
2447221,2,국립아시아문화전당재단/예술인,61485,광주 동구 문화전당로 38,90199,그 외 기타 창작 및 예술관련 서비스업,,44664,0,0,,계속,,92205179037,90199,그 외 기타 창작 및 예술관련 서비스업
2447801,2,향산주소연판소리보존회/예술인,61465,광주 동구 제봉로98번길 1-2,90122,무용 및 음악단체,,44562,0,0,,계속,,92205689807,90122,무용 및 음악단체
2448037,0,조영주,61501,광주 동구 학소로76번길 14,49401,택배업,44652,44652,1,0,계속,계속,7301401825,92206123717,49401,택배업
2448350,2,(사)한국미술협회광주광역시지회/예술인,61475,광주 동구 금남로 231,94990,그 외 기타 협회 및 단체,,44562,0,0,,계속,,92206439697,94990,그 외 기타 협회 및 단체
2448724,2,정정하/예술인,61492,광주 동구 의재로 149-7,90199,그 외 기타 창작 및 예술관련 서비스업,,44562,0,0,,계속,,92206710667,90199,그 외 기타 창작 및 예술관련 서비스업
2448911,2,사랑을노래하는사람들/예술인,61408,광주 동구 밤실로 147,90122,무용 및 음악단체,,44562,0,0,,계속,,92206996147,90122,무용 및 음악단체
2449030,2,창극프로젝트소리치다/예술인,61443,광주 동구 밤실로4번길 7,90123,기타 공연단체,,44562,0,0,,계속,,92207171167,90123,기타 공연단체
2449256,2,화양연화/예술인,61481,광주 동구 충장로 45-2,90122,무용 및 음악단체,,44719,0,0,,계속,,92207447187,90122,무용 및 음악단체
2449606,0,라이더스그룹(바로Go),61400,광주 동구 서암대로 304-1,49402,늘찬 배달업,44754,44754,0,0,계속,계속,4620601572,92207680017,49402,늘찬 배달업
2450063,2,꿈꾸는예술/예술인,61514,광주 동구 남문로 307,90191,공연 기획업,,44562,0,0,,계속,,92208081057,90191,공연 기획업
2450240,0,(유)더원이엔씨,61477,광주 동구 독립로226번길 11,41225,산업생산시설 종합건설업,44652,44652,1,0,일괄유기,일괄유기,6608701836,92208252157,41225,산업생산시설 종합건설업
2450290,2,주식회사 해광건설,61478,광주 동구 독립로226번길 20,42600,건설장비 운영업,,44378,0,0,,계속,4098179469,92208289177,42600,건설장비 운영업
2452641,2,광주신포니에타/예술인,61486,광주 동구 제봉로 71,90122,무용 및 음악단체,,44562,0,0,,계속,,92210023327,90122,무용 및 음악단체
2452880,1,주식회사바로고,61473,광주 동구 구성로204번길 22,,,44819,,0,0,계속,,4288702527,92210287807,,
2452887,0,(주)가민정보시스템,61431,광주광역시 동구 동계천로 76,58221,시스템 소프트웨어 개발 및 공급업,44770,44378,16,0,계속,계속,4108122404,92210293147,58221,시스템 소프트웨어 개발 및 공급업
2453206,1,바로고동명지사,61449,광주 동구 필문대로 285,,,44805,,0,0,계속,,4050899970,92210530657,,
2453414,2,사단법인선율/예술인,61405,광주 동구 필문대로 108,90122,무용 및 음악단체,,44562,0,0,,계속,,92210763567,90122,무용 및 음악단체
2453552,0,최선인테리어,61445,광주 동구 지산로63번길 17,42412,도배,,,,,,,,,,
2453856,1,조선간호대학교/학생연구자,61453,광주광역시 동구 조선대2길 70,,,44562,,31,0,계속,,4088200535,92211364417,,
2454037,0,금토산건,61512,광주 동구 용연길 17-13,41129,기타 비주거용 건물 건설업,44743,44743,1,1,일괄유기,일괄유기,8645600793,92211503547,41129,기타 비주거용 건물 건설업
2454135,2,빛고을무등가야금연주단/예술인,61474,광주 동구 예술길 27,90191,공연 기획업,,44562,0,0,,계속,,92211586437,90191,공연 기획업
2454176,1,정일건업/건설,61513,광주 동구 육판서길  142,,,44880,,1,0,일괄유기,,8974300532,92211612227,,
2454233,2,남도가야금병창진흥회/예술인,61465,광주 동구 제봉로 102-8,90122,무용 및 음악단체,,44562,0,0,,계속,,92211662727,90122,무용 및 음악단체
2454364,2,사단법인대동문화재단/예술인,61478,광주 동구 천변우로 329-5,75911,문서작성 및 복사업,,44562,0,0,,계속,,92211789647,75911,문서작성 및 복사업
2454755,2,극단진달래피네/예술인,61419,광주 동구 중흥로209번길 8,90121,연극단체,,44562,0,0,,계속,,92212324297,90121,연극단체
2454777,2,극단깍지/예술인,61487,광주 동구 문화전당로 29-1,90121,연극단체,,44562,0,0,,계속,,92212373627,90121,연극단체
2454940,0,무등유치원,61463,광주 동구 학소로 125,85110,유아 교육기관,45108,44743,0,0,계속,계속,4088021841,92212572687,85110,유아 교육기관
2456157,0,(주)해성티엠_대인동파라드오피스텔,61473,광주 동구 구성로204번길 20,68211,주거용 부동산 관리업,44562,44562,5,6,계속,계속,4998600596,92229033721,68211,주거용 부동산 관리업
2456653,0,해오름약국,61443,광주 동구 밤실로 26-1,47811,의약품 및 의료용품 소매업,44562,44562,1,1,계속,계속,4120131945,92229107711,47811,의약품 및 의료용품 소매업
2457243,0,광주동구시니어클럽(노인복지시설지원사업),61489,광주 동구 양림로 105-6,87299,그 외 기타 비거주 복지 서비스업,44562,44562,20,20,계속,계속,4088272403,92229185251,87299,그 외 기타 비거주 복지 서비스업
2457245,0,광주동구시니어클럽(마을공동체활성화지원),61489,광주 동구 양림로 105-6,74212,산업설비,,,,,,,,,,
2457250,0,형제인쇄출판사,61487,광주광역시 동구  백서로137번길 8,18113,오프셋 인쇄업,39661,39661,6,6,계속,계속,4082264194,92229185741,18113,오프셋 인쇄업
2457352,0,광주복집,61437,광주 동구 필문대로191번길 5-5,56111,한식 일반 음식점업,44562,44562,1,1,계속,계속,4310501080,92229199651,56111,한식 일반 음식점업
2458022,1,주식회사법규(광주제일햄버고),61473,광주 동구 구성로194번길 23,,,44562,,3,0,계속,,6138601639,92229309241,,
2458704,0,（주）일등건설중기,61489,광주 동구 양림로119번길 7,42600,건설장비 운영업,44470,44470,1,1,계속,계속,4088172954,92229419971,42600,건설장비 운영업
2459653,0,유한회사 삼희,61488,광주 동구 서석로 24,56111,한식 일반 음식점업,44608,44608,5,5,계속,계속,4108684894,92229567261,56111,한식 일반 음식점업
2459854,0,주식회사 이오엔터테인먼트,61481,광주 동구 중앙로 185,59111,일반 영화 및 비디오물 제작업,44595,44595,3,3,계속,계속,8178601279,92229609021,59111,일반 영화 및 비디오물 제작업
2460413,0,유한회사 유투어,61473,광주 동구 구성로194번길 7,75210,여행사업,44627,44627,1,1,계속,계속,2858800462,92229721811,75210,여행사업
2460426,0,재단법인광주광역시사회서비스원 빛고을50+센터(신중년경력형),61463,광주 동구 남문로 692,87299,그 외 기타 비거주 복지 서비스업,44621,44621,1,1,계속,계속,2888200606,92229723511,87299,그 외 기타 비거주 복지 서비스업
2460888,0,(주)멋있는생활,61487,광주광역시 동구  백서로125번길 34-2,20422,치약,,,,,,,,,,
2461038,0,삼진식당,61427,광주 동구 동계천로 68,56111,한식 일반 음식점업,44593,44593,1,1,계속,계속,8832900463,92229822921,56111,한식 일반 음식점업
2461386,0,주식회사그린여행사,61485,광주 동구 문화전당로26번길 7,75210,여행사업,44627,44627,1,1,계속,계속,4088195239,92229898961,75210,여행사업
2462467,0,산수싸리,61480,광주 동구 충장로46번길 8-8,90199,그 외 기타 창작 및 예술관련 서비스업,44652,44652,1,1,계속,계속,3982500706,92230126071,90199,그 외 기타 창작 및 예술관련 서비스업
2465371,0,문화예술공방 바람꽃,61419,광주 동구 무등로304번길 34,90121,연극단체,44682,44682,2,2,계속,계속,2479600048,92230741811,90121,연극단체
2466274,0,변호사박준영법률사무소,61440,광주 동구 동명로 105,71101,변호사업,44714,44714,1,1,계속,계속,1352429390,92230905081,71101,변호사업
2466317,0,(주)유니처,61481,광주 동구 금남로 180,32029,기타 목재가구 제조업,44722,44722,2,1,계속,계속,4098199941,92230911511,32029,기타 목재가구 제조업
2466940,0,법무사오재필사무소,61444,광주 동구 밤실로 13,71103,법무사업,44652,44652,1,1,계속,계속,3554500411,92231054931,71103,법무사업
2467948,0,인아웃(INOUT),61449,광주 동구 필문대로287번길 19-7,56213,생맥주 전문점,44743,44743,1,1,계속,계속,4080294837,92231252421,56213,생맥주 전문점
2468196,1,주식회사케이비개발-계림 아이파크 SK뷰,61404,광주광역시 동구  필문대로 70,,,44763,,37,0,계속,,4108705616,92231301361,,
2468197,1,주식회사케이비개발-계림 아이파크 SK뷰 근린생활시설,61404,광주광역시 동구  필문대로 70,,,44763,,2,0,계속,,4108705616,92231301641,,
2468301,0,에듀잇글로벌그룹,61482,광주광역시 동구  금남로 236,85669,기타 기술 및 직업훈련학원,43770,43770,1,1,계속,계속,4629400532,92231326551,85669,기타 기술 및 직업훈련학원
2468643,0,벧엘인쇄광고,61487,광주 동구 문화전당로 19,18111,경 인쇄업,42186,42186,1,1,계속,계속,4082215577,92231400011,18111,경 인쇄업
2469022,0,웹인컴,61483,광주 동구 충장로안길 7,58221,시스템 소프트웨어 개발 및 공급업,44774,44774,1,1,계속,계속,4080447037,92231476021,58221,시스템 소프트웨어 개발 및 공급업
2469361,0,사단법인 광주불교능인문화원,61433,광주 동구 필문대로218번길 2-9,94911,불교 단체,44785,44785,1,1,계속,계속,4088208949,92231535911,94911,불교 단체
2469717,0,원일eng,61409,광주 동구 밤실로 150,41999,건설업본사,44652,44652,1,1,계속,계속,4582500406,92231597921,41999,건설업본사
2470121,0,주식회사지나월드,61488,광주광역시 동구 백서로125번길 15,73203,시각 디자인업,44774,44774,1,1,계속,계속,6518801445,92231681531,73203,시각 디자인업
2470219,0,케이피코리아(주),61504,광주광역시 동구  화산로 355,68129,기타 부동산 개발 및 공급업,44774,44774,2,2,계속,계속,4108685044,92231700001,68129,기타 부동산 개발 및 공급업
2470756,0,미니스톱금남평화점,61475,광주 동구 중앙로196번길 15-4,47122,체인화 편의점,44795,44795,1,1,계속,계속,4081743012,92231794821,47122,체인화 편의점
2470989,0,(사)한국농아인협회 광주광역시협회 동구농아인쉼터,61489,광주광역시 동구  양림로119번길 20,94990,그 외 기타 협회 및 단체,44819,44819,2,2,계속,계속,4108206527,92231829831,94990,그 외 기타 협회 및 단체
2470990,0,양육점,61463,광주 동구 의재로 24,56111,한식 일반 음식점업,44805,44805,6,6,계속,계속,2092621320,92231830151,56111,한식 일반 음식점업
2471533,2,청담동 마녀김밥(충장로),61482,광주 동구 중앙로 182,56191,김밥 및 기타 간이 음식점업,,44774,0,3,,계속,4853400832,92231941231,56191,김밥 및 기타 간이 음식점업
2471670,0,모니터코퍼레이션주식회사(광주),61472,광주 동구 금남로 193-22,62021,컴퓨터시스템 통합 자문 및 구축 서비스업,44835,44835,2,2,계속,계속,2458701001,92231969721,62021,컴퓨터시스템 통합 자문 및 구축 서비스업
2471675,0,찡찡꼬마김밥,61455,광주 동구 남문로753번길 20,56112,한식 면요리 전문점,44805,44805,4,4,계속,계속,7612201538,92231970621,56112,한식 면요리 전문점
2472155,0,design큰세상,61468,광주 동구 백서로175번길 6-1,73203,시각 디자인업,44817,44817,1,1,계속,계속,4081387797,92232049111,73203,시각 디자인업
2472986,0,주식회사아이디코리아,61436,광주 동구 동계천로 150,27191,치과용 기기 제조업,44802,44802,2,2,계속,계속,8238100440,92232209561,27191,치과용 기기 제조업
2473034,0,한국세환개발주식회사,61408,광주 동구 갈마로 18,68119,기타 부동산 임대업,44835,44835,1,1,계속,계속,4088163697,92232220111,68119,기타 부동산 임대업
2473170,0,주식회사여행가는길,61472,광주 동구 구성로 180,75210,여행사업,44986,44986,1,1,계속,계속,4088199690,92232252311,75210,여행사업
2473896,0,유한회사미래토목,61423,광주 동구 경양로  261,41999,건설업본사,44872,44872,1,1,계속,계속,7368702302,92232388451,41999,건설업본사
2474039,1,주식회사케이비개발/금남로 센텀시티 오피스텔,61475,광주 동구 금남로 237,,,44881,,5,0,계속,,4108705616,92232411421,,
2474047,1,향산주소연판소리보존회,61465,광주 동구 제봉로98번길 1-2,,,44835,,1,0,계속,,6358001772,92232412341,,
2474403,0,유한회사농업회사법인새서광,61473,광주 동구 구성로204번길 25,46201,곡물 및 유지작물 도매업,44842,44842,1,1,계속,계속,4088196295,92232472371,46201,곡물 및 유지작물 도매업
2474453,0,주식회사스위밍차일드,61420,광주 동구 무등로 334,71519,기타 산업 회사 본부,44875,44875,1,1,계속,계속,7378801230,92232486091,71519,기타 산업 회사 본부
2475504,0,지존마라탕,61484,광주 동구 중앙로160번길 18,56121,중식 음식점업,44866,44866,1,1,계속,계속,7754900710,92232667591,56121,중식 음식점업
2476421,1,생각대로광주동구점,61433,광주 동구 동명로 81,,,44917,,0,0,계속,,4850902347,92300247977,,
2476424,0,그레이스영,61492,광주 동구 의재로 149-7,47813,화장품,,,,,,,,,,
2476924,2,산수싸리/예술인,61480,광주 동구 충장로46번길 8-8,90199,그 외 기타 창작 및 예술관련 서비스업,,44834,0,0,,계속,,92300736037,90199,그 외 기타 창작 및 예술관련 서비스업
2477560,0,플레이 (play),61484,광주 동구 서석로7번길 12-14,47813,화장품,,,,,,,,,,
2478880,0,인셀덤 스타 라이프,61462,광주 동구 증심천로43번길 8,47993,방문 판매업,45017,44986,2,0,계속,계속,5705300709,92303089947,47993,방문 판매업
2479360,0,카라네일샵,61406,광주 동구 필문대로 172,96119,기타 미용업,45017,45017,0,0,계속,계속,8981100738,92303543787,96119,기타 미용업
2479501,2,은암미술관/예술인,61474,광주 동구 서석로85번길 8-12,90221,박물관 운영업,,45017,0,0,,계속,,92303774817,90221,박물관 운영업
2480757,2,사단법인우리문화예술원/예술인,61432,광주 동구 동명로67번길 19,90122,무용 및 음악단체,,44927,0,0,,계속,,92305445967,90122,무용 및 음악단체
2480761,1,생각대로 동구2지사,61419,광주 동구 중흥로213번길 21,,,45047,,0,0,계속,,3444800649,92305452027,,
2480808,1,생각대로 동구점,61419,광주 동구 중흥로213번길 21,,,45076,,0,0,계속,,3444800649,92305509077,,
2481356,2,이준화/예술인,61508,광주 동구 용산3길 17,90191,공연 기획업,,44927,0,0,,계속,,92306312647,90191,공연 기획업
2482433,0,라파글로리아,61512,광주 동구 선교로 38-30,47813,화장품,,,,,,,,,,
2483140,2,디디에프(DDF)/예술인,61480,광주 동구 충장로46번길 8-17,90199,그 외 기타 창작 및 예술관련 서비스업,,45087,0,0,,계속,,92306874937,90199,그 외 기타 창작 및 예술관련 서비스업
2483310,2,(주)이오엔터테인먼트/예술인,61481,광주 동구 중앙로 185,59111,일반 영화 및 비디오물 제작업,,45107,0,0,,계속,,92306908137,59111,일반 영화 및 비디오물 제작업
2484466,2,아트엠컴퍼니/예술인,61436,광주 동구 제봉로110번길 17,90199,그 외 기타 창작 및 예술관련 서비스업,,45078,0,0,,계속,,92307483907,90199,그 외 기타 창작 및 예술관련 서비스업
2489112,1,유한회사서광골재-건설기계조종사,61491,광주 동구 운림길 29-10,,,45170,,0,0,계속,,2448101966,92309689507,,
2489855,1,수정산업 유한회사-화물운송,61514,광주 동구 남문로 281,,,45108,,1,0,계속,,4108703087,92310073647,,
2490556,0,주식회사 저스트-특고,61443,광주 동구 지호로 87,58222,응용 소프트웨어 개발 및 공급업,45170,45170,0,0,계속,계속,7918102724,92310666297,58222,응용 소프트웨어 개발 및 공급업
2490559,2,극단쟁이(광주)/예술인,61427,광주 동구 제봉로200번길 1-7,90121,연극단체,,45170,0,0,,계속,,92310668077,90121,연극단체
2490709,1,광주전남화약(주)-화물운송,61513,광주 동구 육판서길 79-23,,,45108,,1,0,계속,,4088185522,92310776927,,
2490922,2,어감/예술인,61410,광주 동구 밤실로136번길 8-15,59113,광고 영화 및 비디오물 제작업,,45170,0,0,,계속,,92310923697,59113,광고 영화 및 비디오물 제작업
2491213,2,가야금병창단현의노래/예술인,61474,광주 동구 예술길 25-3,90123,기타 공연단체,,45200,0,0,,계속,,92311244987,90123,기타 공연단체
2491842,1,(주)종이와사람들 광주지점-화물운송,61498,광주 동구 남문로 628,,,45108,,0,0,계속,,4088520134,92311784887,,
2493959,2,주식회사 오아시스스튜디오/예술인,61472,광주 동구 금남로  193-22,59113,광고 영화 및 비디오물 제작업,,45250,0,0,,계속,,92313712137,59113,광고 영화 및 비디오물 제작업
2494242,0,주식회사 대명주택관리/무등산골드클래스아파트,61497,광주 동구 학소로 109,74100,사업시설 유지관리 서비스업,45376,45376,5,5,계속,계속,4088611156,92332791621,74100,사업시설 유지관리 서비스업
2495721,0,다슬기클랜,61475,광주 동구 금남로 245,59112,애니메이션 영화 및 비디오물 제작업,44927,44927,1,1,계속,계속,8561901234,92332978451,59112,애니메이션 영화 및 비디오물 제작업
2496031,0,(주)케이리치타워,61504,광주 동구 화산로 355,68122,비주거용 건물 개발 및 공급업,44928,44928,1,1,계속,계속,4108703388,92333017871,68122,비주거용 건물 개발 및 공급업
2496988,0,(재) 누리문화재단,61501,광주 동구 학소로62번길 7,94990,그 외 기타 협회 및 단체,44927,44927,1,1,계속,계속,4098208845,92333154111,94990,그 외 기타 협회 및 단체
2497473,0,한울이미용실,61432,광주 동구 동명로67번길 17,96112,두발 미용업,44958,44958,1,1,계속,계속,4084616155,92333216421,96112,두발 미용업
2497549,0,서정적인호텔,61484,광주 동구 천변우로 393-4,55102,여관업,44927,44927,2,2,계속,계속,1670300487,92333225541,55102,여관업
2497564,0,고고한우곱창,61487,광주 동구 문화전당로35번길 10,56111,한식 일반 음식점업,44957,44957,2,2,계속,계속,3551500369,92333227881,56111,한식 일반 음식점업
2499499,0,주식회사 엘앤아이시스템,61411,광주 동구 필문대로153번길 30,41999,건설업본사,44927,44927,1,1,계속,계속,7758601918,92333480521,41999,건설업본사
2499700,0,커볶&아트,61494,광주 동구 의재로 140-6,56221,커피 전문점,44991,44991,1,1,계속,계속,1391402133,92333509821,56221,커피 전문점
2500324,1,(주)한성종합조경(조경수목관리),61488,광주 동구 천변우로 421,,,44562,,4,0,일괄계속,,4088144744,92333598081,,
2500552,1,주식회사케이비개발/로머스파크 해리티지,61477,광주광역시 동구  독립로226번길 5-10,,,44958,,4,0,계속,,4108705616,92333634831,,
2500816,0,맥거핀,61431,광주 동구 제봉로158번길 3,75992,전시,,,,,,,,,,
2501800,0,주)피제이앤에스,61488,광주 동구 천변우로 427,55101,호텔업,45017,45017,1,1,계속,계속,1528102929,92333873081,55101,호텔업
2502284,0,사단법인광주금융사회복지협회(광주청년센터),61475,광주 동구 예술길 38,94990,그 외 기타 협회 및 단체,44987,44987,15,15,계속,계속,3208200351,92333937081,94990,그 외 기타 협회 및 단체
2503311,0,(주)더플라이앤크루즈,61475,광주 동구 중앙로196번길 5,75210,여행사업,45026,45026,1,1,계속,계속,4088171784,92334102661,75210,여행사업
2503418,0,광주동구지역자활센터(한땀공방),61475,광주 동구 금남로 231,16300,코르크 및 조물제품 제조업,45658,45047,3,3,계속,계속,4088211857,92334125891,16300,코르크 및 조물제품 제조업
2503437,0,형제유통,61448,광주 동구 지호로 22-5,47221,빵류,,,,,,,,,,
2503440,0,광주동구지역자활센터(조은복지간병),61475,광주 동구 금남로 231,96993,개인 간병 및 유사 서비스업,45658,45047,6,2,계속,계속,4088211857,92334130421,96993,개인 간병 및 유사 서비스업
2503758,0,세븐일레븐 광주수기모아점,61479,광주 동구 천변우로 361-5,47122,체인화 편의점,44994,44994,6,6,계속,계속,5071501687,92334189781,47122,체인화 편의점
2503932,0,우연월드,61485,광주 동구 서석로 56,46443,화장품 및 화장용품 도매업,45017,45017,1,1,계속,계속,2100458145,92334210331,46443,화장품 및 화장용품 도매업
2504294,0,광주중앙원격평생교육원,61477,광주 동구 독립로226번길 13-2,85640,사회교육시설,45061,45061,3,3,계속,계속,4099180193,92334262641,85640,사회교육시설
2504949,1,주식회사온돌라이프-기업부설연구소,61493,광주 동구 증심사길30번길 8,,,45047,,2,0,계속,,4088171504,92334386021,,
2505108,0,주식회사 사랑에프엔씨,61487,광주 동구 백서로125번길 32-4,75919,기타 사무지원 서비스업,45047,45047,5,5,계속,계속,2798100852,92334422461,75919,기타 사무지원 서비스업
2505745,0,나우치과기공소,61480,광주 동구 충장로58번길 8-9,27192,치과기공물 제조업,45058,45058,1,1,계속,계속,4089010023,92334539021,27192,치과기공물 제조업
2508041,0,광주식당,61473,광주 동구 구성로194번길 25,56111,한식 일반 음식점업,45109,45109,1,1,계속,계속,4082009106,92334934981,56111,한식 일반 음식점업
2508098,0,비미,61432,광주광역시 동구 동계로10번길 16,56221,커피 전문점,45119,45119,1,1,계속,계속,5571601879,92334945861,56221,커피 전문점
2508340,0,미소커뮤니케이션,61487,광주 동구 문화전당로23번길 5-16,73203,시각 디자인업,44866,44866,1,1,계속,계속,4081852842,92334993111,73203,시각 디자인업
2508763,0,도쿄주스2호점,61479,광주 동구 중앙로 149-2,46417,의복 액세서리 및 모조 장신구 도매업,45111,45111,1,1,계속,계속,4081722211,92335075841,46417,의복 액세서리 및 모조 장신구 도매업
2509294,0,사회적협동조합 여로,61488,광주 동구 백서로125번길 5,74211,건축물 일반 청소업,44682,44682,8,3,계속,계속,7828200578,92335163611,74211,건축물 일반 청소업
2510309,1,2016진정성(주) 광주,61485,광주 동구 문화전당로 38,,,45089,,10,0,계속,,5758701483,92335313721,,
2510710,0,천지헤어,61475,광주 동구 중앙로196번길 32,96112,두발 미용업,41039,41039,1,1,계속,계속,4081813854,92335392051,96112,두발 미용업
2512146,0,사단법인 샘물복지회,61502,광주 동구 학소로  32,28123,배전반 및 전기 자동제어반 제조업,45139,45139,1,1,계속,계속,4228200486,92335612041,28123,배전반 및 전기 자동제어반 제조업
2512585,0,롯데광주타임옴므,61470,광주 동구 독립로 268,46413,남녀용 겉옷 및 셔츠 도매업,45170,45170,1,1,계속,계속,5195200046,92335689391,46413,남녀용 겉옷 및 셔츠 도매업
2512633,0,광주동구지역자활센터(알라딘청소방역),61475,광주 동구 금남로 231,74211,건축물 일반 청소업,45200,45200,7,7,계속,계속,4088211857,92335695321,74211,건축물 일반 청소업
2512770,1,주식회사케이비개발-광주 그랜드 센트럴 상가,61424,광주광역시 동구  경양로 234,,,45200,,3,0,계속,,4108705616,92335715001,,
2512983,0,한림출판인쇄,61488,광주 동구 백서로125번길 11,58113,일반 서적 출판업,45149,45149,1,1,계속,계속,4081170079,92335750291,58113,일반 서적 출판업
2514443,0,비젼장애인자립생활센터(활동지원),61427,광주광역시 동구 제봉로 186,87299,그 외 기타 비거주 복지 서비스업,45203,45203,123,99,계속,계속,2228270500,92336014331,87299,그 외 기타 비거주 복지 서비스업
2518201,0,베르파크,61514,광주 동구 육판서길 16,47813,화장품,,,,,,,,,,
2518810,1,조은교육,61442,광주 동구 밤실로 44,,,45292,,2,0,계속,,4081923233,92400418267,,
2518944,1,지한유치원,61514,광주 동구 남계길 38,,,45292,,8,0,계속,,7488300013,92400457367,,
2518958,0,광주광역시교육청(광주고등학교 방과후학교 강사),61412,광주 동구 중앙로 302,85212,일반 고등학교,45292,45292,1,1,계속,계속,4088301434,92400460247,85212,일반 고등학교
2522081,0,파이진로즈,61501,광주 동구 지원로 35,47993,방문 판매업,45292,45292,1,1,계속,계속,1073521346,92401388037,47993,방문 판매업
2522100,0,힐링피부샵 라이프앤진뷰티마스터,61419,광주 동구 독립로 352,47993,방문 판매업,45292,45292,1,1,계속,계속,5473100634,92401393487,47993,방문 판매업
2524351,0,(주)광장건설/노무제공자,61477,광주 동구 독립로226번길 21,42600,건설장비 운영업,45352,45352,1,1,계속,계속,4098130864,92402297397,42600,건설장비 운영업
2528418,1,주식회사중흥/노무제공자,61478,광주 동구 천변우로  339,,,45108,,0,0,계속,,4518800924,92404194757,,
2528993,0,학교야놀자 계림,61420,광주 동구 중앙로  317,85699,그 외 기타 분류 안된 교육기관,45352,45352,1,1,계속,계속,7163701226,92404537337,85699,그 외 기타 분류 안된 교육기관
2529737,0,학교법인 조선대학교(방과후학교 강사),61452,광주 동구 조선대길 146,85211,중학교,45292,45292,10,10,계속,계속,4088203380,92404957547,85211,중학교
2529959,1,주식회사 숲더프리,61436,광주 동구 동명로 8-9,,,45426,,2,0,일괄유기,,3948600267,92405107767,,
2532146,2,한소리회/예술인,61484,광주 동구 중앙로160번길 22,90123,기타 공연단체,,45444,0,0,,계속,,92406522047,90123,기타 공연단체
2532609,2,프레젠트무용단(PRESENTDANCE)/예술인,61514,광주 동구 육판서길 17,90123,기타 공연단체,,45444,0,0,,계속,,92406677507,90123,기타 공연단체
2534173,1,안산조경(주)-화물운송,61487,광주 동구 서석로  42,,,45108,,0,0,계속,,4098153630,92407319557,,
2535214,2,파란프로스토리/예술인,61475,광주 동구 금남로 245,59111,일반 영화 및 비디오물 제작업,,45505,0,0,,계속,,92408344577,59111,일반 영화 및 비디오물 제작업
2535442,0,케이 뷰티 아카데미,61446,광주 동구 무등로 548,47993,방문 판매업,45505,45505,17,17,계속,계속,4011694022,92408448357,47993,방문 판매업
2536810,2,ILLBRO (일브로)/예술인,61436,광주 동구 동명로 4,90123,기타 공연단체,,45505,0,0,,계속,,92409666127,90123,기타 공연단체
2536993,2,황민혜/예술인,61457,광주 동구 남문로 734,90123,기타 공연단체,,45474,0,0,,계속,,92409783227,90123,기타 공연단체
2539225,0,(주)웰종합건설(노무제공자),61463,광주 동구 남문로 682,42600,건설장비 운영업,45108,44927,0,0,계속,계속,2318801955,92411240107,42600,건설장비 운영업
2539509,2,윤성민/예술인,61417,광주 동구 산수길35번길 8,90199,그 외 기타 창작 및 예술관련 서비스업,,45565,0,0,,계속,,92411427747,90199,그 외 기타 창작 및 예술관련 서비스업
2540767,0,주식회사 삼성금융파트너스(광주라이프 지점),61475,광주 동구 중앙로 198,66202,보험 대리 및 중개업,45597,45597,24,0,계속,계속,3688502600,92412609107,66202,보험 대리 및 중개업
2541744,2,주식회사 와이즈브이에프엑스(Wise VFX)/예술인,61475,광주 동구 금남로 245,59113,광고 영화 및 비디오물 제작업,,45597,0,0,,계속,,92413418827,59113,광고 영화 및 비디오물 제작업
2541810,1,남해종합건설(주),61487,광주 동구 서석로 42,,,45292,,0,0,계속,,4088120209,92413457647,,
2541986,0,기아무등대리점,61421,광주 동구 독립로 330,47993,방문 판매업,45567,45567,7,0,계속,계속,7524500970,92413604667,47993,방문 판매업
2543402,0,주식회사 여행이좋다,61488,광주 동구 문화전당로35번길 24,75210,여행사업,45293,45293,1,1,계속,계속,4088187286,92436497971,75210,여행사업
2543802,0,광주동구지역자활센터(가사지원서비스),61475,광주 동구 금남로 231,96999,그 외 기타 달리 분류되지 않은 개인 서비스업,45292,45292,6,6,계속,계속,4088211857,92436562681,96999,그 외 기타 달리 분류되지 않은 개인 서비스업
2543835,0,광주동구지역자활센터(에코워싱),61475,광주 동구 중앙로196번길 19,75999,그 외 기타 분류 안된 사업지원 서비스업,45292,45292,11,12,계속,계속,4088211857,92436567621,75999,그 외 기타 분류 안된 사업지원 서비스업
2543883,0,광주동구시니어클럽(공공행정업무지원사업),61489,광주 동구 양림로 105-6,75999,그 외 기타 분류 안된 사업지원 서비스업,45295,45295,28,29,계속,계속,4088272403,92436572741,75999,그 외 기타 분류 안된 사업지원 서비스업
2544427,0,증심사뚱돼지 숯불갈비,61493,광주 동구 증심사길30번길 39,56111,한식 일반 음식점업,45293,45293,2,2,계속,계속,4082308715,92436646021,56111,한식 일반 음식점업
2544510,0,광주동구시니어클럽 클린환경(커피클린),61489,광주 동구 양림로 105-6,33999,그 외 기타 달리 분류되지 않은 제품 제조업,45295,45295,16,16,계속,계속,4088276199,92436654831,33999,그 외 기타 달리 분류되지 않은 제품 제조업
2544701,0,주식회사 예스인베스트 - 서석지하상가,61485,광주 동구 서석로 지하 56,74211,건축물 일반 청소업,45292,45292,10,10,계속,계속,4108679843,92436678721,74211,건축물 일반 청소업
2544734,0,EA샵,61475,광주 동구 금남로 235,47422,의복 액세서리 및 모조 장신구 소매업,45293,45293,1,1,계속,계속,4091849603,92436683031,47422,의복 액세서리 및 모조 장신구 소매업
2545177,0,우창산업,61421,광주 동구 독립로 328,25932,일반철물 제조업,45243,45243,1,1,계속,계속,4090152513,92436731081,25932,일반철물 제조업
2545181,0,사회적협동조합여로(여로환경),61488,광주광역시 동구 백서로125번길 5,74212,산업설비,,,,,,,,,,
2545187,0,사회적협동조합여로(아동돌봄시설지원사업),61488,광주 동구 백서로125번길 5,74212,산업설비,,,,,,,,,,
2545192,0,사회적협동조합여로(아동보육시설지원사업),61488,광주 동구 백서로125번길 5,74212,산업설비,,,,,,,,,,
2545196,0,사회적협동조합여로(장애인복지시설지원사업),61488,광주 동구 백서로125번길 5,74212,산업설비,,,,,,,,,,
2545199,0,사회적협동조합여로(공공시설지원사업),61488,광주 동구 백서로125번길 5,74212,산업설비,,,,,,,,,,
2545203,0,사회적협동조합여로(시니어안전모니터링),61488,광주 동구 백서로125번길 5,75999,그 외 기타 분류 안된 사업지원 서비스업,45292,45292,15,17,계속,계속,7828200578,92436732401,75999,그 외 기타 분류 안된 사업지원 서비스업
2545845,0,드레스코드,61487,광주 동구 서석로 28,47412,여자용 겉옷 소매업,45292,45292,1,1,계속,계속,3361100133,92436799901,47412,여자용 겉옷 소매업
2546191,0,책과사람주식회사,61431,광주 동구 제봉로 166,85699,그 외 기타 분류 안된 교육기관,45283,45283,1,1,계속,계속,4088614018,92436845461,85699,그 외 기타 분류 안된 교육기관
2547020,0,광주동구시니어클럽(펫티켓안내도우미사업),61489,광주 동구 양림로 105-6,71399,그 외 기타 광고 관련 서비스업,45323,45323,29,29,계속,계속,4088272403,92436949401,71399,그 외 기타 광고 관련 서비스업
2547032,0,광주동구시니어클럽(무등산시니어탐방플러스),61489,광주 동구 양림로 105-6,90290,기타 유사 여가관련 서비스업,45323,45323,20,20,계속,계속,4088272403,92436950891,90290,기타 유사 여가관련 서비스업
2547034,0,광주동구시니어클럽(동구안심돌봄지원단사업),61489,광주 동구 양림로 105-6,87299,그 외 기타 비거주 복지 서비스업,45323,45323,23,23,계속,계속,4088272403,92436951151,87299,그 외 기타 비거주 복지 서비스업
2547037,0,광주동구시니어클럽(유아언어발달촉진지원사업),61489,광주 동구 양림로 105-6,87210,보육시설 운영업,45323,45323,3,3,계속,계속,4088272403,92436951301,87210,보육시설 운영업
2547038,0,광주동구시니어클럽(시니어교통안전데이터조사단),61489,광주 동구 양림로 105-6,75999,그 외 기타 분류 안된 사업지원 서비스업,45323,45323,11,12,계속,계속,4088272403,92436951431,75999,그 외 기타 분류 안된 사업지원 서비스업
2547039,0,광주동구시니어클럽(시니어금융업무지원단),61489,광주 동구 양림로 105-6,75999,그 외 기타 분류 안된 사업지원 서비스업,45323,45323,19,19,계속,계속,4088272403,92436951461,75999,그 외 기타 분류 안된 사업지원 서비스업
2547070,0,전남재료사,61481,광주 동구 충장로 33,33110,귀금속 및 관련제품 제조업,45328,45328,1,1,계속,계속,4081371261,92436955991,33110,귀금속 및 관련제품 제조업
2547848,0,광주동구시니어클럽클린환경(동구키즈클린),61489,광주 동구 양림로 105-6,74212,산업설비,,,,,,,,,,
2548235,1,현대주택관리광주고등법원,61441,광주 동구 준법로 7-12,,,45355,,1,0,계속,,4088116476,92437117321,,
2548448,0,동남구을 선거구 국회의원 예비 후보자 사무소,61454,광주 동구 남문로 752-3,94920,정치 단체,45279,45279,1,1,계속,계속,5555555555,92437150431,94920,정치 단체
2548820,0,신호개발,61446,광주광역시 동구 무등로 548,74220,소독,,,,,,,,,,
2549091,0,지엠북(만복서점),61439,광주 동구 밤실로 51-2,47611,서적,,,,,,,,,,
2549354,0,(사)대한노인회동구지회(노인일자리),61468,광주 동구 서남로 14,75999,그 외 기타 분류 안된 사업지원 서비스업,45323,45323,31,31,계속,계속,4088214612,92437268141,75999,그 외 기타 분류 안된 사업지원 서비스업
2550649,0,서강종합상사,61448,광주 동구 필문대로273번길 29,18111,경 인쇄업,45376,45376,1,1,계속,계속,1271442170,92437439231,18111,경 인쇄업
2551515,1,민기 - 한국아델리움,61489,광주 동구,,,45373,,2,0,계속,,8378800389,92437539641,,
2552357,0,에이엘아카데미(ALacademy)학원,61507,광주광역시 동구 화산로335번길 7,85501,일반 교과 학원,45353,45353,1,1,계속,계속,4759601263,92437637671,85501,일반 교과 학원
2553160,0,지원마을에너지전환연대,61496,광주광역시 동구 학소로106번길 13-1,94990,그 외 기타 협회 및 단체,45383,45383,1,1,계속,계속,2578001820,92437717851,94990,그 외 기타 협회 및 단체
2554167,0,대성에셋(유),61465,광주광역시 동구 제봉로 92,68122,비주거용 건물 개발 및 공급업,45413,45413,2,2,계속,계속,1698700523,92437825991,68122,비주거용 건물 개발 및 공급업
2554296,0,주식회사고차이나,61472,광주광역시 동구 중앙로 191,75210,여행사업,45393,45393,1,1,계속,계속,4088149230,92437840471,75210,여행사업
2554462,0,인재육성아카데미평생교육원,61478,광주 동구 천변우로 335,85699,그 외 기타 분류 안된 교육기관,42005,42005,1,1,계속,계속,4088221883,92437863351,85699,그 외 기타 분류 안된 교육기관
2555055,0,씨유광주랜드마크점,61487,광주광역시 동구 서석로 44,47122,체인화 편의점,45170,45170,8,8,계속,계속,4101689668,92437933941,47122,체인화 편의점
2555423,0,다선,61493,광주 동구 증심사길 25,56111,한식 일반 음식점업,41913,41913,1,1,계속,계속,4081858981,92437968051,56111,한식 일반 음식점업
2555685,0,사회적협동조합여로(일상돌봄),61489,광주광역시 동구 양림로119번길 7,87299,그 외 기타 비거주 복지 서비스업,45414,45414,2,4,계속,계속,7828200578,92437999201,87299,그 외 기타 비거주 복지 서비스업
2556198,0,주식회사 큐로드  광주지점,61475,광주 동구 금남로 245,58211,유선 온라인 게임 소프트웨어 개발 및 공급업,45440,45440,41,41,계속,계속,1208824018,92438062281,58211,유선 온라인 게임 소프트웨어 개발 및 공급업
2556421,0,오픈클래식(OpenClassic),61461,광주광역시 동구  증심천로 121,85699,그 외 기타 분류 안된 교육기관,43473,43473,1,1,계속,계속,4287500166,92438092801,85699,그 외 기타 분류 안된 교육기관
2556461,0,협동조합정향,61487,광주광역시 동구 문화전당로35번길 5-9,70209,기타 인문 및 사회과학 연구개발업,44319,44319,2,2,계속,계속,2678702000,92438100141,70209,기타 인문 및 사회과학 연구개발업
2557326,0,유한회사 지원이앤씨,61477,광주광역시 동구 독립로226번길 11,41999,건설업본사,45444,45444,1,2,계속,계속,5548100210,92438233341,41999,건설업본사
2557448,0,주식회사동강개발,61426,광주 동구 구성로 219,68129,기타 부동산 개발 및 공급업,45444,45444,2,2,계속,계속,5168601847,92438246301,68129,기타 부동산 개발 및 공급업
2557502,0,커피캣,61475,광주 동구 금남로 245,58211,유선 온라인 게임 소프트웨어 개발 및 공급업,45077,45077,4,4,계속,계속,5841002072,92438253451,58211,유선 온라인 게임 소프트웨어 개발 및 공급업
2557864,0,포튼가먼트광주점,61484,광주광역시 동구 천변우로 393-3,14111,남자용 겉옷 제조업,45444,45444,1,1,계속,계속,4975000719,92438294311,14111,남자용 겉옷 제조업
2557884,0,방탈출카페 머더파커 광주점,61483,광주광역시 동구 충장로안길 14,91229,기타 오락장 운영업,45435,45435,1,1,계속,계속,4892500808,92438299351,91229,기타 오락장 운영업
2557910,0,주식회사 크라프솔루션,61436,광주광역시 동구 동계천로 150,27215,기기용 자동측정 및 제어장치 제조업,45457,45457,1,1,계속,계속,6208803018,92438302831,27215,기기용 자동측정 및 제어장치 제조업
2557984,0,하이타이드,61465,광주 동구 제봉로98번길 5,56221,커피 전문점,45416,45416,1,1,계속,계속,5784601121,92438317651,56221,커피 전문점
2558390,0,에스피시방(S_PC방),61460,광주 동구 의재로 77,91222,컴퓨터 게임방 운영업,44805,44805,2,2,계속,계속,1160314187,92438389261,91222,컴퓨터 게임방 운영업
2558514,0,바르게살기온동광주동구협의회,61475,광주광역시 동구 금남로 231,94990,그 외 기타 협회 및 단체,45470,45470,1,1,계속,계속,4088210765,92438417841,94990,그 외 기타 협회 및 단체
2559946,0,윤아트,61429,광주광역시 동구 동계천로 77,73301,인물사진 및 행사용 영상 촬영업,45314,45314,3,3,계속,계속,4081844037,92438622681,73301,인물사진 및 행사용 영상 촬영업
2560062,0,국자,61468,광주광역시 동구 백서로166번길 5-12,56111,한식 일반 음식점업,45444,45444,2,2,계속,계속,7870302519,92438638251,56111,한식 일반 음식점업
2560607,0,(사)광주전남벤처기업협회,61474,광주광역시 동구 중앙로 214,94990,그 외 기타 협회 및 단체,45488,45488,1,1,계속,계속,4108220378,92438729091,94990,그 외 기타 협회 및 단체
2561067,0,목송산업개발(주) 두암타운 아파트,61408,광주광역시 동구 밤실로 147,68211,주거용 부동산 관리업,45505,45505,35,35,계속,계속,4098132561,92438809881,68211,주거용 부동산 관리업
2561993,0,월넛투광주점,61470,광주광역시 동구 독립로 268,47221,빵류,,,,,,,,,,
2562699,0,화성 스토어,61484,광주 동구 중앙로160번길 22,47640,게임용구,,,,,,,,,,
2562865,0,법률사무소로담,61445,광주광역시 동구 지산로63번길 2,71101,변호사업,45536,45536,1,1,계속,계속,4907200194,92439044601,71101,변호사업
2562931,0,꽃담,61472,광주광역시 동구 금남로 193-7,56111,한식 일반 음식점업,45537,45537,2,2,계속,계속,4081913768,92439053961,56111,한식 일반 음식점업
2563619,1,주식회사케이비개발/금남로 유탑 유블레스 오피스텔,61479,광주광역시 동구 천변우로 361-21,,,45547,,1,0,계속,,4108705616,92439147051,,
2564102,0,제일식육점,61442,광주광역시 동구 밤실로 30,46313,육류 도매업,45509,45509,1,1,계속,계속,4089949216,92439229671,46313,육류 도매업
2564771,1,(주)에이리스트코퍼레이션(롯데백화점 광주점 월넛투),61470,광주 동구 독립로  268,,,45103,,1,0,계속,,2208881487,92439322661,,
2564897,0,대인수산시장주차B/D,61427,광주 동구 제봉로178번길 11,52915,주차장 운영업,43549,43549,1,1,계속,계속,4080456856,92439336711,52915,주차장 운영업
2565228,0,컴포즈커피 계림 그랜드점,61422,광주광역시 동구 경양로 237,56221,커피 전문점,45537,45537,5,5,계속,계속,4742900838,92439375681,56221,커피 전문점
2565494,0,스펀지충장로2호점,61483,광주 동구 충장로 94-7,46522,통신,,,,,,,,,,
2566037,0,세진시스템,61432,광주광역시 동구 동명로 63-34,47312,통신기기 소매업,45597,45597,1,1,계속,계속,1337800459,92439531371,47312,통신기기 소매업
2566241,0,은하수,61488,광주 동구 백서로125번길 23,18111,경 인쇄업,45597,45597,3,3,계속,계속,4101635726,92439571611,18111,경 인쇄업
2566462,0,로뎀의집(아동그룹홈),61406,광주광역시 동구 무등로 451,87131,아동 및 부녀자 거주 복지시설 운영업,45597,45597,2,2,계속,계속,4088006855,92439602731,87131,아동 및 부녀자 거주 복지시설 운영업
2567830,1,강봉석조청 주식회사 농업회사법인(롯데백화점 광주점),61470,광주 동구 독립로 268,,,45607,,1,0,계속,,3038152065,92439816331,,
2568132,1,민기 - 파랑새빌딩,61486,광주 동구 문화전당로26번길 6,,,45617,,6,0,계속,,8378800389,92439854691,,
2568371,0,백소정충장로점,61483,광주 동구 충장로안길 16,56122,일식 음식점업,45139,45139,11,11,계속,계속,5901102147,92439883321,56122,일식 음식점업
2569596,0,리안소프트 주식회사,61436,광주 동구 동계천로 150,58222,응용 소프트웨어 개발 및 공급업,45413,45413,0,0,계속,계속,5448803053,92500391027,58222,응용 소프트웨어 개발 및 공급업
2569748,1,하복로지스(노무제공자),61420,광주 동구 중앙로  313,,,45108,,0,0,계속,,6255400739,92500540357,,
2570351,0,(주)유비스,61436,광주 동구 동계천로 150,58221,시스템 소프트웨어 개발 및 공급업,45108,45292,0,0,계속,계속,4088167577,92501249157,58221,시스템 소프트웨어 개발 및 공급업
2573772,1,대양타일(주),61419,광주 동구 독립로  350,,,45108,,0,0,계속,,4098138833,92504488637,,
2575736,0,사회적협동조합 학교야놀자 계림점/노무제공자,61420,광주 동구 중앙로 317 (계림동),85709,기타 교육지원 서비스업,45666,45666,1,1,계속,계속,6258200668,92506831557,85709,기타 교육지원 서비스업
2575781,0,학교야놀자 계림효동중흥/노무제공자,61420,광주 동구 중앙로 317 (계림동),85699,그 외 기타 분류 안된 교육기관,45265,45292,0,0,계속,계속,7350902577,92506870447,85699,그 외 기타 분류 안된 교육기관
2575907,1,모두사랑교육,61421,광주 동구 독립로  338,,,45108,,0,0,계속,,1149553118,92507010857,,
2576084,2,주식회사 무당벌레필름/예술인,61449,광주광역시 동구 필문대로295번길 1-20,59111,일반 영화 및 비디오물 제작업,,45717,0,,,계속,,92507250767,59111,일반 영화 및 비디오물 제작업
2576275,1,성호기초,61499,광주 동구 남문로  589,,,45108,,0,0,계속,,3256900361,92507494847,,
2576487,2,한국화동질성전/예술인,61432,광주 동구 동명로67번길 32-9,90199,그 외 기타 창작 및 예술관련 서비스업,,45809,0,0,,계속,,92507834527,90199,그 외 기타 창작 및 예술관련 서비스업
2577452,2,신도건설(유)/노무제공자,61472,광주 동구 금남로 181,42600,건설장비 운영업,,45292,0,0,,계속,4118140462,92509290287,42600,건설장비 운영업
2577674,1,유한회사제이씨물류-화물운송,61514,광주 동구 남문로  307,,,45119,,0,0,계속,,7128603012,92509652827,,
2578662,2,예술공간집/예술인,61431,광주광역시 동구 제봉로158번길 11-5,90221,박물관 운영업,,45717,0,,,계속,,92510796167,90221,박물관 운영업
2580443,1,(주)본디자인-화물운송,61445,광주 동구 지호로  11,,,45108,,0,0,계속,,4108182474,92512843497,,
2581417,2,사단법인 광주한진옥류호남검무보존회/예술인,61463,광주 동구 남문로 690,90122,무용 및 음악단체,,45931,0,0,,계속,,92514103367,90122,무용 및 음악단체
2583635,0,건축사사무소늘(근로),61478,광주광역시 동구 천변우로 339,72111,건축설계 및 관련 서비스업,45537,45537,2,2,계속,계속,3291600523,92540068891,72111,건축설계 및 관련 서비스업
2584038,0,사회적협동조합여로(사회적약자 병원동행서비스),61488,광주광역시 동구 백서로125번길 5,87299,그 외 기타 비거주 복지 서비스업,45663,45663,40,40,계속,계속,7828200578,92540102411,87299,그 외 기타 비거주 복지 서비스업
2584065,0,코끼리협동조합(광주청년센터),61475,광주광역시 동구 예술길 38,75999,그 외 기타 분류 안된 사업지원 서비스업,45658,45658,13,13,계속,계속,4228100102,92540103971,75999,그 외 기타 분류 안된 사업지원 서비스업
2584399,0,서일개발(주)/한화생명 광주,61427,광주광역시 동구 중앙로 223,68212,비주거용 부동산 관리업,45658,45658,17,17,계속,계속,2158112581,92540126181,68212,비주거용 부동산 관리업
2584458,0,광주동구지역자활센터(동구리),61475,광주광역시 동구 금남로 231,87299,그 외 기타 비거주 복지 서비스업,45658,45658,4,4,계속,계속,4088211857,92540130261,87299,그 외 기타 비거주 복지 서비스업
2585600,0,두리정보통신,61482,광주광역시 동구 금남로 246,47312,통신기기 소매업,45659,45659,2,2,계속,계속,4081830741,92540216131,47312,통신기기 소매업
2586186,0,광주동구시니어클럽(무등시니어유통),61489,광주 동구 양림로 105-6,28519,기타 가정용 전기기기 제조업,45674,45674,13,13,계속,계속,4088276199,92540273101,28519,기타 가정용 전기기기 제조업
2586208,0,이룸인테리어,61409,광주 동구 밤실로 150,41999,건설업본사,45659,45659,1,1,계속,계속,6660102159,92540276451,41999,건설업본사
2587296,0,광주동구지역자활센터(우리함께),61475,광주광역시 동구 금남로 231,33999,그 외 기타 달리 분류되지 않은 제품 제조업,45691,45691,5,5,계속,계속,4088211857,92540381361,33999,그 외 기타 달리 분류되지 않은 제품 제조업
2587310,0,광주동구시니어클럽(마을주거수리콜센터),61489,광주광역시 동구 양림로 105-6,75999,그 외 기타 분류 안된 사업지원 서비스업,45689,45689,6,6,계속,계속,4088272403,92540382351,75999,그 외 기타 분류 안된 사업지원 서비스업
2587321,0,광주동구시니어클럽(시니어고독사예방안부똑똑서비스),61489,광주광역시 동구 양림로 105-6,87293,방문 복지서비스 제공업,45689,45689,26,26,계속,계속,4088272403,92540383151,87293,방문 복지서비스 제공업
2587329,0,광주동구시니어클럽(동구100년홍보단),61489,광주광역시 동구 양림로 105-6,75999,그 외 기타 분류 안된 사업지원 서비스업,45689,45689,10,10,계속,계속,4088272403,92540383961,75999,그 외 기타 분류 안된 사업지원 서비스업
2587337,0,광주동구시니어클럽(사회서비스품질모니터링),61489,광주광역시 동구 양림로 105-6,75999,그 외 기타 분류 안된 사업지원 서비스업,45689,45689,6,6,계속,계속,4088272403,92540384481,75999,그 외 기타 분류 안된 사업지원 서비스업
2587576,0,주식회사퍼스트인-동방의원,61437,광주광역시 동구 밤실로 85,74211,건축물 일반 청소업,45689,45689,1,1,계속,계속,1378655403,92540403341,74211,건축물 일반 청소업
2588252,0,손길갤러리,61433,광주광역시 동구 경양로 362-1,14130,한복 제조업,45691,45691,1,1,계속,계속,4080887056,92540463131,14130,한복 제조업
2588548,0,부보상,61436,광주광역시 동구 장동로 23-11,56111,한식 일반 음식점업,45658,45658,1,1,계속,계속,7741702451,92540500201,56111,한식 일반 음식점업
2589645,0,다온스토리CAFE,61447,광주 동구 밤실로4번길 39,56221,커피 전문점,45726,45726,1,1,계속,계속,4092893675,92540650081,56221,커피 전문점
2590147,0,(주)아진푸드,61482,광주 동구 서석로 51,56161,피자,,,,,,,,,,
2590678,0,(주)세무연합보험대리점,61478,광주광역시 동구 천변우로 339,66202,보험 대리 및 중개업,45306,45306,1,1,계속,계속,4098161159,92540752011,66202,보험 대리 및 중개업
2591173,0,더시그니처,61419,광주광역시 동구 중흥로209번길 8,90191,공연 기획업,45566,45566,1,1,계속,계속,7271702381,92540807021,90191,공연 기획업
2591973,0,현옥국밥,61504,광주광역시 동구 남문로 551,56111,한식 일반 음식점업,45747,45747,1,1,계속,계속,4081820656,92540908161,56111,한식 일반 음식점업
2593656,0,유한회사 디커,61483,광주광역시 동구 충장로 70-1,47631,운동 및 경기용품 소매업,45748,45748,2,2,계속,계속,3028701508,92541085171,47631,운동 및 경기용품 소매업
2593669,0,노런드리 컴퍼니,61475,광주광역시 동구 금남로 245,90199,그 외 기타 창작 및 예술관련 서비스업,45762,45762,1,1,계속,계속,8750602893,92541086061,90199,그 외 기타 창작 및 예술관련 서비스업
2596175,0,백금비요리학원,61474,광주광역시 동구 서석로85번길 8-14,85669,기타 기술 및 직업훈련학원,45784,45784,1,1,계속,계속,4089158908,92541369861,85669,기타 기술 및 직업훈련학원
2597595,0,성창귀뚜라미홈시스,61439,광주광역시 동구 필문대로 199-2,47511,철물 및 난방용구 소매업,45748,45748,1,1,계속,계속,4081676568,92541557571,47511,철물 및 난방용구 소매업
2598154,0,1995헤르츠(Hz),61477,광주광역시 동구 독립로226번길 21,75992,전시,,,,,,,,,,
2599329,0,더쉴&애드家,61464,광주광역시 동구 남문로 667,33910,간판 및 광고물 제조업,45817,45817,1,1,계속,계속,4081446468,92541790711,33910,간판 및 광고물 제조업
2599447,0,(사)정나눔,61498,광주광역시 동구 남문로622번길 7-11,87111,노인 요양 복지시설 운영업,45834,45834,5,5,계속,계속,4088220773,92541806921,87111,노인 요양 복지시설 운영업
2599943,0,빅스비스터디카페조선대점,61449,광주 동구 필문대로273번길 32,90212,독서실 운영업,45839,45839,1,1,계속,계속,5090862061,92541873631,90212,독서실 운영업
2600224,0,마리오셰프광주동명점,61436,광주 동구 백서로 238,56123,서양식 음식점업,45839,45839,3,3,계속,계속,2242070736,92541906071,56123,서양식 음식점업
2600913,0,달쌤키친 단체도시락전문 광주본점,61476,광주광역시 동구 금남로 170-32,56199,간이음식 포장 판매 전문점,45845,45845,1,1,계속,계속,2821700217,92542013261,56199,간이음식 포장 판매 전문점
2602713,0,레이트에이엠(LATE A.M),61465,광주광역시 동구 제봉로98번길 11,56123,서양식 음식점업,45851,45851,3,3,계속,계속,8142401914,92542292491,56123,서양식 음식점업
2603113,0,낙원문화사,61468,광주광역시 동구 서남로 6,18119,기타 인쇄업,45870,45870,4,4,계속,계속,4081245150,92542340501,18119,기타 인쇄업
2603648,0,주식회사 좋은날에,61440,광주 동구 필문대로 209,73301,인물사진 및 행사용 영상 촬영업,45894,45894,1,1,계속,계속,1898602950,92542413671,73301,인물사진 및 행사용 영상 촬영업
2603941,0,이마트24조선대자연대점,61452,광주광역시 동구 조선대3길 30,47122,체인화 편의점,45901,45901,4,4,계속,계속,2288501981,92542454251,47122,체인화 편의점
2604305,0,코리아바이오텍,61453,광주광역시 동구 필문대로 309-1,10833,장류 제조업,45901,45901,4,4,계속,계속,4080497600,92542501521,10833,장류 제조업
2604992,0,호남스포츠클럽(유),61487,광주 동구 백서로125번길  34-2,91133,수영장 운영업,45811,45811,8,8,계속,계속,8888802992,92542574071,91133,수영장 운영업
2606471,0,청춘광고기획,61449,광주광역시 동구 필문대로287번길 29,73203,시각 디자인업,45945,45945,3,3,계속,계속,2920701140,92542752341,73203,시각 디자인업
2606518,0,알토란과일장터,61508,광주광역시 동구 용산4길 5,46311,과실류 도매업,45901,45901,2,2,계속,계속,4119957686,92542756661,46311,과실류 도매업
2607615,0,키움유통(자연의아침),61462,광주광역시 동구 의재로 46,47121,슈퍼마켓,45901,45901,1,1,계속,계속,3290501754,92542913451,47121,슈퍼마켓
2607738,0,성용,61503,광주광역시 동구 소태길3번길 48,18111,경 인쇄업,45932,45932,7,7,계속,계속,4710502850,92542933321,18111,경 인쇄업
2607814,0,천일인쇄,61488,광주광역시 동구 문화전당로23번길 31,18113,오프셋 인쇄업,45953,45953,4,4,계속,계속,4080235162,92542944691,18113,오프셋 인쇄업
2608299,0,주식회사 오프로젝트_몽블랑핸즈 광주,61470,광주광역시 동구 독립로 268,56150,제과점업,45748,45748,1,1,계속,계속,7178601697,92542998361,56150,제과점업
2609416,0,슈슈,61487,광주광역시 동구 백서로125번길 10,18111,경 인쇄업,45978,45978,4,4,계속,계속,4081633346,92543136191,18111,경 인쇄업
2610045,0,공간맑음,61477,광주 동구 충장로22번길 14,74211,건축물 일반 청소업,45973,45973,9,9,계속,계속,3521102278,92543207051,74211,건축물 일반 청소업
2610099,0,디자인씽커스,61466,광주 동구 백서로 199,75992,전시,,,,,,,,,,
2611102,1,B마트 광주서구점,61483,광주 동구 충장로 90,,,46013,,5,0,계속,,4178700193,92543340361,,
